timestamp,time_s,line_index,rx,raw,ball,target,vel,cmd,rod,lost,run,raw_text
2026-08-01 06:02:36.226265,0.000,1,2019.000,-193.000,109.000,0.000,15.000,42.000,42.000,0.000,1.000,"2019,-193,109,0,15,42,42,0,1"
2026-08-01 06:02:36.328769,0.102,2,2037.000,-169.000,137.000,0.000,14.000,66.000,66.000,0.000,1.000,"2037,-169,137,0,14,66,66,0,1"
2026-08-01 06:02:36.431101,0.205,3,2055.000,-109.000,178.000,0.000,17.000,80.000,80.000,0.000,1.000,"2055,-109,178,0,17,80,80,0,1"
2026-08-01 06:02:36.533506,0.307,4,2070.000,-73.000,218.000,0.000,18.000,80.000,80.000,0.000,1.000,"2070,-73,218,0,18,80,80,0,1"
2026-08-01 06:02:36.636247,0.410,5,2085.000,-37.000,259.000,0.000,19.000,80.000,80.000,0.000,1.000,"2085,-37,259,0,19,80,80,0,1"
2026-08-01 06:02:36.740153,0.514,6,2100.000,-13.000,293.000,0.000,18.000,80.000,80.000,0.000,1.000,"2100,-13,293,0,18,80,80,0,1"
2026-08-01 06:02:36.841774,0.616,7,2112.000,24.000,326.000,0.000,17.000,80.000,80.000,0.000,1.000,"2112,24,326,0,17,80,80,0,1"
2026-08-01 06:02:36.945622,0.719,8,2124.000,48.000,356.000,0.000,16.000,80.000,80.000,0.000,1.000,"2124,48,356,0,16,80,80,0,1"
2026-08-01 06:02:37.047107,0.821,9,2136.000,72.000,377.000,0.000,13.000,80.000,80.000,0.000,1.000,"2136,72,377,0,13,80,80,0,1"
2026-08-01 06:02:37.149918,0.924,10,2148.000,96.000,400.000,0.000,13.000,80.000,80.000,0.000,1.000,"2148,96,400,0,13,80,80,0,1"
2026-08-01 06:02:37.252699,1.026,11,2162.000,108.000,420.000,0.000,11.000,80.000,80.000,0.000,1.000,"2162,108,420,0,11,80,80,0,1"
2026-08-01 06:02:37.355403,1.129,12,2175.000,96.000,426.000,0.000,7.000,80.000,80.000,0.000,1.000,"2175,96,426,0,7,80,80,0,1"
2026-08-01 06:02:37.458471,1.232,13,2187.000,96.000,426.000,0.000,4.000,80.000,80.000,0.000,1.000,"2187,96,426,0,4,80,80,0,1"
2026-08-01 06:02:37.561057,1.335,14,2199.000,96.000,424.000,0.000,2.000,80.000,80.000,0.000,1.000,"2199,96,424,0,2,80,80,0,1"
2026-08-01 06:02:37.664260,1.438,15,2211.000,84.000,421.000,0.000,0.000,80.000,80.000,0.000,1.000,"2211,84,421,0,0,80,80,0,1"
2026-08-01 06:02:37.766191,1.540,16,2223.000,72.000,410.000,0.000,-2.000,80.000,80.000,0.000,1.000,"2223,72,410,0,-2,80,80,0,1"
2026-08-01 06:02:37.870335,1.644,17,2235.000,72.000,406.000,0.000,-2.000,80.000,80.000,0.000,1.000,"2235,72,406,0,-2,80,80,0,1"
2026-08-01 06:02:37.972403,1.746,18,2247.000,72.000,404.000,0.000,-1.000,80.000,80.000,0.000,1.000,"2247,72,404,0,-1,80,80,0,1"
2026-08-01 06:02:38.074439,1.848,19,2259.000,72.000,400.000,0.000,-1.000,80.000,80.000,0.000,1.000,"2259,72,400,0,-1,80,80,0,1"
2026-08-01 06:02:38.177758,1.951,20,2271.000,72.000,399.000,0.000,0.000,80.000,80.000,0.000,1.000,"2271,72,399,0,0,80,80,0,1"
2026-08-01 06:02:38.279717,2.053,21,2283.000,60.000,394.000,0.000,-1.000,80.000,80.000,0.000,1.000,"2283,60,394,0,-1,80,80,0,1"
2026-08-01 06:02:38.382542,2.156,22,2295.000,60.000,396.000,0.000,0.000,80.000,80.000,0.000,1.000,"2295,60,396,0,0,80,80,0,1"
2026-08-01 06:02:38.484929,2.259,23,2304.000,60.000,393.000,0.000,0.000,80.000,80.000,0.000,1.000,"2304,60,393,0,0,80,80,0,1"
2026-08-01 06:02:38.588993,2.363,24,2315.000,60.000,389.000,0.000,-1.000,80.000,80.000,0.000,1.000,"2315,60,389,0,-1,80,80,0,1"
2026-08-01 06:02:38.690806,2.465,25,2327.000,60.000,387.000,0.000,0.000,80.000,80.000,0.000,1.000,"2327,60,387,0,0,80,80,0,1"
2026-08-01 06:02:38.793378,2.567,26,2339.000,60.000,386.000,0.000,0.000,80.000,80.000,0.000,1.000,"2339,60,386,0,0,80,80,0,1"
2026-08-01 06:02:38.896001,2.670,27,2351.000,48.000,385.000,0.000,0.000,80.000,80.000,0.000,1.000,"2351,48,385,0,0,80,80,0,1"
2026-08-01 06:02:38.999089,2.773,28,2363.000,60.000,388.000,0.000,0.000,80.000,80.000,0.000,1.000,"2363,60,388,0,0,80,80,0,1"
2026-08-01 06:02:39.101918,2.876,29,2375.000,48.000,383.000,0.000,-1.000,80.000,80.000,0.000,1.000,"2375,48,383,0,-1,80,80,0,1"
2026-08-01 06:02:39.204213,2.978,30,2387.000,48.000,386.000,0.000,0.000,80.000,80.000,0.000,1.000,"2387,48,386,0,0,80,80,0,1"
2026-08-01 06:02:39.306898,3.081,31,2399.000,60.000,386.000,0.000,0.000,80.000,80.000,0.000,1.000,"2399,60,386,0,0,80,80,0,1"
2026-08-01 06:02:39.409702,3.183,32,2411.000,48.000,382.000,0.000,0.000,80.000,80.000,0.000,1.000,"2411,48,382,0,0,80,80,0,1"
2026-08-01 06:02:39.513154,3.287,33,2423.000,48.000,385.000,0.000,0.000,80.000,80.000,0.000,1.000,"2423,48,385,0,0,80,80,0,1"
2026-08-01 06:02:39.616325,3.390,34,2435.000,48.000,381.000,0.000,0.000,80.000,80.000,0.000,1.000,"2435,48,381,0,0,80,80,0,1"
2026-08-01 06:02:39.718024,3.492,35,2447.000,48.000,380.000,0.000,0.000,80.000,80.000,0.000,1.000,"2447,48,380,0,0,80,80,0,1"
2026-08-01 06:02:42.993253,6.767,36,344.000,48.000,5.000,0.000,1.000,0.000,0.000,0.000,1.000,"344,48,5,0,1,0,0,0,1"
2026-08-01 06:02:43.096258,6.870,37,356.000,48.000,12.000,0.000,2.000,3.000,3.000,0.000,1.000,"356,48,12,0,2,3,3,0,1"
2026-08-01 06:02:43.199455,6.973,38,368.000,48.000,15.000,0.000,1.000,6.000,6.000,0.000,1.000,"368,48,15,0,1,6,6,0,1"
2026-08-01 06:02:43.301913,7.076,39,380.000,72.000,27.000,0.000,3.000,10.000,10.000,0.000,1.000,"380,72,27,0,3,10,10,0,1"
2026-08-01 06:02:43.405901,7.180,40,394.000,313.000,146.000,0.000,29.000,30.000,30.000,0.000,1.000,"394,313,146,0,29,30,30,0,1"
2026-08-01 06:02:43.507527,7.281,41,409.000,361.000,266.000,0.000,40.000,80.000,80.000,0.000,1.000,"409,361,266,0,40,80,80,0,1"
2026-08-01 06:02:43.611050,7.385,42,424.000,482.000,392.000,0.000,48.000,80.000,80.000,0.000,1.000,"424,482,392,0,48,80,80,0,1"
2026-08-01 06:02:43.713392,7.487,43,439.000,566.000,469.000,0.000,43.000,80.000,80.000,0.000,1.000,"439,566,469,0,43,80,80,0,1"
2026-08-01 06:02:43.816176,7.590,44,454.000,674.000,569.000,0.000,46.000,80.000,80.000,0.000,1.000,"454,674,569,0,46,80,80,0,1"
2026-08-01 06:02:43.918474,7.692,45,469.000,711.000,630.000,0.000,39.000,80.000,80.000,0.000,1.000,"469,711,630,0,39,80,80,0,1"
2026-08-01 06:02:44.021828,7.796,46,484.000,783.000,697.000,0.000,36.000,80.000,80.000,0.000,1.000,"484,783,697,0,36,80,80,0,1"
2026-08-01 06:02:44.123851,7.898,47,499.000,807.000,745.000,0.000,30.000,80.000,80.000,0.000,1.000,"499,807,745,0,30,80,80,0,1"
2026-08-01 06:02:44.227232,8.001,48,514.000,903.000,805.000,0.000,30.000,80.000,80.000,0.000,1.000,"514,903,805,0,30,80,80,0,1"
2026-08-01 06:02:44.329773,8.104,49,530.000,819.000,422.000,0.000,-42.000,80.000,80.000,0.000,1.000,"530,819,422,0,-42,80,80,0,1"
2026-08-01 06:02:44.432282,8.206,50,546.000,-784.000,72.000,0.000,-119.000,80.000,80.000,0.000,1.000,"546,-784,72,0,-119,80,80,0,1"
2026-08-01 06:02:44.534877,8.309,51,562.000,771.000,468.000,0.000,16.000,80.000,80.000,0.000,1.000,"562,771,468,0,16,80,80,0,1"
2026-08-01 06:02:44.637525,8.411,52,577.000,735.000,607.000,0.000,38.000,80.000,80.000,0.000,1.000,"577,735,607,0,38,80,80,0,1"
2026-08-01 06:02:44.741107,8.515,53,592.000,662.000,637.000,0.000,27.000,80.000,80.000,0.000,1.000,"592,662,637,0,27,80,80,0,1"
2026-08-01 06:02:44.842908,8.617,54,607.000,650.000,635.000,0.000,14.000,80.000,80.000,0.000,1.000,"607,650,635,0,14,80,80,0,1"
2026-08-01 06:02:44.946772,8.720,55,622.000,554.000,586.000,0.000,-3.000,80.000,80.000,0.000,1.000,"622,554,586,0,-3,80,80,0,1"
2026-08-01 06:02:45.048812,8.823,56,637.000,506.000,527.000,0.000,-14.000,80.000,80.000,0.000,1.000,"637,506,527,0,-14,80,80,0,1"
2026-08-01 06:02:45.151250,8.925,57,652.000,397.000,448.000,0.000,-25.000,80.000,80.000,0.000,1.000,"652,397,448,0,-25,80,80,0,1"
2026-08-01 06:02:45.254011,9.028,58,667.000,289.000,370.000,0.000,-31.000,80.000,80.000,0.000,1.000,"667,289,370,0,-31,80,80,0,1"
2026-08-01 06:02:45.357603,9.131,59,677.000,228.000,281.000,0.000,-37.000,80.000,80.000,0.000,1.000,"677,228,281,0,-37,80,80,0,1"
2026-08-01 06:02:45.459597,9.233,60,697.000,108.000,185.000,0.000,-41.000,80.000,80.000,0.000,1.000,"697,108,185,0,-41,80,80,0,1"
2026-08-01 06:02:45.562020,9.336,61,705.000,24.000,82.000,0.000,-45.000,80.000,80.000,0.000,1.000,"705,24,82,0,-45,80,80,0,1"
2026-08-01 06:02:45.664753,9.438,62,719.000,-73.000,-14.000,0.000,-46.000,80.000,80.000,0.000,1.000,"719,-73,-14,0,-46,80,80,0,1"
2026-08-01 06:02:45.767784,9.542,63,736.000,-169.000,-113.000,0.000,-47.000,53.000,53.000,0.000,1.000,"736,-169,-113,0,-47,53,53,0,1"
2026-08-01 06:02:45.870351,9.644,64,754.000,-254.000,-204.000,0.000,-46.000,-23.000,-23.000,0.000,1.000,"754,-254,-204,0,-46,-23,-23,0,1"
2026-08-01 06:02:45.974803,9.749,65,772.000,-362.000,-307.000,0.000,-48.000,-80.000,-80.000,0.000,1.000,"772,-362,-307,0,-48,-80,-80,0,1"
2026-08-01 06:02:46.078142,9.852,66,790.000,-434.000,-393.000,0.000,-45.000,-80.000,-80.000,0.000,1.000,"790,-434,-393,0,-45,-80,-80,0,1"
2026-08-01 06:02:46.182382,9.956,67,808.000,-507.000,-471.000,0.000,-42.000,-80.000,-80.000,0.000,1.000,"808,-507,-471,0,-42,-80,-80,0,1"
2026-08-01 06:02:46.285857,10.060,68,826.000,-555.000,-537.000,0.000,-38.000,-80.000,-80.000,0.000,1.000,"826,-555,-537,0,-38,-80,-80,0,1"
2026-08-01 06:02:46.388895,10.163,69,844.000,-591.000,-583.000,0.000,-31.000,-80.000,-80.000,0.000,1.000,"844,-591,-583,0,-31,-80,-80,0,1"
2026-08-01 06:02:46.493119,10.267,70,862.000,-627.000,-621.000,0.000,-25.000,-80.000,-80.000,0.000,1.000,"862,-627,-621,0,-25,-80,-80,0,1"
2026-08-01 06:02:46.596711,10.370,71,880.000,-603.000,-628.000,0.000,-16.000,-80.000,-80.000,0.000,1.000,"880,-603,-628,0,-16,-80,-80,0,1"
2026-08-01 06:02:46.701272,10.475,72,898.000,-579.000,-623.000,0.000,-7.000,-80.000,-80.000,0.000,1.000,"898,-579,-623,0,-7,-80,-80,0,1"
2026-08-01 06:02:46.805354,10.579,73,916.000,-579.000,-615.000,0.000,-2.000,-80.000,-80.000,0.000,1.000,"916,-579,-615,0,-2,-80,-80,0,1"
2026-08-01 06:02:46.909213,10.683,74,934.000,-555.000,-598.000,0.000,2.000,-80.000,-80.000,0.000,1.000,"934,-555,-598,0,2,-80,-80,0,1"
2026-08-01 06:02:47.012673,10.786,75,952.000,-495.000,-564.000,0.000,8.000,-80.000,-80.000,0.000,1.000,"952,-495,-564,0,8,-80,-80,0,1"
2026-08-01 06:02:47.116509,10.890,76,970.000,-434.000,-510.000,0.000,16.000,-80.000,-80.000,0.000,1.000,"970,-434,-510,0,16,-80,-80,0,1"
2026-08-01 06:02:47.220181,10.994,77,988.000,-386.000,-456.000,0.000,20.000,-80.000,-80.000,0.000,1.000,"988,-386,-456,0,20,-80,-80,0,1"
2026-08-01 06:02:47.323012,11.097,78,1006.000,-314.000,-397.000,0.000,24.000,-80.000,-80.000,0.000,1.000,"1006,-314,-397,0,24,-80,-80,0,1"
2026-08-01 06:02:47.426565,11.200,79,1024.000,-205.000,-312.000,0.000,32.000,-80.000,-80.000,0.000,1.000,"1024,-205,-312,0,32,-80,-80,0,1"
2026-08-01 06:02:47.530367,11.304,80,1042.000,-109.000,-223.000,0.000,37.000,-80.000,-80.000,0.000,1.000,"1042,-109,-223,0,37,-80,-80,0,1"
2026-08-01 06:02:47.635769,11.409,81,1057.000,-25.000,-132.000,0.000,40.000,-80.000,-80.000,0.000,1.000,"1057,-25,-132,0,40,-80,-80,0,1"
2026-08-01 06:02:47.738584,11.512,82,1069.000,84.000,-33.000,0.000,44.000,-80.000,-80.000,0.000,1.000,"1069,84,-33,0,44,-80,-80,0,1"
2026-08-01 06:02:47.840935,11.615,83,1084.000,192.000,70.000,0.000,47.000,-80.000,-80.000,0.000,1.000,"1084,192,70,0,47,-80,-80,0,1"
2026-08-01 06:02:47.943566,11.717,84,1099.000,313.000,184.000,0.000,51.000,-6.000,-6.000,0.000,1.000,"1099,313,184,0,51,-6,-6,0,1"
2026-08-01 06:02:48.046495,11.820,85,1114.000,421.000,294.000,0.000,52.000,77.000,77.000,0.000,1.000,"1114,421,294,0,52,77,77,0,1"
2026-08-01 06:02:48.149287,11.923,86,1129.000,506.000,385.000,0.000,49.000,80.000,80.000,0.000,1.000,"1129,506,385,0,49,80,80,0,1"
2026-08-01 06:02:48.251686,12.025,87,1144.000,626.000,489.000,0.000,51.000,80.000,80.000,0.000,1.000,"1144,626,489,0,51,80,80,0,1"
2026-08-01 06:02:48.354335,12.128,88,1159.000,674.000,572.000,0.000,46.000,80.000,80.000,0.000,1.000,"1159,674,572,0,46,80,80,0,1"
2026-08-01 06:02:48.456827,12.231,89,1174.000,747.000,647.000,0.000,42.000,80.000,80.000,0.000,1.000,"1174,747,647,0,42,80,80,0,1"
2026-08-01 06:02:48.560246,12.334,90,1189.000,795.000,709.000,0.000,37.000,80.000,80.000,0.000,1.000,"1189,795,709,0,37,80,80,0,1"
2026-08-01 06:02:48.662595,12.436,91,1205.000,843.000,768.000,0.000,33.000,80.000,80.000,0.000,1.000,"1205,843,768,0,33,80,80,0,1"
2026-08-01 06:02:48.765238,12.539,92,1220.000,843.000,801.000,0.000,25.000,80.000,80.000,0.000,1.000,"1220,843,801,0,25,80,80,0,1"
2026-08-01 06:02:48.867749,12.641,93,1236.000,843.000,807.000,0.000,15.000,80.000,80.000,0.000,1.000,"1236,843,807,0,15,80,80,0,1"
2026-08-01 06:02:48.971782,12.746,94,1252.000,-820.000,225.000,0.000,-136.000,80.000,80.000,0.000,1.000,"1252,-820,225,0,-136,80,80,0,1"
2026-08-01 06:02:49.074970,12.849,95,1268.000,771.000,168.000,0.000,-68.000,80.000,80.000,0.000,1.000,"1268,771,168,0,-68,80,80,0,1"
2026-08-01 06:02:49.177180,12.951,96,1283.000,735.000,477.000,0.000,27.000,80.000,80.000,0.000,1.000,"1283,735,477,0,27,80,80,0,1"
2026-08-01 06:02:49.280058,13.054,97,1298.000,674.000,578.000,0.000,36.000,80.000,80.000,0.000,1.000,"1298,674,578,0,36,80,80,0,1"
2026-08-01 06:02:49.382457,13.156,98,1308.000,650.000,602.000,0.000,25.000,80.000,80.000,0.000,1.000,"1308,650,602,0,25,80,80,0,1"
2026-08-01 06:02:49.484855,13.259,99,1323.000,542.000,552.000,0.000,3.000,80.000,80.000,0.000,1.000,"1323,542,552,0,3,80,80,0,1"
2026-08-01 06:02:49.588921,13.363,100,1338.000,470.000,492.000,0.000,-11.000,80.000,80.000,0.000,1.000,"1338,470,492,0,-11,80,80,0,1"
2026-08-01 06:02:49.690596,13.464,101,1353.000,373.000,413.000,0.000,-23.000,80.000,80.000,0.000,1.000,"1353,373,413,0,-23,80,80,0,1"
2026-08-01 06:02:49.794316,13.568,102,1368.000,277.000,325.000,0.000,-32.000,80.000,80.000,0.000,1.000,"1368,277,325,0,-32,80,80,0,1"
2026-08-01 06:02:49.896348,13.670,103,1383.000,168.000,221.000,0.000,-40.000,80.000,80.000,0.000,1.000,"1383,168,221,0,-40,80,80,0,1"
2026-08-01 06:02:49.999055,13.773,104,1396.000,60.000,118.000,0.000,-45.000,80.000,80.000,0.000,1.000,"1396,60,118,0,-45,80,80,0,1"
2026-08-01 06:02:50.101676,13.875,105,1409.000,-25.000,23.000,0.000,-45.000,80.000,80.000,0.000,1.000,"1409,-25,23,0,-45,80,80,0,1"
2026-08-01 06:02:50.204891,13.979,106,1425.000,-133.000,-76.000,0.000,-47.000,80.000,80.000,0.000,1.000,"1425,-133,-76,0,-47,80,80,0,1"
2026-08-01 06:02:50.308668,14.082,107,1443.000,-218.000,-173.000,0.000,-47.000,3.000,3.000,0.000,1.000,"1443,-218,-173,0,-47,3,3,0,1"
2026-08-01 06:02:50.411067,14.185,108,1461.000,-338.000,-275.000,0.000,-48.000,-73.000,-73.000,0.000,1.000,"1461,-338,-275,0,-48,-73,-73,0,1"
2026-08-01 06:02:50.514150,14.288,109,1479.000,-410.000,-365.000,0.000,-46.000,-80.000,-80.000,0.000,1.000,"1479,-410,-365,0,-46,-80,-80,0,1"
2026-08-01 06:02:50.617744,14.391,110,1497.000,-483.000,-445.000,0.000,-43.000,-80.000,-80.000,0.000,1.000,"1497,-483,-445,0,-43,-80,-80,0,1"
2026-08-01 06:02:50.721629,14.495,111,1515.000,-555.000,-521.000,0.000,-40.000,-80.000,-80.000,0.000,1.000,"1515,-555,-521,0,-40,-80,-80,0,1"
2026-08-01 06:02:50.825271,14.599,112,1533.000,-603.000,-580.000,0.000,-36.000,-80.000,-80.000,0.000,1.000,"1533,-603,-580,0,-36,-80,-80,0,1"
2026-08-01 06:02:50.928803,14.703,113,1551.000,-627.000,-622.000,0.000,-29.000,-80.000,-80.000,0.000,1.000,"1551,-627,-622,0,-29,-80,-80,0,1"
2026-08-01 06:02:51.032655,14.806,114,1569.000,-627.000,-643.000,0.000,-20.000,-80.000,-80.000,0.000,1.000,"1569,-627,-643,0,-20,-80,-80,0,1"
2026-08-01 06:02:51.136441,14.910,115,1587.000,-627.000,-651.000,0.000,-13.000,-80.000,-80.000,0.000,1.000,"1587,-627,-651,0,-13,-80,-80,0,1"
2026-08-01 06:02:51.239750,15.013,116,1605.000,-603.000,-646.000,0.000,-6.000,-80.000,-80.000,0.000,1.000,"1605,-603,-646,0,-6,-80,-80,0,1"
2026-08-01 06:02:51.345342,15.119,117,1623.000,-579.000,-625.000,0.000,0.000,-80.000,-80.000,0.000,1.000,"1623,-579,-625,0,0,-80,-80,0,1"
2026-08-01 06:02:51.448764,15.222,118,1641.000,-555.000,-602.000,0.000,5.000,-80.000,-80.000,0.000,1.000,"1641,-555,-602,0,5,-80,-80,0,1"
2026-08-01 06:02:51.550361,15.324,119,1659.000,-507.000,-568.000,0.000,10.000,-80.000,-80.000,0.000,1.000,"1659,-507,-568,0,10,-80,-80,0,1"
2026-08-01 06:02:51.654657,15.428,120,1677.000,-410.000,-505.000,0.000,19.000,-80.000,-80.000,0.000,1.000,"1677,-410,-505,0,19,-80,-80,0,1"
2026-08-01 06:02:51.757704,15.531,121,1695.000,-362.000,-451.000,0.000,23.000,-80.000,-80.000,0.000,1.000,"1695,-362,-451,0,23,-80,-80,0,1"
2026-08-01 06:02:51.861550,15.635,122,1713.000,-278.000,-382.000,0.000,28.000,-80.000,-80.000,0.000,1.000,"1713,-278,-382,0,28,-80,-80,0,1"
2026-08-01 06:02:51.965164,15.739,123,1731.000,-169.000,-293.000,0.000,35.000,-80.000,-80.000,0.000,1.000,"1731,-169,-293,0,35,-80,-80,0,1"
2026-08-01 06:02:52.070333,15.844,124,1748.000,-85.000,-204.000,0.000,39.000,-80.000,-80.000,0.000,1.000,"1748,-85,-204,0,39,-80,-80,0,1"
2026-08-01 06:02:52.174059,15.948,125,1761.000,24.000,-107.000,0.000,44.000,-80.000,-80.000,0.000,1.000,"1761,24,-107,0,44,-80,-80,0,1"
2026-08-01 06:02:52.277625,16.051,126,1775.000,144.000,0.000,0.000,48.000,-80.000,-80.000,0.000,1.000,"1775,144,0,0,48,-80,-80,0,1"
2026-08-01 06:02:52.379939,16.154,127,1790.000,349.000,145.000,0.000,60.000,-64.000,-64.000,0.000,1.000,"1790,349,145,0,60,-64,-64,0,1"
2026-08-01 06:02:52.483501,16.257,128,1805.000,373.000,239.000,0.000,55.000,26.000,26.000,0.000,1.000,"1805,373,239,0,55,26,26,0,1"
2026-08-01 06:02:52.586899,16.361,129,1820.000,494.000,349.000,0.000,55.000,80.000,80.000,0.000,1.000,"1820,494,349,0,55,80,80,0,1"
2026-08-01 06:02:52.689722,16.463,130,1835.000,578.000,452.000,0.000,53.000,80.000,80.000,0.000,1.000,"1835,578,452,0,53,80,80,0,1"
2026-08-01 06:02:52.792238,16.566,131,1850.000,699.000,560.000,0.000,54.000,80.000,80.000,0.000,1.000,"1850,699,560,0,54,80,80,0,1"
2026-08-01 06:02:52.894394,16.668,132,1865.000,747.000,633.000,0.000,46.000,80.000,80.000,0.000,1.000,"1865,747,633,0,46,80,80,0,1"
2026-08-01 06:02:52.997459,16.771,133,1880.000,783.000,699.000,0.000,40.000,80.000,80.000,0.000,1.000,"1880,783,699,0,40,80,80,0,1"
2026-08-01 06:02:53.100036,16.874,134,1895.000,855.000,765.000,0.000,37.000,80.000,80.000,0.000,1.000,"1895,855,765,0,37,80,80,0,1"
2026-08-01 06:02:53.202407,16.976,135,1911.000,867.000,800.000,0.000,28.000,80.000,80.000,0.000,1.000,"1911,867,800,0,28,80,80,0,1"
2026-08-01 06:02:53.305202,17.079,136,1926.000,867.000,821.000,0.000,20.000,80.000,80.000,0.000,1.000,"1926,867,821,0,20,80,80,0,1"
2026-08-01 06:02:53.408197,17.182,137,1936.000,843.000,815.000,0.000,10.000,80.000,80.000,0.000,1.000,"1936,843,815,0,10,80,80,0,1"
2026-08-01 06:02:53.511102,17.285,138,1951.000,819.000,799.000,0.000,2.000,80.000,80.000,0.000,1.000,"1951,819,799,0,2,80,80,0,1"
2026-08-01 06:02:53.613687,17.387,139,1966.000,783.000,772.000,0.000,-4.000,80.000,80.000,0.000,1.000,"1966,783,772,0,-4,80,80,0,1"
2026-08-01 06:02:53.716904,17.491,140,1981.000,711.000,724.000,0.000,-12.000,80.000,80.000,0.000,1.000,"1981,711,724,0,-12,80,80,0,1"
2026-08-01 06:02:53.818678,17.592,141,1996.000,674.000,674.000,0.000,-17.000,80.000,80.000,0.000,1.000,"1996,674,674,0,-17,80,80,0,1"
2026-08-01 06:02:53.921437,17.695,142,2011.000,590.000,621.000,0.000,-22.000,80.000,80.000,0.000,1.000,"2011,590,621,0,-22,80,80,0,1"
2026-08-01 06:02:54.024202,17.798,143,2026.000,518.000,549.000,0.000,-28.000,80.000,80.000,0.000,1.000,"2026,518,549,0,-28,80,80,0,1"
2026-08-01 06:02:54.127160,17.901,144,2041.000,433.000,472.000,0.000,-32.000,80.000,80.000,0.000,1.000,"2041,433,472,0,-32,80,80,0,1"
2026-08-01 06:02:54.230098,18.004,145,2056.000,337.000,379.000,0.000,-38.000,80.000,80.000,0.000,1.000,"2056,337,379,0,-38,80,80,0,1"
2026-08-01 06:02:54.332530,18.106,146,2071.000,241.000,286.000,0.000,-41.000,80.000,80.000,0.000,1.000,"2071,241,286,0,-41,80,80,0,1"
2026-08-01 06:02:54.435482,18.209,147,2086.000,144.000,191.000,0.000,-43.000,80.000,80.000,0.000,1.000,"2086,144,191,0,-43,80,80,0,1"
2026-08-01 06:02:54.537831,18.312,148,2099.000,24.000,85.000,0.000,-47.000,80.000,80.000,0.000,1.000,"2099,24,85,0,-47,80,80,0,1"
2026-08-01 06:02:54.640863,18.415,149,2113.000,-73.000,-13.000,0.000,-48.000,80.000,80.000,0.000,1.000,"2113,-73,-13,0,-48,80,80,0,1"
2026-08-01 06:02:54.744438,18.518,150,2130.000,-169.000,-104.000,0.000,-47.000,58.000,58.000,0.000,1.000,"2130,-169,-104,0,-47,58,58,0,1"
2026-08-01 06:02:54.846784,18.621,151,2148.000,-254.000,-197.000,0.000,-47.000,-16.000,-16.000,0.000,1.000,"2148,-254,-197,0,-47,-16,-16,0,1"
2026-08-01 06:02:54.950584,18.724,152,2166.000,-362.000,-294.000,0.000,-47.000,-80.000,-80.000,0.000,1.000,"2166,-362,-294,0,-47,-80,-80,0,1"
2026-08-01 06:02:55.054166,18.828,153,2184.000,-434.000,-381.000,0.000,-46.000,-80.000,-80.000,0.000,1.000,"2184,-434,-381,0,-46,-80,-80,0,1"
2026-08-01 06:02:55.157926,18.932,154,2202.000,-519.000,-465.000,0.000,-44.000,-80.000,-80.000,0.000,1.000,"2202,-519,-465,0,-44,-80,-80,0,1"
2026-08-01 06:02:55.261488,19.035,155,2220.000,-567.000,-533.000,0.000,-40.000,-80.000,-80.000,0.000,1.000,"2220,-567,-533,0,-40,-80,-80,0,1"
2026-08-01 06:02:55.365254,19.139,156,2238.000,-579.000,-572.000,0.000,-31.000,-80.000,-80.000,0.000,1.000,"2238,-579,-572,0,-31,-80,-80,0,1"
2026-08-01 06:02:55.469016,19.243,157,2256.000,-603.000,-602.000,0.000,-24.000,-80.000,-80.000,0.000,1.000,"2256,-603,-602,0,-24,-80,-80,0,1"
2026-08-01 06:02:55.572773,19.346,158,2274.000,-603.000,-620.000,0.000,-17.000,-80.000,-80.000,0.000,1.000,"2274,-603,-620,0,-17,-80,-80,0,1"
2026-08-01 06:02:55.676004,19.450,159,2292.000,-579.000,-619.000,0.000,-9.000,-80.000,-80.000,0.000,1.000,"2292,-579,-619,0,-9,-80,-80,0,1"
2026-08-01 06:02:55.779661,19.553,160,2310.000,-579.000,-614.000,0.000,-4.000,-80.000,-80.000,0.000,1.000,"2310,-579,-614,0,-4,-80,-80,0,1"
2026-08-01 06:02:55.883973,19.658,161,2328.000,-555.000,-597.000,0.000,1.000,-80.000,-80.000,0.000,1.000,"2328,-555,-597,0,1,-80,-80,0,1"
2026-08-01 06:02:55.987836,19.762,162,2346.000,-507.000,-568.000,0.000,7.000,-80.000,-80.000,0.000,1.000,"2346,-507,-568,0,7,-80,-80,0,1"
2026-08-01 06:02:56.090568,19.864,163,2364.000,-434.000,-519.000,0.000,15.000,-80.000,-80.000,0.000,1.000,"2364,-434,-519,0,15,-80,-80,0,1"
2026-08-01 06:02:56.194540,19.968,164,2382.000,-386.000,-468.000,0.000,19.000,-80.000,-80.000,0.000,1.000,"2382,-386,-468,0,19,-80,-80,0,1"
2026-08-01 06:02:56.298090,20.072,165,2400.000,-338.000,-416.000,0.000,22.000,-80.000,-80.000,0.000,1.000,"2400,-338,-416,0,22,-80,-80,0,1"
2026-08-01 06:02:56.401787,20.176,166,2418.000,-242.000,-344.000,0.000,28.000,-80.000,-80.000,0.000,1.000,"2418,-242,-344,0,28,-80,-80,0,1"
2026-08-01 06:02:56.505165,20.279,167,2436.000,-157.000,-265.000,0.000,33.000,-80.000,-80.000,0.000,1.000,"2436,-157,-265,0,33,-80,-80,0,1"
2026-08-01 06:02:56.610060,20.384,168,2452.000,-49.000,-171.000,0.000,39.000,-80.000,-80.000,0.000,1.000,"2452,-49,-171,0,39,-80,-80,0,1"
2026-08-01 06:02:56.714080,20.488,169,2465.000,48.000,-76.000,0.000,43.000,-80.000,-80.000,0.000,1.000,"2465,48,-76,0,43,-80,-80,0,1"
2026-08-01 06:02:56.816375,20.590,170,2479.000,156.000,23.000,0.000,46.000,-80.000,-80.000,0.000,1.000,"2479,156,23,0,46,-80,-80,0,1"
2026-08-01 06:02:56.919201,20.693,171,2494.000,265.000,128.000,0.000,49.000,-45.000,-45.000,0.000,1.000,"2494,265,128,0,49,-45,-45,0,1"
2026-08-01 06:02:57.023403,20.797,172,2509.000,373.000,238.000,0.000,51.000,34.000,34.000,0.000,1.000,"2509,373,238,0,51,34,34,0,1"
2026-08-01 06:02:57.126478,20.900,173,2524.000,494.000,348.000,0.000,53.000,80.000,80.000,0.000,1.000,"2524,494,348,0,53,80,80,0,1"
2026-08-01 06:02:57.229518,21.003,174,2539.000,578.000,446.000,0.000,52.000,80.000,80.000,0.000,1.000,"2539,578,446,0,52,80,80,0,1"
2026-08-01 06:02:57.331139,21.105,175,2554.000,674.000,544.000,0.000,50.000,80.000,80.000,0.000,1.000,"2554,674,544,0,50,80,80,0,1"
2026-08-01 06:02:57.433454,21.207,176,2569.000,747.000,620.000,0.000,44.000,80.000,80.000,0.000,1.000,"2569,747,620,0,44,80,80,0,1"
2026-08-01 06:02:57.536099,21.310,177,2579.000,783.000,688.000,0.000,39.000,80.000,80.000,0.000,1.000,"2579,783,688,0,39,80,80,0,1"
2026-08-01 06:02:57.639932,21.414,178,2594.000,819.000,751.000,0.000,35.000,80.000,80.000,0.000,1.000,"2594,819,751,0,35,80,80,0,1"
2026-08-01 06:02:57.741197,21.515,179,2612.000,-772.000,-157.000,0.000,-172.000,80.000,80.000,0.000,1.000,"2612,-772,-157,0,-172,80,80,0,1"
2026-08-01 06:02:57.845796,21.620,180,2628.000,843.000,402.000,0.000,21.000,80.000,80.000,0.000,1.000,"2628,843,402,0,21,80,80,0,1"
2026-08-01 06:02:57.948000,21.722,181,2645.000,843.000,263.000,0.000,4.000,80.000,80.000,0.000,1.000,"2645,843,263,0,4,80,80,0,1"
2026-08-01 06:02:58.050707,21.824,182,2661.000,819.000,571.000,0.000,67.000,80.000,80.000,0.000,1.000,"2661,819,571,0,67,80,80,0,1"
2026-08-01 06:02:58.154009,21.928,183,2676.000,795.000,688.000,0.000,62.000,80.000,80.000,0.000,1.000,"2676,795,688,0,62,80,80,0,1"
2026-08-01 06:02:58.256619,22.030,184,2691.000,747.000,709.000,0.000,39.000,80.000,80.000,0.000,1.000,"2691,747,709,0,39,80,80,0,1"
2026-08-01 06:02:58.358839,22.133,185,2706.000,687.000,684.000,0.000,16.000,80.000,80.000,0.000,1.000,"2706,687,684,0,16,80,80,0,1"
2026-08-01 06:02:58.461413,22.235,186,2721.000,662.000,659.000,0.000,3.000,80.000,80.000,0.000,1.000,"2721,662,659,0,3,80,80,0,1"
2026-08-01 06:02:58.564377,22.338,187,2736.000,554.000,588.000,0.000,-13.000,80.000,80.000,0.000,1.000,"2736,554,588,0,-13,80,80,0,1"
2026-08-01 06:02:58.667088,22.441,188,2751.000,482.000,520.000,0.000,-22.000,80.000,80.000,0.000,1.000,"2751,482,520,0,-22,80,80,0,1"
2026-08-01 06:02:58.770015,22.544,189,2766.000,397.000,436.000,0.000,-30.000,80.000,80.000,0.000,1.000,"2766,397,436,0,-30,80,80,0,1"
2026-08-01 06:02:58.873001,22.647,190,2781.000,289.000,349.000,0.000,-36.000,80.000,80.000,0.000,1.000,"2781,289,349,0,-36,80,80,0,1"
2026-08-01 06:02:58.975487,22.749,191,2796.000,192.000,254.000,0.000,-41.000,80.000,80.000,0.000,1.000,"2796,192,254,0,-41,80,80,0,1"
2026-08-01 06:02:59.078617,22.852,192,2810.000,72.000,150.000,0.000,-46.000,80.000,80.000,0.000,1.000,"2810,72,150,0,-46,80,80,0,1"
2026-08-01 06:02:59.180747,22.954,193,2823.000,-25.000,47.000,0.000,-48.000,80.000,80.000,0.000,1.000,"2823,-25,47,0,-48,80,80,0,1"
2026-08-01 06:02:59.283762,23.057,194,2839.000,-133.000,-57.000,0.000,-50.000,80.000,80.000,0.000,1.000,"2839,-133,-57,0,-50,80,80,0,1"
2026-08-01 06:02:59.387404,23.161,195,2857.000,-218.000,-156.000,0.000,-50.000,25.000,25.000,0.000,1.000,"2857,-218,-156,0,-50,25,25,0,1"
2026-08-01 06:02:59.491437,23.265,196,2875.000,-398.000,-281.000,0.000,-56.000,-55.000,-55.000,0.000,1.000,"2875,-398,-281,0,-56,-55,-55,0,1"
2026-08-01 06:02:59.594535,23.368,197,2893.000,-410.000,-362.000,0.000,-49.000,-80.000,-80.000,0.000,1.000,"2893,-410,-362,0,-49,-80,-80,0,1"
2026-08-01 06:02:59.698127,23.472,198,2911.000,-507.000,-447.000,0.000,-46.000,-80.000,-80.000,0.000,1.000,"2911,-507,-447,0,-46,-80,-80,0,1"
2026-08-01 06:02:59.801841,23.576,199,2929.000,-555.000,-521.000,0.000,-42.000,-80.000,-80.000,0.000,1.000,"2929,-555,-521,0,-42,-80,-80,0,1"
2026-08-01 06:02:59.905585,23.679,200,2947.000,-603.000,-581.000,0.000,-36.000,-80.000,-80.000,0.000,1.000,"2947,-603,-581,0,-36,-80,-80,0,1"
2026-08-01 06:03:00.009190,23.783,201,2965.000,-639.000,-629.000,0.000,-31.000,-80.000,-80.000,0.000,1.000,"2965,-639,-629,0,-31,-80,-80,0,1"
2026-08-01 06:03:00.112946,23.887,202,2983.000,-651.000,-659.000,0.000,-23.000,-80.000,-80.000,0.000,1.000,"2983,-651,-659,0,-23,-80,-80,0,1"
2026-08-01 06:03:00.216555,23.990,203,3001.000,-627.000,-664.000,0.000,-14.000,-80.000,-80.000,0.000,1.000,"3001,-627,-664,0,-14,-80,-80,0,1"
2026-08-01 06:03:00.319579,24.093,204,3019.000,-603.000,-652.000,0.000,-5.000,-80.000,-80.000,0.000,1.000,"3019,-603,-652,0,-5,-80,-80,0,1"
2026-08-01 06:03:00.424815,24.199,205,3037.000,-567.000,-623.000,0.000,3.000,-80.000,-80.000,0.000,1.000,"3037,-567,-623,0,3,-80,-80,0,1"
2026-08-01 06:03:00.528340,24.302,206,3055.000,-531.000,-593.000,0.000,8.000,-80.000,-80.000,0.000,1.000,"3055,-531,-593,0,8,-80,-80,0,1"
2026-08-01 06:03:00.631159,24.405,207,3073.000,-459.000,-544.000,0.000,15.000,-80.000,-80.000,0.000,1.000,"3073,-459,-544,0,15,-80,-80,0,1"
2026-08-01 06:03:00.735030,24.509,208,3091.000,-386.000,-481.000,0.000,22.000,-80.000,-80.000,0.000,1.000,"3091,-386,-481,0,22,-80,-80,0,1"
2026-08-01 06:03:00.837883,24.612,209,3109.000,-290.000,-405.000,0.000,30.000,-80.000,-80.000,0.000,1.000,"3109,-290,-405,0,30,-80,-80,0,1"
2026-08-01 06:03:00.941996,24.716,210,3127.000,-205.000,-321.000,0.000,35.000,-80.000,-80.000,0.000,1.000,"3127,-205,-321,0,35,-80,-80,0,1"
2026-08-01 06:03:01.047751,24.821,211,3144.000,-97.000,-226.000,0.000,41.000,-80.000,-80.000,0.000,1.000,"3144,-97,-226,0,41,-80,-80,0,1"
2026-08-01 06:03:01.150694,24.924,212,3158.000,12.000,-123.000,0.000,45.000,-80.000,-80.000,0.000,1.000,"3158,12,-123,0,45,-80,-80,0,1"
2026-08-01 06:03:01.254245,25.028,213,3171.000,120.000,-16.000,0.000,49.000,-80.000,-80.000,0.000,1.000,"3171,120,-16,0,49,-80,-80,0,1"
2026-08-01 06:03:01.357950,25.132,214,3186.000,241.000,97.000,0.000,52.000,-80.000,-80.000,0.000,1.000,"3186,241,97,0,52,-80,-80,0,1"
2026-08-01 06:03:01.459786,25.234,215,3201.000,361.000,215.000,0.000,55.000,4.000,4.000,0.000,1.000,"3201,361,215,0,55,4,4,0,1"
2026-08-01 06:03:01.563317,25.337,216,3211.000,445.000,321.000,0.000,54.000,80.000,80.000,0.000,1.000,"3211,445,321,0,54,80,80,0,1"
2026-08-01 06:03:01.666444,25.440,217,3226.000,542.000,422.000,0.000,52.000,80.000,80.000,0.000,1.000,"3226,542,422,0,52,80,80,0,1"
2026-08-01 06:03:01.768357,25.542,218,3241.000,662.000,532.000,0.000,53.000,80.000,80.000,0.000,1.000,"3241,662,532,0,53,80,80,0,1"
2026-08-01 06:03:01.871382,25.645,219,3256.000,723.000,621.000,0.000,49.000,80.000,80.000,0.000,1.000,"3256,723,621,0,49,80,80,0,1"
2026-08-01 06:03:01.973806,25.748,220,3271.000,795.000,698.000,0.000,44.000,80.000,80.000,0.000,1.000,"3271,795,698,0,44,80,80,0,1"
2026-08-01 06:03:02.077117,25.851,221,3287.000,-808.000,186.000,0.000,-105.000,80.000,80.000,0.000,1.000,"3287,-808,186,0,-105,80,80,0,1"
2026-08-01 06:03:02.180257,25.954,222,3302.000,891.000,572.000,0.000,22.000,80.000,80.000,0.000,1.000,"3302,891,572,0,22,80,80,0,1"
2026-08-01 06:03:02.283286,26.057,223,3317.000,891.000,733.000,0.000,47.000,80.000,80.000,0.000,1.000,"3317,891,733,0,47,80,80,0,1"
2026-08-01 06:03:02.386449,26.160,224,3332.000,855.000,788.000,0.000,38.000,80.000,80.000,0.000,1.000,"3332,855,788,0,38,80,80,0,1"
2026-08-01 06:03:02.488820,26.263,225,3347.000,843.000,807.000,0.000,25.000,80.000,80.000,0.000,1.000,"3347,843,807,0,25,80,80,0,1"
2026-08-01 06:03:02.591460,26.365,226,3363.000,831.000,803.000,0.000,13.000,80.000,80.000,0.000,1.000,"3363,831,803,0,13,80,80,0,1"
2026-08-01 06:03:02.694182,26.468,227,3378.000,747.000,758.000,0.000,-2.000,80.000,80.000,0.000,1.000,"3378,747,758,0,-2,80,80,0,1"
2026-08-01 06:03:02.797659,26.571,228,3393.000,674.000,700.000,0.000,-14.000,80.000,80.000,0.000,1.000,"3393,674,700,0,-14,80,80,0,1"
2026-08-01 06:03:02.900078,26.674,229,3408.000,602.000,636.000,0.000,-22.000,80.000,80.000,0.000,1.000,"3408,602,636,0,-22,80,80,0,1"
2026-08-01 06:03:03.002592,26.776,230,3423.000,506.000,554.000,0.000,-30.000,80.000,80.000,0.000,1.000,"3423,506,554,0,-30,80,80,0,1"
2026-08-01 06:03:03.104664,26.878,231,3438.000,421.000,475.000,0.000,-34.000,80.000,80.000,0.000,1.000,"3438,421,475,0,-34,80,80,0,1"
2026-08-01 06:03:03.207317,26.981,232,3453.000,313.000,380.000,0.000,-40.000,80.000,80.000,0.000,1.000,"3453,313,380,0,-40,80,80,0,1"
2026-08-01 06:03:03.310336,27.084,233,3468.000,192.000,275.000,0.000,-46.000,80.000,80.000,0.000,1.000,"3468,192,275,0,-46,80,80,0,1"
2026-08-01 06:03:03.412694,27.186,234,3482.000,96.000,170.000,0.000,-49.000,80.000,80.000,0.000,1.000,"3482,96,170,0,-49,80,80,0,1"
2026-08-01 06:03:03.515828,27.290,235,3495.000,-13.000,60.000,0.000,-51.000,80.000,80.000,0.000,1.000,"3495,-13,60,0,-51,80,80,0,1"
2026-08-01 06:03:03.618428,27.392,236,3511.000,-121.000,-45.000,0.000,-52.000,80.000,80.000,0.000,1.000,"3511,-121,-45,0,-52,80,80,0,1"
2026-08-01 06:03:03.722715,27.496,237,3529.000,-242.000,-163.000,0.000,-55.000,35.000,35.000,0.000,1.000,"3529,-242,-163,0,-55,35,35,0,1"
2026-08-01 06:03:03.825570,27.599,238,3547.000,-362.000,-274.000,0.000,-55.000,-51.000,-51.000,0.000,1.000,"3547,-362,-274,0,-55,-51,-51,0,1"
2026-08-01 06:03:03.929137,27.703,239,3565.000,-434.000,-373.000,0.000,-53.000,-80.000,-80.000,0.000,1.000,"3565,-434,-373,0,-53,-80,-80,0,1"
2026-08-01 06:03:04.032908,27.807,240,3583.000,-543.000,-475.000,0.000,-52.000,-80.000,-80.000,0.000,1.000,"3583,-543,-475,0,-52,-80,-80,0,1"
2026-08-01 06:03:04.136656,27.910,241,3601.000,-603.000,-558.000,0.000,-47.000,-80.000,-80.000,0.000,1.000,"3601,-603,-558,0,-47,-80,-80,0,1"
2026-08-01 06:03:04.240867,28.015,242,3619.000,-676.000,-633.000,0.000,-43.000,-80.000,-80.000,0.000,1.000,"3619,-676,-633,0,-43,-80,-80,0,1"
2026-08-01 06:03:04.344086,28.118,243,3637.000,-688.000,-680.000,0.000,-34.000,-80.000,-80.000,0.000,1.000,"3637,-688,-680,0,-34,-80,-80,0,1"
2026-08-01 06:03:04.447770,28.222,244,3655.000,-700.000,-709.000,0.000,-25.000,-80.000,-80.000,0.000,1.000,"3655,-700,-709,0,-25,-80,-80,0,1"
2026-08-01 06:03:04.551478,28.325,245,3673.000,-676.000,-713.000,0.000,-14.000,-80.000,-80.000,0.000,1.000,"3673,-676,-713,0,-14,-80,-80,0,1"
2026-08-01 06:03:04.654906,28.429,246,3691.000,-676.000,-709.000,0.000,-7.000,-80.000,-80.000,0.000,1.000,"3691,-676,-709,0,-7,-80,-80,0,1"
2026-08-01 06:03:04.759624,28.533,247,3709.000,-627.000,-685.000,0.000,1.000,-80.000,-80.000,0.000,1.000,"3709,-627,-685,0,1,-80,-80,0,1"
2026-08-01 06:03:04.862751,28.636,248,3727.000,-579.000,-652.000,0.000,8.000,-80.000,-80.000,0.000,1.000,"3727,-579,-652,0,8,-80,-80,0,1"
2026-08-01 06:03:04.966799,28.741,249,3745.000,-519.000,-601.000,0.000,15.000,-80.000,-80.000,0.000,1.000,"3745,-519,-601,0,15,-80,-80,0,1"
2026-08-01 06:03:05.069262,28.843,250,3763.000,-434.000,-539.000,0.000,23.000,-80.000,-80.000,0.000,1.000,"3763,-434,-539,0,23,-80,-80,0,1"
2026-08-01 06:03:05.173380,28.947,251,3781.000,-362.000,-465.000,0.000,29.000,-80.000,-80.000,0.000,1.000,"3781,-362,-465,0,29,-80,-80,0,1"
2026-08-01 06:03:05.276986,29.051,252,3799.000,-254.000,-377.000,0.000,36.000,-80.000,-80.000,0.000,1.000,"3799,-254,-377,0,36,-80,-80,0,1"
2026-08-01 06:03:05.380465,29.154,253,3813.000,-193.000,-294.000,0.000,38.000,-80.000,-80.000,0.000,1.000,"3813,-193,-294,0,38,-80,-80,0,1"
2026-08-01 06:03:05.485680,29.259,254,3827.000,-73.000,-190.000,0.000,44.000,-80.000,-80.000,0.000,1.000,"3827,-73,-190,0,44,-80,-80,0,1"
2026-08-01 06:03:05.589161,29.363,255,3840.000,36.000,-85.000,0.000,47.000,-80.000,-80.000,0.000,1.000,"3840,36,-85,0,47,-80,-80,0,1"
2026-08-01 06:03:05.691961,29.466,256,3854.000,168.000,31.000,0.000,52.000,-80.000,-80.000,0.000,1.000,"3854,168,31,0,52,-80,-80,0,1"
2026-08-01 06:03:05.795032,29.569,257,3869.000,289.000,154.000,0.000,55.000,-44.000,-44.000,0.000,1.000,"3869,289,154,0,55,-44,-44,0,1"
2026-08-01 06:03:05.897671,29.671,258,3884.000,409.000,278.000,0.000,57.000,48.000,46.000,0.000,1.000,"3884,409,278,0,57,48,46,0,1"
2026-08-01 06:03:06.000534,29.774,259,3899.000,530.000,394.000,0.000,57.000,80.000,80.000,0.000,1.000,"3899,530,394,0,57,80,80,0,1"
2026-08-01 06:03:06.103808,29.878,260,3914.000,674.000,527.000,0.000,61.000,80.000,80.000,0.000,1.000,"3914,674,527,0,61,80,80,0,1"
2026-08-01 06:03:06.206843,29.981,261,3929.000,735.000,621.000,0.000,54.000,80.000,80.000,0.000,1.000,"3929,735,621,0,54,80,80,0,1"
2026-08-01 06:03:06.308965,30.083,262,3944.000,843.000,720.000,0.000,52.000,80.000,80.000,0.000,1.000,"3944,843,720,0,52,80,80,0,1"
2026-08-01 06:03:06.412385,30.186,263,3959.000,891.000,798.000,0.000,46.000,80.000,80.000,0.000,1.000,"3959,891,798,0,46,80,80,0,1"
2026-08-01 06:03:06.514010,30.288,264,3974.000,916.000,853.000,0.000,37.000,80.000,80.000,0.000,1.000,"3974,916,853,0,37,80,80,0,1"
2026-08-01 06:03:06.616623,30.390,265,3989.000,928.000,878.000,0.000,26.000,80.000,80.000,0.000,1.000,"3989,928,878,0,26,80,80,0,1"
2026-08-01 06:03:06.719347,30.493,266,4004.000,940.000,890.000,0.000,17.000,80.000,80.000,0.000,1.000,"4004,940,890,0,17,80,80,0,1"
2026-08-01 06:03:06.823123,30.597,267,4019.000,916.000,887.000,0.000,9.000,80.000,80.000,0.000,1.000,"4019,916,887,0,9,80,80,0,1"
2026-08-01 06:03:06.924815,30.699,268,4034.000,891.000,874.000,0.000,2.000,80.000,80.000,0.000,1.000,"4034,891,874,0,2,80,80,0,1"
2026-08-01 06:03:07.027969,30.802,269,4049.000,843.000,843.000,0.000,-5.000,80.000,80.000,0.000,1.000,"4049,843,843,0,-5,80,80,0,1"
2026-08-01 06:03:07.130753,30.904,270,4065.000,819.000,817.000,0.000,-9.000,80.000,80.000,0.000,1.000,"4065,819,817,0,-9,80,80,0,1"
2026-08-01 06:03:07.233089,31.007,271,4080.000,735.000,759.000,0.000,-17.000,80.000,80.000,0.000,1.000,"4080,735,759,0,-17,80,80,0,1"
2026-08-01 06:03:07.336303,31.110,272,4095.000,674.000,698.000,0.000,-23.000,80.000,80.000,0.000,1.000,"4095,674,698,0,-23,80,80,0,1"
2026-08-01 06:03:07.438680,31.212,273,4110.000,542.000,611.000,0.000,-32.000,80.000,80.000,0.000,1.000,"4110,542,611,0,-32,80,80,0,1"
2026-08-01 06:03:07.541355,31.315,274,4125.000,458.000,521.000,0.000,-38.000,80.000,80.000,0.000,1.000,"4125,458,521,0,-38,80,80,0,1"
2026-08-01 06:03:07.644547,31.418,275,4140.000,337.000,418.000,0.000,-44.000,80.000,80.000,0.000,1.000,"4140,337,418,0,-44,80,80,0,1"
2026-08-01 06:03:07.747393,31.521,276,4155.000,241.000,314.000,0.000,-48.000,80.000,80.000,0.000,1.000,"4155,241,314,0,-48,80,80,0,1"
2026-08-01 06:03:07.849438,31.623,277,4169.000,96.000,192.000,0.000,-54.000,80.000,80.000,0.000,1.000,"4169,96,192,0,-54,80,80,0,1"
2026-08-01 06:03:07.951874,31.726,278,4181.000,-1.000,79.000,0.000,-55.000,80.000,80.000,0.000,1.000,"4181,-1,79,0,-55,80,80,0,1"
2026-08-01 06:03:08.054999,31.829,279,4197.000,-121.000,-37.000,0.000,-57.000,80.000,80.000,0.000,1.000,"4197,-121,-37,0,-57,80,80,0,1"
2026-08-01 06:03:08.159118,31.933,280,4215.000,-242.000,-139.000,0.000,-54.000,50.000,50.000,0.000,1.000,"4215,-242,-139,0,-54,50,50,0,1"
2026-08-01 06:03:08.262233,32.036,281,4233.000,-362.000,-250.000,0.000,-54.000,-37.000,-37.000,0.000,1.000,"4233,-362,-250,0,-54,-37,-37,0,1"
2026-08-01 06:03:08.366066,32.140,282,4251.000,-434.000,-354.000,0.000,-53.000,-80.000,-80.000,0.000,1.000,"4251,-434,-354,0,-53,-80,-80,0,1"
2026-08-01 06:03:08.469436,32.243,283,4269.000,-555.000,-455.000,0.000,-51.000,-80.000,-80.000,0.000,1.000,"4269,-555,-455,0,-51,-80,-80,0,1"
2026-08-01 06:03:08.573255,32.347,284,4284.000,-579.000,-541.000,0.000,-47.000,-80.000,-80.000,0.000,1.000,"4284,-579,-541,0,-47,-80,-80,0,1"
2026-08-01 06:03:08.677055,32.451,285,4301.000,-651.000,-617.000,0.000,-43.000,-80.000,-80.000,0.000,1.000,"4301,-651,-617,0,-43,-80,-80,0,1"
2026-08-01 06:03:08.780654,32.554,286,4317.000,-676.000,-669.000,0.000,-35.000,-80.000,-80.000,0.000,1.000,"4317,-676,-669,0,-35,-80,-80,0,1"
2026-08-01 06:03:08.884379,32.658,287,4338.000,-676.000,-693.000,0.000,-24.000,-80.000,-80.000,0.000,1.000,"4338,-676,-693,0,-24,-80,-80,0,1"
2026-08-01 06:03:08.988071,32.762,288,4353.000,-676.000,-701.000,0.000,-15.000,-80.000,-80.000,0.000,1.000,"4353,-676,-701,0,-15,-80,-80,0,1"
2026-08-01 06:03:09.091398,32.865,289,4371.000,-651.000,-690.000,0.000,-6.000,-80.000,-80.000,0.000,1.000,"4371,-651,-690,0,-6,-80,-80,0,1"
2026-08-01 06:03:09.197254,32.971,290,4389.000,-603.000,-663.000,0.000,2.000,-80.000,-80.000,0.000,1.000,"4389,-603,-663,0,2,-80,-80,0,1"
2026-08-01 06:03:09.300015,33.074,291,4407.000,-567.000,-625.000,0.000,9.000,-80.000,-80.000,0.000,1.000,"4407,-567,-625,0,9,-80,-80,0,1"
2026-08-01 06:03:09.403083,33.177,292,4425.000,-483.000,-566.000,0.000,18.000,-80.000,-80.000,0.000,1.000,"4425,-483,-566,0,18,-80,-80,0,1"
2026-08-01 06:03:09.506460,33.280,293,4443.000,-386.000,-485.000,0.000,27.000,-80.000,-80.000,0.000,1.000,"4443,-386,-485,0,27,-80,-80,0,1"
2026-08-01 06:03:09.609864,33.384,294,4461.000,-314.000,-409.000,0.000,31.000,-80.000,-80.000,0.000,1.000,"4461,-314,-409,0,31,-80,-80,0,1"
2026-08-01 06:03:09.713229,33.487,295,4479.000,-193.000,-313.000,0.000,39.000,-80.000,-80.000,0.000,1.000,"4479,-193,-313,0,39,-80,-80,0,1"
2026-08-01 06:03:09.817966,33.592,296,4496.000,-97.000,-214.000,0.000,43.000,-80.000,-80.000,0.000,1.000,"4496,-97,-214,0,43,-80,-80,0,1"
2026-08-01 06:03:09.921552,33.695,297,4510.000,12.000,-107.000,0.000,47.000,-80.000,-80.000,0.000,1.000,"4510,12,-107,0,47,-80,-80,0,1"
2026-08-01 06:03:10.025265,33.799,298,4523.000,144.000,8.000,0.000,52.000,-80.000,-80.000,0.000,1.000,"4523,144,8,0,52,-80,-80,0,1"
2026-08-01 06:03:10.128519,33.902,299,4538.000,277.000,131.000,0.000,56.000,-62.000,-62.000,0.000,1.000,"4538,277,131,0,56,-62,-62,0,1"
2026-08-01 06:03:10.231860,34.006,300,4553.000,385.000,252.000,0.000,57.000,28.000,28.000,0.000,1.000,"4553,385,252,0,57,28,28,0,1"
2026-08-01 06:03:10.334276,34.108,301,4568.000,482.000,361.000,0.000,55.000,80.000,80.000,0.000,1.000,"4568,482,361,0,55,80,80,0,1"
2026-08-01 06:03:10.437018,34.211,302,4583.000,626.000,485.000,0.000,58.000,80.000,80.000,0.000,1.000,"4583,626,485,0,58,80,80,0,1"
2026-08-01 06:03:10.540073,34.314,303,4598.000,711.000,595.000,0.000,56.000,80.000,80.000,0.000,1.000,"4598,711,595,0,56,80,80,0,1"
2026-08-01 06:03:10.642390,34.416,304,4613.000,783.000,680.000,0.000,50.000,80.000,80.000,0.000,1.000,"4613,783,680,0,50,80,80,0,1"
2026-08-01 06:03:10.745744,34.519,305,4629.000,855.000,393.000,0.000,-11.000,80.000,80.000,0.000,1.000,"4629,855,393,0,-11,80,80,0,1"
2026-08-01 06:03:10.847919,34.622,306,4644.000,916.000,671.000,0.000,53.000,80.000,80.000,0.000,1.000,"4644,916,671,0,53,80,80,0,1"
2026-08-01 06:03:10.951214,34.725,307,4659.000,903.000,790.000,0.000,54.000,80.000,80.000,0.000,1.000,"4659,903,790,0,54,80,80,0,1"
2026-08-01 06:03:11.053597,34.827,308,4674.000,891.000,833.000,0.000,39.000,80.000,80.000,0.000,1.000,"4674,891,833,0,39,80,80,0,1"
2026-08-01 06:03:11.156744,34.930,309,4689.000,903.000,855.000,0.000,27.000,80.000,80.000,0.000,1.000,"4689,903,855,0,27,80,80,0,1"
2026-08-01 06:03:11.258817,35.033,310,4704.000,891.000,858.000,0.000,15.000,80.000,80.000,0.000,1.000,"4704,891,858,0,15,80,80,0,1"
2026-08-01 06:03:11.361824,35.136,311,4719.000,855.000,841.000,0.000,5.000,80.000,80.000,0.000,1.000,"4719,855,841,0,5,80,80,0,1"
2026-08-01 06:03:11.463934,35.238,312,4735.000,843.000,827.000,0.000,0.000,80.000,80.000,0.000,1.000,"4735,843,827,0,0,80,80,0,1"
2026-08-01 06:03:11.567055,35.341,313,4750.000,723.000,762.000,0.000,-14.000,80.000,80.000,0.000,1.000,"4750,723,762,0,-14,80,80,0,1"
2026-08-01 06:03:11.670266,35.444,314,4765.000,674.000,699.000,0.000,-21.000,80.000,80.000,0.000,1.000,"4765,674,699,0,-21,80,80,0,1"
2026-08-01 06:03:11.772556,35.546,315,4780.000,578.000,627.000,0.000,-28.000,80.000,80.000,0.000,1.000,"4780,578,627,0,-28,80,80,0,1"
2026-08-01 06:03:11.876007,35.650,316,4795.000,494.000,540.000,0.000,-34.000,80.000,80.000,0.000,1.000,"4795,494,540,0,-34,80,80,0,1"
2026-08-01 06:03:11.978201,35.752,317,4810.000,385.000,449.000,0.000,-39.000,80.000,80.000,0.000,1.000,"4810,385,449,0,-39,80,80,0,1"
2026-08-01 06:03:12.080387,35.854,318,4825.000,289.000,349.000,0.000,-44.000,80.000,80.000,0.000,1.000,"4825,289,349,0,-44,80,80,0,1"
2026-08-01 06:03:12.183101,35.957,319,4838.000,204.000,256.000,0.000,-45.000,80.000,80.000,0.000,1.000,"4838,204,256,0,-45,80,80,0,1"
2026-08-01 06:03:12.286254,36.060,320,4853.000,48.000,153.000,0.000,-47.000,80.000,80.000,0.000,1.000,"4853,48,153,0,-47,80,80,0,1"
2026-08-01 06:03:12.388976,36.163,321,4862.000,-25.000,41.000,0.000,-51.000,80.000,80.000,0.000,1.000,"4862,-25,41,0,-51,80,80,0,1"
2026-08-01 06:03:12.491609,36.265,322,4878.000,-145.000,-73.000,0.000,-53.000,80.000,80.000,0.000,1.000,"4878,-145,-73,0,-53,80,80,0,1"
2026-08-01 06:03:12.595304,36.369,323,4896.000,-242.000,-177.000,0.000,-52.000,16.000,16.000,0.000,1.000,"4896,-242,-177,0,-52,16,16,0,1"
2026-08-01 06:03:12.698739,36.472,324,4914.000,-362.000,-291.000,0.000,-54.000,-69.000,-69.000,0.000,1.000,"4914,-362,-291,0,-54,-69,-69,0,1"
2026-08-01 06:03:12.802279,36.576,325,4932.000,-434.000,-386.000,0.000,-51.000,-80.000,-80.000,0.000,1.000,"4932,-434,-386,0,-51,-80,-80,0,1"
2026-08-01 06:03:12.906160,36.680,326,4950.000,-555.000,-490.000,0.000,-51.000,-80.000,-80.000,0.000,1.000,"4950,-555,-490,0,-51,-80,-80,0,1"
2026-08-01 06:03:13.009911,36.784,327,4968.000,-603.000,-567.000,0.000,-45.000,-80.000,-80.000,0.000,1.000,"4968,-603,-567,0,-45,-80,-80,0,1"
2026-08-01 06:03:13.113609,36.887,328,4986.000,-651.000,-628.000,0.000,-38.000,-80.000,-80.000,0.000,1.000,"4986,-651,-628,0,-38,-80,-80,0,1"
2026-08-01 06:03:13.218166,36.992,329,5004.000,-688.000,-677.000,0.000,-32.000,-80.000,-80.000,0.000,1.000,"5004,-688,-677,0,-32,-80,-80,0,1"
2026-08-01 06:03:13.320920,37.095,330,5022.000,-676.000,-694.000,0.000,-21.000,-80.000,-80.000,0.000,1.000,"5022,-676,-694,0,-21,-80,-80,0,1"
2026-08-01 06:03:13.424949,37.199,331,5040.000,-676.000,-701.000,0.000,-13.000,-80.000,-80.000,0.000,1.000,"5040,-676,-701,0,-13,-80,-80,0,1"
2026-08-01 06:03:13.527638,37.301,332,5058.000,-627.000,-681.000,0.000,-3.000,-80.000,-80.000,0.000,1.000,"5058,-627,-681,0,-3,-80,-80,0,1"
2026-08-01 06:03:13.633349,37.407,333,5076.000,-603.000,-656.000,0.000,3.000,-80.000,-80.000,0.000,1.000,"5076,-603,-656,0,3,-80,-80,0,1"
2026-08-01 06:03:13.735130,37.509,334,5094.000,-543.000,-611.000,0.000,11.000,-80.000,-80.000,0.000,1.000,"5094,-543,-611,0,11,-80,-80,0,1"
2026-08-01 06:03:13.838587,37.612,335,5112.000,-483.000,-560.000,0.000,17.000,-80.000,-80.000,0.000,1.000,"5112,-483,-560,0,17,-80,-80,0,1"
2026-08-01 06:03:13.942962,37.717,336,5130.000,-386.000,-488.000,0.000,25.000,-80.000,-80.000,0.000,1.000,"5130,-386,-488,0,25,-80,-80,0,1"
2026-08-01 06:03:14.046936,37.821,337,5148.000,-314.000,-411.000,0.000,31.000,-80.000,-80.000,0.000,1.000,"5148,-314,-411,0,31,-80,-80,0,1"
2026-08-01 06:03:14.149771,37.924,338,5166.000,-193.000,-314.000,0.000,38.000,-80.000,-80.000,0.000,1.000,"5166,-193,-314,0,38,-80,-80,0,1"
2026-08-01 06:03:14.254802,38.029,339,5183.000,-97.000,-214.000,0.000,43.000,-80.000,-80.000,0.000,1.000,"5183,-97,-214,0,43,-80,-80,0,1"
2026-08-01 06:03:14.358246,38.132,340,5197.000,-1.000,-114.000,0.000,45.000,-80.000,-80.000,0.000,1.000,"5197,-1,-114,0,45,-80,-80,0,1"
2026-08-01 06:03:14.462574,38.236,341,5210.000,144.000,5.000,0.000,52.000,-80.000,-80.000,0.000,1.000,"5210,144,5,0,52,-80,-80,0,1"
2026-08-01 06:03:14.565417,38.339,342,5225.000,253.000,122.000,0.000,54.000,-65.000,-65.000,0.000,1.000,"5225,253,122,0,54,-65,-65,0,1"
2026-08-01 06:03:14.668279,38.442,343,5240.000,385.000,245.000,0.000,57.000,24.000,24.000,0.000,1.000,"5240,385,245,0,57,24,24,0,1"
2026-08-01 06:03:14.771352,38.545,344,5255.000,482.000,358.000,0.000,56.000,80.000,80.000,0.000,1.000,"5255,482,358,0,56,80,80,0,1"
2026-08-01 06:03:14.873978,38.648,345,5270.000,626.000,481.000,0.000,58.000,80.000,80.000,0.000,1.000,"5270,626,481,0,58,80,80,0,1"
2026-08-01 06:03:14.976710,38.750,346,5285.000,699.000,586.000,0.000,55.000,80.000,80.000,0.000,1.000,"5285,699,586,0,55,80,80,0,1"
2026-08-01 06:03:15.079458,38.853,347,5300.000,795.000,678.000,0.000,51.000,80.000,80.000,0.000,1.000,"5300,795,678,0,51,80,80,0,1"
2026-08-01 06:03:15.182671,38.956,348,5316.000,867.000,772.000,0.000,48.000,80.000,80.000,0.000,1.000,"5316,867,772,0,48,80,80,0,1"
2026-08-01 06:03:15.284436,39.058,349,5331.000,928.000,835.000,0.000,41.000,80.000,80.000,0.000,1.000,"5331,928,835,0,41,80,80,0,1"
2026-08-01 06:03:15.387892,39.162,350,5346.000,916.000,858.000,0.000,28.000,80.000,80.000,0.000,1.000,"5346,916,858,0,28,80,80,0,1"
2026-08-01 06:03:15.490277,39.264,351,5361.000,903.000,869.000,0.000,18.000,80.000,80.000,0.000,1.000,"5361,903,869,0,18,80,80,0,1"
2026-08-01 06:03:15.592950,39.367,352,5376.000,891.000,863.000,0.000,9.000,80.000,80.000,0.000,1.000,"5376,891,863,0,9,80,80,0,1"
2026-08-01 06:03:15.696188,39.470,353,5391.000,867.000,853.000,0.000,2.000,80.000,80.000,0.000,1.000,"5391,867,853,0,2,80,80,0,1"
2026-08-01 06:03:15.799303,39.573,354,5407.000,819.000,826.000,0.000,-4.000,80.000,80.000,0.000,1.000,"5407,819,826,0,-4,80,80,0,1"
2026-08-01 06:03:15.900911,39.675,355,5422.000,747.000,779.000,0.000,-13.000,80.000,80.000,0.000,1.000,"5422,747,779,0,-13,80,80,0,1"
2026-08-01 06:03:16.004079,39.778,356,5437.000,674.000,708.000,0.000,-23.000,80.000,80.000,0.000,1.000,"5437,674,708,0,-23,80,80,0,1"
2026-08-01 06:03:16.107368,39.881,357,5452.000,578.000,637.000,0.000,-29.000,80.000,80.000,0.000,1.000,"5452,578,637,0,-29,80,80,0,1"
2026-08-01 06:03:16.209330,39.983,358,5467.000,506.000,562.000,0.000,-32.000,80.000,80.000,0.000,1.000,"5467,506,562,0,-32,80,80,0,1"
2026-08-01 06:03:16.312143,40.086,359,5477.000,445.000,485.000,0.000,-35.000,80.000,80.000,0.000,1.000,"5477,445,485,0,-35,80,80,0,1"
2026-08-01 06:03:16.415076,40.189,360,5492.000,325.000,383.000,0.000,-42.000,80.000,80.000,0.000,1.000,"5492,325,383,0,-42,80,80,0,1"
2026-08-01 06:03:16.517302,40.291,361,5507.000,216.000,279.000,0.000,-46.000,80.000,80.000,0.000,1.000,"5507,216,279,0,-46,80,80,0,1"
2026-08-01 06:03:16.620479,40.394,362,5521.000,96.000,166.000,0.000,-50.000,80.000,80.000,0.000,1.000,"5521,96,166,0,-50,80,80,0,1"
2026-08-01 06:03:16.722525,40.496,363,5533.000,-1.000,57.000,0.000,-51.000,80.000,80.000,0.000,1.000,"5533,-1,57,0,-51,80,80,0,1"
2026-08-01 06:03:16.825956,40.600,364,5549.000,-121.000,-53.000,0.000,-53.000,80.000,80.000,0.000,1.000,"5549,-121,-53,0,-53,80,80,0,1"
2026-08-01 06:03:16.930007,40.704,365,5567.000,-230.000,-164.000,0.000,-54.000,30.000,30.000,0.000,1.000,"5567,-230,-164,0,-54,30,30,0,1"
2026-08-01 06:03:17.032840,40.807,366,5585.000,-338.000,-274.000,0.000,-54.000,-56.000,-56.000,0.000,1.000,"5585,-338,-274,0,-54,-56,-56,0,1"
2026-08-01 06:03:17.136478,40.910,367,5603.000,-422.000,-374.000,0.000,-51.000,-80.000,-80.000,0.000,1.000,"5603,-422,-374,0,-51,-80,-80,0,1"
2026-08-01 06:03:17.240266,41.014,368,5621.000,-531.000,-477.000,0.000,-51.000,-80.000,-80.000,0.000,1.000,"5621,-531,-477,0,-51,-80,-80,0,1"
2026-08-01 06:03:17.343798,41.118,369,5639.000,-579.000,-554.000,0.000,-45.000,-80.000,-80.000,0.000,1.000,"5639,-579,-554,0,-45,-80,-80,0,1"
2026-08-01 06:03:17.447516,41.221,370,5657.000,-651.000,-622.000,0.000,-40.000,-80.000,-80.000,0.000,1.000,"5657,-651,-622,0,-40,-80,-80,0,1"
2026-08-01 06:03:17.551331,41.325,371,5675.000,-676.000,-671.000,0.000,-32.000,-80.000,-80.000,0.000,1.000,"5675,-676,-671,0,-32,-80,-80,0,1"
2026-08-01 06:03:17.655073,41.429,372,5693.000,-676.000,-691.000,0.000,-22.000,-80.000,-80.000,0.000,1.000,"5693,-676,-691,0,-22,-80,-80,0,1"
2026-08-01 06:03:17.758871,41.533,373,5711.000,-651.000,-691.000,0.000,-12.000,-80.000,-80.000,0.000,1.000,"5711,-651,-691,0,-12,-80,-80,0,1"
2026-08-01 06:03:17.862396,41.636,374,5729.000,-627.000,-677.000,0.000,-3.000,-80.000,-80.000,0.000,1.000,"5729,-627,-677,0,-3,-80,-80,0,1"
2026-08-01 06:03:17.966575,41.740,375,5747.000,-603.000,-652.000,0.000,3.000,-80.000,-80.000,0.000,1.000,"5747,-603,-652,0,3,-80,-80,0,1"
2026-08-01 06:03:18.069009,41.843,376,5765.000,-543.000,-612.000,0.000,10.000,-80.000,-80.000,0.000,1.000,"5765,-543,-612,0,10,-80,-80,0,1"
2026-08-01 06:03:18.173257,41.947,377,5783.000,-459.000,-552.000,0.000,19.000,-80.000,-80.000,0.000,1.000,"5783,-459,-552,0,19,-80,-80,0,1"
2026-08-01 06:03:18.276946,42.051,378,5801.000,-386.000,-479.000,0.000,26.000,-80.000,-80.000,0.000,1.000,"5801,-386,-479,0,26,-80,-80,0,1"
2026-08-01 06:03:18.380295,42.154,379,5819.000,-290.000,-399.000,0.000,32.000,-80.000,-80.000,0.000,1.000,"5819,-290,-399,0,32,-80,-80,0,1"
2026-08-01 06:03:18.483811,42.258,380,5837.000,-193.000,-303.000,0.000,38.000,-80.000,-80.000,0.000,1.000,"5837,-193,-303,0,38,-80,-80,0,1"
2026-08-01 06:03:18.588785,42.363,381,5854.000,-85.000,-203.000,0.000,43.000,-80.000,-80.000,0.000,1.000,"5854,-85,-203,0,43,-80,-80,0,1"
2026-08-01 06:03:18.692930,42.467,382,5868.000,24.000,-98.000,0.000,47.000,-80.000,-80.000,0.000,1.000,"5868,24,-98,0,47,-80,-80,0,1"
2026-08-01 06:03:18.796280,42.570,383,5881.000,144.000,12.000,0.000,50.000,-80.000,-80.000,0.000,1.000,"5881,144,12,0,50,-80,-80,0,1"
2026-08-01 06:03:18.897876,42.672,384,5896.000,289.000,132.000,0.000,55.000,-59.000,-59.000,0.000,1.000,"5896,289,132,0,55,-59,-59,0,1"
2026-08-01 06:03:19.001372,42.775,385,5911.000,385.000,252.000,0.000,56.000,30.000,30.000,0.000,1.000,"5911,385,252,0,56,30,30,0,1"
2026-08-01 06:03:19.104425,42.878,386,5926.000,506.000,364.000,0.000,56.000,80.000,80.000,0.000,1.000,"5926,506,364,0,56,80,80,0,1"
2026-08-01 06:03:19.207560,42.981,387,5941.000,626.000,475.000,0.000,56.000,80.000,80.000,0.000,1.000,"5941,626,475,0,56,80,80,0,1"
2026-08-01 06:03:19.310551,43.084,388,5956.000,699.000,581.000,0.000,54.000,80.000,80.000,0.000,1.000,"5956,699,581,0,54,80,80,0,1"
2026-08-01 06:03:19.413036,43.187,389,5971.000,795.000,670.000,0.000,50.000,80.000,80.000,0.000,1.000,"5971,795,670,0,50,80,80,0,1"
2026-08-01 06:03:19.515023,43.289,390,5986.000,867.000,771.000,0.000,49.000,80.000,80.000,0.000,1.000,"5986,867,771,0,49,80,80,0,1"
2026-08-01 06:03:19.617950,43.392,391,6001.000,891.000,822.000,0.000,38.000,80.000,80.000,0.000,1.000,"6001,891,822,0,38,80,80,0,1"
2026-08-01 06:03:19.721405,43.495,392,6016.000,891.000,844.000,0.000,26.000,80.000,80.000,0.000,1.000,"6016,891,844,0,26,80,80,0,1"
2026-08-01 06:03:19.823403,43.597,393,6031.000,891.000,853.000,0.000,16.000,80.000,80.000,0.000,1.000,"6031,891,853,0,16,80,80,0,1"
2026-08-01 06:03:19.925801,43.700,394,6046.000,916.000,865.000,0.000,12.000,80.000,80.000,0.000,1.000,"6046,916,865,0,12,80,80,0,1"
2026-08-01 06:03:20.029288,43.803,395,6061.000,891.000,865.000,0.000,6.000,80.000,80.000,0.000,1.000,"6061,891,865,0,6,80,80,0,1"
2026-08-01 06:03:20.131737,43.905,396,6076.000,843.000,842.000,0.000,-1.000,80.000,80.000,0.000,1.000,"6076,843,842,0,-1,80,80,0,1"
2026-08-01 06:03:20.234091,44.008,397,6091.000,747.000,794.000,0.000,-11.000,80.000,80.000,0.000,1.000,"6091,747,794,0,-11,80,80,0,1"
2026-08-01 06:03:20.336762,44.110,398,6101.000,699.000,729.000,0.000,-20.000,80.000,80.000,0.000,1.000,"6101,699,729,0,-20,80,80,0,1"
2026-08-01 06:03:20.440252,44.214,399,6116.000,626.000,660.000,0.000,-26.000,80.000,80.000,0.000,1.000,"6116,626,660,0,-26,80,80,0,1"
2026-08-01 06:03:20.542205,44.316,400,6131.000,530.000,572.000,0.000,-34.000,80.000,80.000,0.000,1.000,"6131,530,572,0,-34,80,80,0,1"
2026-08-01 06:03:20.645318,44.419,401,6146.000,445.000,486.000,0.000,-37.000,80.000,80.000,0.000,1.000,"6146,445,486,0,-37,80,80,0,1"
2026-08-01 06:03:20.748936,44.523,402,6161.000,313.000,379.000,0.000,-44.000,80.000,80.000,0.000,1.000,"6161,313,379,0,-44,80,80,0,1"
2026-08-01 06:03:20.850506,44.624,403,6176.000,192.000,267.000,0.000,-49.000,80.000,80.000,0.000,1.000,"6176,192,267,0,-49,80,80,0,1"
2026-08-01 06:03:20.953175,44.727,404,6190.000,96.000,161.000,0.000,-51.000,80.000,80.000,0.000,1.000,"6190,96,161,0,-51,80,80,0,1"
2026-08-01 06:03:21.055691,44.829,405,6202.000,-1.000,55.000,0.000,-51.000,80.000,80.000,0.000,1.000,"6202,-1,55,0,-51,80,80,0,1"
2026-08-01 06:03:21.158712,44.932,406,6218.000,-121.000,-56.000,0.000,-53.000,80.000,80.000,0.000,1.000,"6218,-121,-56,0,-53,80,80,0,1"
2026-08-01 06:03:21.263128,45.037,407,6236.000,-218.000,-161.000,0.000,-52.000,28.000,28.000,0.000,1.000,"6236,-218,-161,0,-52,28,28,0,1"
2026-08-01 06:03:21.366190,45.140,408,6254.000,-410.000,-295.000,0.000,-59.000,-57.000,-57.000,0.000,1.000,"6254,-410,-295,0,-59,-57,-57,0,1"
2026-08-01 06:03:21.469591,45.243,409,6272.000,-434.000,-385.000,0.000,-52.000,-80.000,-80.000,0.000,1.000,"6272,-434,-385,0,-52,-80,-80,0,1"
2026-08-01 06:03:21.574404,45.348,410,6290.000,-531.000,-481.000,0.000,-50.000,-80.000,-80.000,0.000,1.000,"6290,-531,-481,0,-50,-80,-80,0,1"
2026-08-01 06:03:21.677222,45.451,411,6308.000,-591.000,-560.000,0.000,-45.000,-80.000,-80.000,0.000,1.000,"6308,-591,-560,0,-45,-80,-80,0,1"
2026-08-01 06:03:21.780747,45.554,412,6326.000,-651.000,-625.000,0.000,-39.000,-80.000,-80.000,0.000,1.000,"6326,-651,-625,0,-39,-80,-80,0,1"
2026-08-01 06:03:21.885379,45.659,413,6344.000,-676.000,-672.000,0.000,-32.000,-80.000,-80.000,0.000,1.000,"6344,-676,-672,0,-32,-80,-80,0,1"
2026-08-01 06:03:21.988402,45.762,414,6362.000,-676.000,-692.000,0.000,-22.000,-80.000,-80.000,0.000,1.000,"6362,-676,-692,0,-22,-80,-80,0,1"
2026-08-01 06:03:22.091935,45.866,415,6380.000,-676.000,-700.000,0.000,-14.000,-80.000,-80.000,0.000,1.000,"6380,-676,-700,0,-14,-80,-80,0,1"
2026-08-01 06:03:22.194879,45.969,416,6398.000,-627.000,-681.000,0.000,-3.000,-80.000,-80.000,0.000,1.000,"6398,-627,-681,0,-3,-80,-80,0,1"
2026-08-01 06:03:22.300263,46.074,417,6416.000,-603.000,-656.000,0.000,3.000,-80.000,-80.000,0.000,1.000,"6416,-603,-656,0,3,-80,-80,0,1"
2026-08-01 06:03:22.403291,46.177,418,6434.000,-567.000,-622.000,0.000,9.000,-80.000,-80.000,0.000,1.000,"6434,-567,-622,0,9,-80,-80,0,1"
2026-08-01 06:03:22.506330,46.280,419,6452.000,-471.000,-561.000,0.000,18.000,-80.000,-80.000,0.000,1.000,"6452,-471,-561,0,18,-80,-80,0,1"
2026-08-01 06:03:22.610556,46.384,420,6470.000,-410.000,-497.000,0.000,24.000,-80.000,-80.000,0.000,1.000,"6470,-410,-497,0,24,-80,-80,0,1"
2026-08-01 06:03:22.714649,46.488,421,6488.000,-326.000,-427.000,0.000,29.000,-80.000,-80.000,0.000,1.000,"6488,-326,-427,0,29,-80,-80,0,1"
2026-08-01 06:03:22.817076,46.591,422,6506.000,-205.000,-336.000,0.000,36.000,-80.000,-80.000,0.000,1.000,"6506,-205,-336,0,36,-80,-80,0,1"
2026-08-01 06:03:22.922716,46.696,423,6523.000,-97.000,-237.000,0.000,42.000,-80.000,-80.000,0.000,1.000,"6523,-97,-237,0,42,-80,-80,0,1"
2026-08-01 06:03:23.025897,46.800,424,6537.000,-1.000,-140.000,0.000,45.000,-80.000,-80.000,0.000,1.000,"6537,-1,-140,0,45,-80,-80,0,1"
2026-08-01 06:03:23.130302,46.904,425,6550.000,120.000,-29.000,0.000,50.000,-80.000,-80.000,0.000,1.000,"6550,120,-29,0,50,-80,-80,0,1"
2026-08-01 06:03:23.232918,47.007,426,6565.000,228.000,84.000,0.000,53.000,-80.000,-80.000,0.000,1.000,"6565,228,84,0,53,-80,-80,0,1"
2026-08-01 06:03:23.335444,47.109,427,6580.000,349.000,205.000,0.000,56.000,-5.000,-5.000,0.000,1.000,"6580,349,205,0,56,-5,-5,0,1"
2026-08-01 06:03:23.438441,47.212,428,6595.000,482.000,325.000,0.000,58.000,80.000,80.000,0.000,1.000,"6595,482,325,0,58,80,80,0,1"
2026-08-01 06:03:23.540810,47.315,429,6610.000,578.000,436.000,0.000,57.000,80.000,80.000,0.000,1.000,"6610,578,436,0,57,80,80,0,1"
2026-08-01 06:03:23.643483,47.417,430,6625.000,662.000,540.000,0.000,54.000,80.000,80.000,0.000,1.000,"6625,662,540,0,54,80,80,0,1"
2026-08-01 06:03:23.746461,47.520,431,6640.000,771.000,644.000,0.000,53.000,80.000,80.000,0.000,1.000,"6640,771,644,0,53,80,80,0,1"
2026-08-01 06:03:23.849012,47.623,432,6655.000,855.000,740.000,0.000,50.000,80.000,80.000,0.000,1.000,"6655,855,740,0,50,80,80,0,1"
2026-08-01 06:03:23.951772,47.726,433,6670.000,916.000,812.000,0.000,44.000,80.000,80.000,0.000,1.000,"6670,916,812,0,44,80,80,0,1"
2026-08-01 06:03:24.054846,47.829,434,6685.000,940.000,862.000,0.000,36.000,80.000,80.000,0.000,1.000,"6685,940,862,0,36,80,80,0,1"
2026-08-01 06:03:24.157490,47.931,435,6700.000,952.000,893.000,0.000,26.000,80.000,80.000,0.000,1.000,"6700,952,893,0,26,80,80,0,1"
2026-08-01 06:03:24.260352,48.034,436,6715.000,903.000,902.000,0.000,17.000,80.000,80.000,0.000,1.000,"6715,903,902,0,17,80,80,0,1"
2026-08-01 06:03:24.363432,48.137,437,6725.000,891.000,877.000,0.000,4.000,80.000,80.000,0.000,1.000,"6725,891,877,0,4,80,80,0,1"
2026-08-01 06:03:24.466393,48.240,438,6740.000,855.000,849.000,0.000,-3.000,80.000,80.000,0.000,1.000,"6740,855,849,0,-3,80,80,0,1"
2026-08-01 06:03:24.568232,48.342,439,6755.000,831.000,826.000,0.000,-7.000,80.000,80.000,0.000,1.000,"6755,831,826,0,-7,80,80,0,1"
2026-08-01 06:03:24.671399,48.445,440,6770.000,759.000,777.000,0.000,-14.000,80.000,80.000,0.000,1.000,"6770,759,777,0,-14,80,80,0,1"
2026-08-01 06:03:24.773711,48.547,441,6785.000,674.000,708.000,0.000,-23.000,80.000,80.000,0.000,1.000,"6785,674,708,0,-23,80,80,0,1"
2026-08-01 06:03:24.876381,48.650,442,6800.000,602.000,639.000,0.000,-28.000,80.000,80.000,0.000,1.000,"6800,602,639,0,-28,80,80,0,1"
2026-08-01 06:03:24.979780,48.754,443,6815.000,506.000,555.000,0.000,-34.000,80.000,80.000,0.000,1.000,"6815,506,555,0,-34,80,80,0,1"
2026-08-01 06:03:25.082523,48.856,444,6830.000,409.000,461.000,0.000,-39.000,80.000,80.000,0.000,1.000,"6830,409,461,0,-39,80,80,0,1"
2026-08-01 06:03:25.184620,48.958,445,6845.000,289.000,354.000,0.000,-45.000,80.000,80.000,0.000,1.000,"6845,289,354,0,-45,80,80,0,1"
2026-08-01 06:03:25.287493,49.061,446,6860.000,168.000,239.000,0.000,-50.000,80.000,80.000,0.000,1.000,"6860,168,239,0,-50,80,80,0,1"
2026-08-01 06:03:25.389891,49.164,447,6873.000,48.000,122.000,0.000,-54.000,80.000,80.000,0.000,1.000,"6873,48,122,0,-54,80,80,0,1"
2026-08-01 06:03:25.492829,49.267,448,6887.000,-61.000,6.000,0.000,-55.000,80.000,80.000,0.000,1.000,"6887,-61,6,0,-55,80,80,0,1"
2026-08-01 06:03:25.596063,49.370,449,6904.000,-169.000,-104.000,0.000,-55.000,80.000,80.000,0.000,1.000,"6904,-169,-104,0,-55,80,80,0,1"
2026-08-01 06:03:25.699495,49.473,450,6922.000,-290.000,-210.000,0.000,-54.000,-4.000,-4.000,0.000,1.000,"6922,-290,-210,0,-54,-4,-4,0,1"
2026-08-01 06:03:25.802775,49.577,451,6940.000,-386.000,-417.000,0.000,-69.000,-80.000,-80.000,0.000,1.000,"6940,-386,-417,0,-69,-80,-80,0,1"
2026-08-01 06:03:25.906481,49.680,452,6958.000,-483.000,-456.000,0.000,-48.000,-80.000,-80.000,0.000,1.000,"6958,-483,-456,0,-48,-80,-80,0,1"
2026-08-01 06:03:26.010210,49.784,453,6976.000,-567.000,-527.000,0.000,-42.000,-80.000,-80.000,0.000,1.000,"6976,-567,-527,0,-42,-80,-80,0,1"
2026-08-01 06:03:26.113892,49.888,454,6994.000,-627.000,-594.000,0.000,-38.000,-80.000,-80.000,0.000,1.000,"6994,-627,-594,0,-38,-80,-80,0,1"
2026-08-01 06:03:26.217624,49.991,455,7012.000,-676.000,-653.000,0.000,-34.000,-80.000,-80.000,0.000,1.000,"7012,-676,-653,0,-34,-80,-80,0,1"
2026-08-01 06:03:26.321168,50.095,456,7030.000,-676.000,-684.000,0.000,-26.000,-80.000,-80.000,0.000,1.000,"7030,-676,-684,0,-26,-80,-80,0,1"
2026-08-01 06:03:26.425016,50.199,457,7048.000,-676.000,-700.000,0.000,-17.000,-80.000,-80.000,0.000,1.000,"7048,-676,-700,0,-17,-80,-80,0,1"
2026-08-01 06:03:26.528809,50.303,458,7066.000,-676.000,-704.000,0.000,-10.000,-80.000,-80.000,0.000,1.000,"7066,-676,-704,0,-10,-80,-80,0,1"
2026-08-01 06:03:26.631513,50.405,459,7084.000,-627.000,-685.000,0.000,-1.000,-80.000,-80.000,0.000,1.000,"7084,-627,-685,0,-1,-80,-80,0,1"
2026-08-01 06:03:26.737034,50.511,460,7102.000,-579.000,-652.000,0.000,6.000,-80.000,-80.000,0.000,1.000,"7102,-579,-652,0,6,-80,-80,0,1"
2026-08-01 06:03:26.838936,50.613,461,7120.000,-531.000,-608.000,0.000,13.000,-80.000,-80.000,0.000,1.000,"7120,-531,-608,0,13,-80,-80,0,1"
2026-08-01 06:03:26.943361,50.717,462,7138.000,-447.000,-546.000,0.000,21.000,-80.000,-80.000,0.000,1.000,"7138,-447,-546,0,21,-80,-80,0,1"
2026-08-01 06:03:27.046806,50.821,463,7156.000,-362.000,-471.000,0.000,28.000,-80.000,-80.000,0.000,1.000,"7156,-362,-471,0,28,-80,-80,0,1"
2026-08-01 06:03:27.150176,50.924,464,7174.000,-266.000,-387.000,0.000,35.000,-80.000,-80.000,0.000,1.000,"7174,-266,-387,0,35,-80,-80,0,1"
2026-08-01 06:03:35.754594,59.528,465,1205.000,-712.000,-416.000,0.000,-104.000,-20.000,-20.000,0.000,1.000,"1205,-712,-416,0,-104,-20,-20,0,1"
2026-08-01 06:03:35.858303,59.632,466,1223.000,-651.000,-832.000,0.000,-146.000,-80.000,-80.000,0.000,1.000,"1223,-651,-832,0,-146,-80,-80,0,1"
2026-08-01 06:03:35.962048,59.736,467,1241.000,-639.000,-999.000,0.000,-117.000,-80.000,-80.000,0.000,1.000,"1241,-639,-999,0,-117,-80,-80,0,1"
2026-08-01 06:03:36.066090,59.840,468,1259.000,-579.000,-1042.000,0.000,-74.000,-80.000,-80.000,0.000,1.000,"1259,-579,-1042,0,-74,-80,-80,0,1"
2026-08-01 06:03:36.169375,59.943,469,1277.000,-531.000,-1028.000,0.000,-38.000,-80.000,-80.000,0.000,1.000,"1277,-531,-1028,0,-38,-80,-80,0,1"
2026-08-01 06:03:36.273533,60.047,470,1295.000,-459.000,-985.000,0.000,-12.000,-80.000,-80.000,0.000,1.000,"1295,-459,-985,0,-12,-80,-80,0,1"
2026-08-01 06:03:36.377859,60.152,471,1313.000,-362.000,-911.000,0.000,9.000,-80.000,-80.000,0.000,1.000,"1313,-362,-911,0,9,-80,-80,0,1"
2026-08-01 06:03:36.480401,60.254,472,1331.000,-290.000,-844.000,0.000,20.000,-80.000,-80.000,0.000,1.000,"1331,-290,-844,0,20,-80,-80,0,1"
2026-08-01 06:03:36.583894,60.358,473,1349.000,-181.000,-750.000,0.000,32.000,-80.000,-80.000,0.000,1.000,"1349,-181,-750,0,32,-80,-80,0,1"
2026-08-01 06:03:36.689006,60.463,474,1365.000,-73.000,-648.000,0.000,40.000,-80.000,-80.000,0.000,1.000,"1365,-73,-648,0,40,-80,-80,0,1"
2026-08-01 06:03:36.792399,60.566,475,1378.000,48.000,-538.000,0.000,47.000,-80.000,-80.000,0.000,1.000,"1378,48,-538,0,47,-80,-80,0,1"
2026-08-01 06:03:36.896534,60.670,476,1392.000,180.000,-418.000,0.000,53.000,-80.000,-80.000,0.000,1.000,"1392,180,-418,0,53,-80,-80,0,1"
2026-08-01 06:03:36.999830,60.774,477,1408.000,289.000,-296.000,0.000,56.000,-80.000,-80.000,0.000,1.000,"1408,289,-296,0,56,-80,-80,0,1"
2026-08-01 06:03:37.103373,60.877,478,1423.000,433.000,-169.000,0.000,59.000,-80.000,-80.000,0.000,1.000,"1423,433,-169,0,59,-80,-80,0,1"
2026-08-01 06:03:37.208151,60.982,479,1438.000,554.000,-49.000,0.000,60.000,-80.000,-80.000,0.000,1.000,"1438,554,-49,0,60,-80,-80,0,1"
2026-08-01 06:03:37.310813,61.085,480,1448.000,626.000,52.000,0.000,56.000,-80.000,-80.000,0.000,1.000,"1448,626,52,0,56,-80,-80,0,1"
2026-08-01 06:03:37.414228,61.188,481,1468.000,735.000,157.000,0.000,54.000,-38.000,-38.000,0.000,1.000,"1468,735,157,0,54,-38,-38,0,1"
2026-08-01 06:03:37.517127,61.291,482,1483.000,952.000,299.000,0.000,63.000,49.000,49.000,0.000,1.000,"1483,952,299,0,63,49,49,0,1"
2026-08-01 06:03:37.619818,61.394,483,1494.000,891.000,362.000,0.000,49.000,80.000,80.000,0.000,1.000,"1494,891,362,0,49,80,80,0,1"
2026-08-01 06:03:37.722841,61.497,484,1508.000,952.000,422.000,0.000,40.000,80.000,80.000,0.000,1.000,"1508,952,422,0,40,80,80,0,1"
2026-08-01 06:03:37.825724,61.599,485,1524.000,1012.000,481.000,0.000,35.000,80.000,80.000,0.000,1.000,"1524,1012,481,0,35,80,80,0,1"
2026-08-01 06:03:37.928047,61.702,486,1542.000,1036.000,526.000,0.000,29.000,80.000,80.000,0.000,1.000,"1542,1036,526,0,29,80,80,0,1"
2026-08-01 06:03:38.031068,61.805,487,1560.000,1060.000,559.000,0.000,23.000,80.000,80.000,0.000,1.000,"1560,1060,559,0,23,80,80,0,1"
2026-08-01 06:03:38.133319,61.907,488,1578.000,1072.000,579.000,0.000,17.000,80.000,80.000,0.000,1.000,"1578,1072,579,0,17,80,80,0,1"
2026-08-01 06:03:38.236554,62.010,489,1596.000,1060.000,581.000,0.000,10.000,80.000,80.000,0.000,1.000,"1596,1060,581,0,10,80,80,0,1"
2026-08-01 06:03:38.339408,62.113,490,1614.000,1000.000,547.000,0.000,-1.000,80.000,80.000,0.000,1.000,"1614,1000,547,0,-1,80,80,0,1"
2026-08-01 06:03:38.442273,62.216,491,1629.000,940.000,504.000,0.000,-10.000,80.000,80.000,0.000,1.000,"1629,940,504,0,-10,80,80,0,1"
2026-08-01 06:03:38.544903,62.319,492,1644.000,879.000,447.000,0.000,-17.000,80.000,80.000,0.000,1.000,"1644,879,447,0,-17,80,80,0,1"
2026-08-01 06:03:38.646883,62.421,493,1661.000,-796.000,-173.000,0.000,-163.000,80.000,80.000,0.000,1.000,"1661,-796,-173,0,-163,80,80,0,1"
2026-08-01 06:03:38.751835,62.526,494,1676.000,723.000,68.000,0.000,-40.000,80.000,80.000,0.000,1.000,"1676,723,68,0,-40,80,80,0,1"
2026-08-01 06:03:38.853864,62.628,495,1691.000,578.000,103.000,0.000,-16.000,80.000,80.000,0.000,1.000,"1691,578,103,0,-16,80,80,0,1"
2026-08-01 06:03:38.956880,62.731,496,1706.000,482.000,52.000,0.000,-20.000,80.000,80.000,0.000,1.000,"1706,482,52,0,-20,80,80,0,1"
2026-08-01 06:03:39.059569,62.833,497,1721.000,337.000,-36.000,0.000,-31.000,65.000,65.000,0.000,1.000,"1721,337,-36,0,-31,65,65,0,1"
2026-08-01 06:03:39.161813,62.936,498,1736.000,192.000,-158.000,0.000,-44.000,8.000,8.000,0.000,1.000,"1736,192,-158,0,-44,8,8,0,1"
2026-08-01 06:03:39.265711,63.039,499,1750.000,72.000,-278.000,0.000,-52.000,-66.000,-66.000,0.000,1.000,"1750,72,-278,0,-52,-66,-66,0,1"
2026-08-01 06:03:39.367989,63.142,500,1764.000,-73.000,-413.000,0.000,-59.000,-80.000,-80.000,0.000,1.000,"1764,-73,-413,0,-59,-80,-80,0,1"
2026-08-01 06:03:39.472219,63.246,501,1781.000,-193.000,-539.000,0.000,-61.000,-80.000,-80.000,0.000,1.000,"1781,-193,-539,0,-61,-80,-80,0,1"
2026-08-01 06:03:39.575707,63.349,502,1799.000,-314.000,-668.000,0.000,-62.000,-80.000,-80.000,0.000,1.000,"1799,-314,-668,0,-62,-80,-80,0,1"
2026-08-01 06:03:39.679412,63.453,503,1817.000,-410.000,-778.000,0.000,-59.000,-80.000,-80.000,0.000,1.000,"1817,-410,-778,0,-59,-80,-80,0,1"
2026-08-01 06:03:39.783450,63.557,504,1835.000,-483.000,-872.000,0.000,-54.000,-80.000,-80.000,0.000,1.000,"1835,-483,-872,0,-54,-80,-80,0,1"
2026-08-01 06:03:39.886939,63.661,505,1853.000,-555.000,-953.000,0.000,-48.000,-80.000,-80.000,0.000,1.000,"1853,-555,-953,0,-48,-80,-80,0,1"
2026-08-01 06:03:39.990829,63.765,506,1871.000,-579.000,-1007.000,0.000,-38.000,-80.000,-80.000,0.000,1.000,"1871,-579,-1007,0,-38,-80,-80,0,1"
2026-08-01 06:03:40.094494,63.868,507,1889.000,-579.000,-1035.000,0.000,-27.000,-80.000,-80.000,0.000,1.000,"1889,-579,-1035,0,-27,-80,-80,0,1"
2026-08-01 06:03:40.199052,63.973,508,1907.000,-579.000,-1047.000,0.000,-18.000,-80.000,-80.000,0.000,1.000,"1907,-579,-1047,0,-18,-80,-80,0,1"
2026-08-01 06:03:40.302035,64.076,509,1925.000,-579.000,-1052.000,0.000,-11.000,-80.000,-80.000,0.000,1.000,"1925,-579,-1052,0,-11,-80,-80,0,1"
2026-08-01 06:03:40.405576,64.179,510,1943.000,-555.000,-1046.000,0.000,-4.000,-80.000,-80.000,0.000,1.000,"1943,-555,-1046,0,-4,-80,-80,0,1"
2026-08-01 06:03:40.508720,64.282,511,1961.000,-507.000,-1018.000,0.000,3.000,-80.000,-80.000,0.000,1.000,"1961,-507,-1018,0,3,-80,-80,0,1"
2026-08-01 06:03:40.612455,64.386,512,1979.000,-434.000,-970.000,0.000,13.000,-80.000,-80.000,0.000,1.000,"1979,-434,-970,0,13,-80,-80,0,1"
2026-08-01 06:03:40.716339,64.490,513,1997.000,-386.000,-919.000,0.000,18.000,-80.000,-80.000,0.000,1.000,"1997,-386,-919,0,18,-80,-80,0,1"
2026-08-01 06:03:40.819767,64.593,514,2015.000,-302.000,-851.000,0.000,25.000,-80.000,-80.000,0.000,1.000,"2015,-302,-851,0,25,-80,-80,0,1"
2026-08-01 06:03:40.923993,64.698,515,2033.000,-193.000,-766.000,0.000,33.000,-80.000,-80.000,0.000,1.000,"2033,-193,-766,0,33,-80,-80,0,1"
2026-08-01 06:03:41.027592,64.801,516,2051.000,-109.000,-675.000,0.000,38.000,-80.000,-80.000,0.000,1.000,"2051,-109,-675,0,38,-80,-80,0,1"
2026-08-01 06:03:41.132744,64.906,517,2065.000,-1.000,-580.000,0.000,43.000,-80.000,-80.000,0.000,1.000,"2065,-1,-580,0,43,-80,-80,0,1"
2026-08-01 06:03:41.235674,65.009,518,2077.000,96.000,-481.000,0.000,46.000,-80.000,-80.000,0.000,1.000,"2077,96,-481,0,46,-80,-80,0,1"
2026-08-01 06:03:41.339787,65.114,519,2092.000,216.000,-370.000,0.000,50.000,-80.000,-80.000,0.000,1.000,"2092,216,-370,0,50,-80,-80,0,1"
2026-08-01 06:03:41.443285,65.217,520,2107.000,325.000,-260.000,0.000,52.000,-80.000,-80.000,0.000,1.000,"2107,325,-260,0,52,-80,-80,0,1"
2026-08-01 06:03:41.547602,65.321,521,2122.000,445.000,-147.000,0.000,54.000,-80.000,-80.000,0.000,1.000,"2122,445,-147,0,54,-80,-80,0,1"
2026-08-01 06:03:41.650608,65.424,522,2137.000,554.000,-34.000,0.000,55.000,-80.000,-80.000,0.000,1.000,"2137,554,-34,0,55,-80,-80,0,1"
2026-08-01 06:03:41.754212,65.528,523,2152.000,674.000,77.000,0.000,56.000,-80.000,-80.000,0.000,1.000,"2152,674,77,0,56,-80,-80,0,1"
2026-08-01 06:03:41.857159,65.631,524,2167.000,747.000,169.000,0.000,52.000,-21.000,-21.000,0.000,1.000,"2167,747,169,0,52,-21,-21,0,1"
2026-08-01 06:03:41.960929,65.735,525,2183.000,819.000,258.000,0.000,48.000,59.000,59.000,0.000,1.000,"2183,819,258,0,48,59,59,0,1"
2026-08-01 06:03:42.063483,65.837,526,2198.000,916.000,351.000,0.000,47.000,80.000,80.000,0.000,1.000,"2198,916,351,0,47,80,80,0,1"
2026-08-01 06:03:42.166195,65.940,527,2212.000,940.000,415.000,0.000,40.000,80.000,80.000,0.000,1.000,"2212,940,415,0,40,80,80,0,1"
2026-08-01 06:03:42.269504,66.043,528,2223.000,976.000,461.000,0.000,32.000,80.000,80.000,0.000,1.000,"2223,976,461,0,32,80,80,0,1"
2026-08-01 06:03:42.372182,66.146,529,2239.000,1000.000,494.000,0.000,25.000,80.000,80.000,0.000,1.000,"2239,1000,494,0,25,80,80,0,1"
2026-08-01 06:03:42.474984,66.249,530,2257.000,1000.000,513.000,0.000,18.000,80.000,80.000,0.000,1.000,"2257,1000,513,0,18,80,80,0,1"
2026-08-01 06:03:42.577569,66.351,531,2273.000,1000.000,516.000,0.000,11.000,80.000,80.000,0.000,1.000,"2273,1000,516,0,11,80,80,0,1"
2026-08-01 06:03:42.679865,66.454,532,2288.000,964.000,502.000,0.000,3.000,80.000,80.000,0.000,1.000,"2288,964,502,0,3,80,80,0,1"
2026-08-01 06:03:42.782560,66.556,533,2303.000,940.000,484.000,0.000,-2.000,80.000,80.000,0.000,1.000,"2303,940,484,0,-2,80,80,0,1"
2026-08-01 06:03:42.885300,66.659,534,2318.000,891.000,446.000,0.000,-9.000,80.000,80.000,0.000,1.000,"2318,891,446,0,-9,80,80,0,1"
2026-08-01 06:03:42.987835,66.762,535,2335.000,-784.000,-542.000,0.000,-214.000,80.000,80.000,0.000,1.000,"2335,-784,-542,0,-214,80,80,0,1"
2026-08-01 06:03:43.092224,66.866,536,2351.000,735.000,-71.000,0.000,-21.000,7.000,19.000,0.000,1.000,"2351,735,-71,0,-21,7,19,0,1"
2026-08-01 06:03:43.194309,66.968,537,2366.000,662.000,76.000,0.000,19.000,3.000,3.000,0.000,1.000,"2366,662,76,0,19,3,3,0,1"
2026-08-01 06:03:43.297094,67.071,538,2381.000,530.000,71.000,0.000,9.000,29.000,29.000,0.000,1.000,"2381,530,71,0,9,29,29,0,1"
2026-08-01 06:03:43.400033,67.174,539,2396.000,433.000,15.000,0.000,-7.000,34.000,34.000,0.000,1.000,"2396,433,15,0,-7,34,34,0,1"
2026-08-01 06:03:43.502992,67.277,540,2411.000,313.000,-79.000,0.000,-24.000,10.000,10.000,0.000,1.000,"2411,313,-79,0,-24,10,10,0,1"
2026-08-01 06:03:43.605114,67.379,541,2426.000,192.000,-187.000,0.000,-37.000,-37.000,-37.000,0.000,1.000,"2426,192,-187,0,-37,-37,-37,0,1"
2026-08-01 06:03:43.710099,67.484,542,2440.000,72.000,-293.000,0.000,-44.000,-80.000,-80.000,0.000,1.000,"2440,72,-293,0,-44,-80,-80,0,1"
2026-08-01 06:03:43.813141,67.587,543,2453.000,-25.000,-400.000,0.000,-48.000,-80.000,-80.000,0.000,1.000,"2453,-25,-400,0,-48,-80,-80,0,1"
2026-08-01 06:03:43.916776,67.691,544,2469.000,-121.000,-500.000,0.000,-49.000,-80.000,-80.000,0.000,1.000,"2469,-121,-500,0,-49,-80,-80,0,1"
2026-08-01 06:03:44.020354,67.794,545,2487.000,-205.000,-597.000,0.000,-48.000,-80.000,-80.000,0.000,1.000,"2487,-205,-597,0,-48,-80,-80,0,1"
2026-08-01 06:03:44.124857,67.899,546,2505.000,-290.000,-684.000,0.000,-46.000,-80.000,-80.000,0.000,1.000,"2505,-290,-684,0,-46,-80,-80,0,1"
2026-08-01 06:03:44.227912,68.002,547,2523.000,-362.000,-779.000,0.000,-45.000,-80.000,-80.000,0.000,1.000,"2523,-362,-779,0,-45,-80,-80,0,1"
2026-08-01 06:03:50.719049,74.493,548,928.000,-97.000,-348.000,0.000,-87.000,-17.000,-17.000,0.000,1.000,"928,-97,-348,0,-87,-17,-17,0,1"
2026-08-01 06:03:50.822140,74.596,549,943.000,-97.000,-722.000,0.000,-128.000,-80.000,-80.000,0.000,1.000,"943,-97,-722,0,-128,-80,-80,0,1"
2026-08-01 06:03:50.926333,74.700,550,958.000,-85.000,-876.000,0.000,-104.000,-80.000,-80.000,0.000,1.000,"958,-85,-876,0,-104,-80,-80,0,1"
2026-08-01 06:03:51.030752,74.804,551,973.000,-73.000,-934.000,0.000,-71.000,-80.000,-80.000,0.000,1.000,"973,-73,-934,0,-71,-80,-80,0,1"
2026-08-01 06:03:51.133692,74.907,552,988.000,-49.000,-947.000,0.000,-42.000,-80.000,-80.000,0.000,1.000,"988,-49,-947,0,-42,-80,-80,0,1"
2026-08-01 06:03:51.236736,75.010,553,1003.000,-25.000,-939.000,0.000,-21.000,-80.000,-80.000,0.000,1.000,"1003,-25,-939,0,-21,-80,-80,0,1"
2026-08-01 06:03:51.341282,75.115,554,1016.000,-1.000,-922.000,0.000,-8.000,-80.000,-80.000,0.000,1.000,"1016,-1,-922,0,-8,-80,-80,0,1"
2026-08-01 06:03:51.445351,75.219,555,1028.000,48.000,-889.000,0.000,2.000,-80.000,-80.000,0.000,1.000,"1028,48,-889,0,2,-80,-80,0,1"
2026-08-01 06:03:51.548249,75.322,556,1040.000,96.000,-850.000,0.000,10.000,-80.000,-80.000,0.000,1.000,"1040,96,-850,0,10,-80,-80,0,1"
2026-08-01 06:03:51.651276,75.425,557,1055.000,144.000,-803.000,0.000,16.000,-80.000,-80.000,0.000,1.000,"1055,144,-803,0,16,-80,-80,0,1"
2026-08-01 06:03:51.755503,75.529,558,1070.000,204.000,-746.000,0.000,21.000,-80.000,-80.000,0.000,1.000,"1070,204,-746,0,21,-80,-80,0,1"
2026-08-01 06:03:51.859816,75.634,559,1085.000,265.000,-686.000,0.000,25.000,-80.000,-80.000,0.000,1.000,"1085,265,-686,0,25,-80,-80,0,1"
2026-08-01 06:03:51.962687,75.736,560,1100.000,313.000,-634.000,0.000,25.000,-80.000,-80.000,0.000,1.000,"1100,313,-634,0,25,-80,-80,0,1"
2026-08-01 06:03:52.066323,75.840,561,1115.000,385.000,-572.000,0.000,27.000,-80.000,-80.000,0.000,1.000,"1115,385,-572,0,27,-80,-80,0,1"
2026-08-01 06:03:52.170260,75.944,562,1130.000,433.000,-519.000,0.000,27.000,-80.000,-80.000,0.000,1.000,"1130,433,-519,0,27,-80,-80,0,1"
2026-08-01 06:03:52.273435,76.047,563,1145.000,482.000,-465.000,0.000,27.000,-80.000,-80.000,0.000,1.000,"1145,482,-465,0,27,-80,-80,0,1"
2026-08-01 06:03:52.377266,76.151,564,1160.000,530.000,-415.000,0.000,26.000,-80.000,-80.000,0.000,1.000,"1160,530,-415,0,26,-80,-80,0,1"
2026-08-01 06:03:52.481196,76.255,565,1175.000,578.000,-369.000,0.000,25.000,-80.000,-80.000,0.000,1.000,"1175,578,-369,0,25,-80,-80,0,1"
2026-08-01 06:03:52.584634,76.358,566,1190.000,578.000,-344.000,0.000,19.000,-80.000,-80.000,0.000,1.000,"1190,578,-344,0,19,-80,-80,0,1"
2026-08-01 06:03:52.688467,76.462,567,1205.000,650.000,-294.000,0.000,21.000,-80.000,-80.000,0.000,1.000,"1205,650,-294,0,21,-80,-80,0,1"
2026-08-01 06:03:52.792136,76.566,568,1220.000,650.000,-270.000,0.000,17.000,-80.000,-80.000,0.000,1.000,"1220,650,-270,0,17,-80,-80,0,1"
2026-08-01 06:03:52.896210,76.670,569,1235.000,674.000,-247.000,0.000,15.000,-80.000,-80.000,0.000,1.000,"1235,674,-247,0,15,-80,-80,0,1"
2026-08-01 06:03:52.999479,76.773,570,1250.000,650.000,-245.000,0.000,8.000,-80.000,-80.000,0.000,1.000,"1250,650,-245,0,8,-80,-80,0,1"
2026-08-01 06:03:53.103016,76.877,571,1265.000,662.000,-240.000,0.000,5.000,-80.000,-80.000,0.000,1.000,"1265,662,-240,0,5,-80,-80,0,1"
2026-08-01 06:03:53.207060,76.981,572,1280.000,638.000,-249.000,0.000,1.000,-80.000,-80.000,0.000,1.000,"1280,638,-249,0,1,-80,-80,0,1"
2026-08-01 06:03:53.310540,77.084,573,1295.000,638.000,-253.000,0.000,0.000,-80.000,-80.000,0.000,1.000,"1295,638,-253,0,0,-80,-80,0,1"
2026-08-01 06:03:53.415529,77.189,574,1310.000,626.000,-262.000,0.000,-2.000,-80.000,-80.000,0.000,1.000,"1310,626,-262,0,-2,-80,-80,0,1"
2026-08-01 06:03:53.517843,77.292,575,1325.000,578.000,-285.000,0.000,-6.000,-80.000,-80.000,0.000,1.000,"1325,578,-285,0,-6,-80,-80,0,1"
2026-08-01 06:03:53.621503,77.395,576,1340.000,566.000,-310.000,0.000,-9.000,-80.000,-80.000,0.000,1.000,"1340,566,-310,0,-9,-80,-80,0,1"
2026-08-01 06:03:53.725154,77.499,577,1355.000,554.000,-330.000,0.000,-9.000,-80.000,-80.000,0.000,1.000,"1355,554,-330,0,-9,-80,-80,0,1"
2026-08-01 06:03:53.828946,77.603,578,1370.000,554.000,-338.000,0.000,-7.000,-80.000,-80.000,0.000,1.000,"1370,554,-338,0,-7,-80,-80,0,1"
2026-08-01 06:03:53.932958,77.707,579,1385.000,554.000,-342.000,0.000,-4.000,-80.000,-80.000,0.000,1.000,"1385,554,-342,0,-4,-80,-80,0,1"
2026-08-01 06:03:54.036375,77.810,580,1400.000,554.000,-343.000,0.000,-3.000,-80.000,-80.000,0.000,1.000,"1400,554,-343,0,-3,-80,-80,0,1"
2026-08-01 06:03:54.140614,77.914,581,1415.000,554.000,-344.000,0.000,-1.000,-80.000,-80.000,0.000,1.000,"1415,554,-344,0,-1,-80,-80,0,1"
2026-08-01 06:03:54.244429,78.018,582,1430.000,554.000,-344.000,0.000,-1.000,-80.000,-80.000,0.000,1.000,"1430,554,-344,0,-1,-80,-80,0,1"
2026-08-01 06:03:54.347841,78.122,583,1445.000,554.000,-344.000,0.000,0.000,-80.000,-80.000,0.000,1.000,"1445,554,-344,0,0,-80,-80,0,1"
2026-08-01 06:03:54.450974,78.225,584,1460.000,554.000,-344.000,0.000,0.000,-80.000,-80.000,0.000,1.000,"1460,554,-344,0,0,-80,-80,0,1"
2026-08-01 06:03:54.555437,78.329,585,1470.000,554.000,-344.000,0.000,0.000,-80.000,-80.000,0.000,1.000,"1470,554,-344,0,0,-80,-80,0,1"
2026-08-01 06:03:54.658885,78.433,586,1486.000,554.000,-344.000,0.000,0.000,-80.000,-80.000,0.000,1.000,"1486,554,-344,0,0,-80,-80,0,1"
2026-08-01 06:03:54.762015,78.536,587,1500.000,554.000,-344.000,0.000,0.000,-80.000,-80.000,0.000,1.000,"1500,554,-344,0,0,-80,-80,0,1"
2026-08-01 06:03:54.866715,78.640,588,1515.000,554.000,-344.000,0.000,0.000,-80.000,-80.000,0.000,1.000,"1515,554,-344,0,0,-80,-80,0,1"
2026-08-01 06:03:54.970138,78.744,589,1530.000,554.000,-344.000,0.000,0.000,-80.000,-80.000,0.000,1.000,"1530,554,-344,0,0,-80,-80,0,1"
2026-08-01 06:03:55.074048,78.848,590,1545.000,554.000,-344.000,0.000,0.000,-80.000,-80.000,0.000,1.000,"1545,554,-344,0,0,-80,-80,0,1"
2026-08-01 06:03:55.177615,78.951,591,1560.000,554.000,-344.000,0.000,0.000,-80.000,-80.000,0.000,1.000,"1560,554,-344,0,0,-80,-80,0,1"
2026-08-01 06:03:55.281219,79.055,592,1575.000,554.000,-344.000,0.000,0.000,-80.000,-80.000,0.000,1.000,"1575,554,-344,0,0,-80,-80,0,1"
2026-08-01 06:03:55.384212,79.158,593,1590.000,554.000,-344.000,0.000,0.000,-80.000,-80.000,0.000,1.000,"1590,554,-344,0,0,-80,-80,0,1"
2026-08-01 06:03:55.488008,79.262,594,1605.000,554.000,-344.000,0.000,0.000,-80.000,-80.000,0.000,1.000,"1605,554,-344,0,0,-80,-80,0,1"
2026-08-01 06:03:55.592231,79.366,595,1620.000,554.000,-344.000,0.000,0.000,-80.000,-80.000,0.000,1.000,"1620,554,-344,0,0,-80,-80,0,1"
2026-08-01 06:03:55.695385,79.469,596,1635.000,554.000,-344.000,0.000,0.000,-80.000,-80.000,0.000,1.000,"1635,554,-344,0,0,-80,-80,0,1"
2026-08-01 06:03:55.799155,79.573,597,1650.000,554.000,-344.000,0.000,0.000,-80.000,-80.000,0.000,1.000,"1650,554,-344,0,0,-80,-80,0,1"
2026-08-01 06:03:55.903308,79.677,598,1665.000,554.000,-344.000,0.000,0.000,-80.000,-80.000,0.000,1.000,"1665,554,-344,0,0,-80,-80,0,1"
2026-08-01 06:03:56.007208,79.781,599,1680.000,554.000,-344.000,0.000,0.000,-80.000,-80.000,0.000,1.000,"1680,554,-344,0,0,-80,-80,0,1"
2026-08-01 06:03:56.110668,79.884,600,1695.000,554.000,-344.000,0.000,0.000,-80.000,-80.000,0.000,1.000,"1695,554,-344,0,0,-80,-80,0,1"
2026-08-01 06:03:56.214389,79.988,601,1710.000,554.000,-344.000,0.000,0.000,-80.000,-80.000,0.000,1.000,"1710,554,-344,0,0,-80,-80,0,1"
2026-08-01 06:03:56.317588,80.091,602,1725.000,554.000,-344.000,0.000,0.000,-80.000,-80.000,0.000,1.000,"1725,554,-344,0,0,-80,-80,0,1"
2026-08-01 06:03:56.421725,80.195,603,1740.000,554.000,-344.000,0.000,0.000,-80.000,-80.000,0.000,1.000,"1740,554,-344,0,0,-80,-80,0,1"
2026-08-01 06:03:56.525248,80.299,604,1755.000,554.000,-344.000,0.000,0.000,-80.000,-80.000,0.000,1.000,"1755,554,-344,0,0,-80,-80,0,1"
2026-08-01 06:03:56.629042,80.403,605,1770.000,554.000,-344.000,0.000,0.000,-80.000,-80.000,0.000,1.000,"1770,554,-344,0,0,-80,-80,0,1"
2026-08-01 06:03:56.732408,80.506,606,1785.000,554.000,-344.000,0.000,0.000,-80.000,-80.000,0.000,1.000,"1785,554,-344,0,0,-80,-80,0,1"
2026-08-01 06:03:56.836336,80.610,607,1800.000,554.000,-344.000,0.000,0.000,-80.000,-80.000,0.000,1.000,"1800,554,-344,0,0,-80,-80,0,1"
2026-08-01 06:03:56.940424,80.714,608,1815.000,554.000,-344.000,0.000,0.000,-80.000,-80.000,0.000,1.000,"1815,554,-344,0,0,-80,-80,0,1"
2026-08-01 06:03:57.044141,80.818,609,1830.000,554.000,-344.000,0.000,0.000,-80.000,-80.000,0.000,1.000,"1830,554,-344,0,0,-80,-80,0,1"
2026-08-01 06:03:57.147368,80.921,610,1845.000,554.000,-344.000,0.000,0.000,-80.000,-80.000,0.000,1.000,"1845,554,-344,0,0,-80,-80,0,1"
2026-08-01 06:03:57.250913,81.025,611,1860.000,554.000,-344.000,0.000,0.000,-80.000,-80.000,0.000,1.000,"1860,554,-344,0,0,-80,-80,0,1"
2026-08-01 06:03:57.355245,81.129,612,1875.000,554.000,-344.000,0.000,0.000,-80.000,-80.000,0.000,1.000,"1875,554,-344,0,0,-80,-80,0,1"
2026-08-01 06:03:57.458424,81.232,613,1890.000,554.000,-344.000,0.000,0.000,-80.000,-80.000,0.000,1.000,"1890,554,-344,0,0,-80,-80,0,1"
2026-08-01 06:03:57.562367,81.336,614,1905.000,554.000,-344.000,0.000,0.000,-80.000,-80.000,0.000,1.000,"1905,554,-344,0,0,-80,-80,0,1"
2026-08-01 06:03:57.665979,81.440,615,1920.000,554.000,-344.000,0.000,0.000,-80.000,-80.000,0.000,1.000,"1920,554,-344,0,0,-80,-80,0,1"
2026-08-01 06:03:57.769526,81.543,616,1935.000,554.000,-344.000,0.000,0.000,-80.000,-80.000,0.000,1.000,"1935,554,-344,0,0,-80,-80,0,1"
2026-08-01 06:03:57.873948,81.648,617,1950.000,554.000,-344.000,0.000,0.000,-80.000,-80.000,0.000,1.000,"1950,554,-344,0,0,-80,-80,0,1"
2026-08-01 06:03:57.977302,81.751,618,1965.000,554.000,-344.000,0.000,0.000,-80.000,-80.000,0.000,1.000,"1965,554,-344,0,0,-80,-80,0,1"
2026-08-01 06:03:58.081068,81.855,619,1980.000,554.000,-344.000,0.000,0.000,-80.000,-80.000,0.000,1.000,"1980,554,-344,0,0,-80,-80,0,1"
2026-08-01 06:03:58.184426,81.958,620,1995.000,554.000,-344.000,0.000,0.000,-80.000,-80.000,0.000,1.000,"1995,554,-344,0,0,-80,-80,0,1"
2026-08-01 06:03:58.288324,82.062,621,2010.000,554.000,-344.000,0.000,0.000,-80.000,-80.000,0.000,1.000,"2010,554,-344,0,0,-80,-80,0,1"
2026-08-01 06:03:58.392757,82.166,622,2025.000,554.000,-344.000,0.000,0.000,-80.000,-80.000,0.000,1.000,"2025,554,-344,0,0,-80,-80,0,1"
2026-08-01 06:03:58.495775,82.270,623,2040.000,554.000,-344.000,0.000,0.000,-80.000,-80.000,0.000,1.000,"2040,554,-344,0,0,-80,-80,0,1"
2026-08-01 06:03:58.599100,82.373,624,2055.000,554.000,-344.000,0.000,0.000,-80.000,-80.000,0.000,1.000,"2055,554,-344,0,0,-80,-80,0,1"
2026-08-01 06:03:58.703165,82.477,625,2070.000,554.000,-344.000,0.000,0.000,-80.000,-80.000,0.000,1.000,"2070,554,-344,0,0,-80,-80,0,1"
2026-08-01 06:03:58.806972,82.581,626,2085.000,554.000,-344.000,0.000,0.000,-80.000,-80.000,0.000,1.000,"2085,554,-344,0,0,-80,-80,0,1"
2026-08-01 06:03:58.911014,82.685,627,2100.000,554.000,-344.000,0.000,0.000,-80.000,-80.000,0.000,1.000,"2100,554,-344,0,0,-80,-80,0,1"
2026-08-01 06:03:59.014119,82.788,628,2115.000,554.000,-344.000,0.000,0.000,-80.000,-80.000,0.000,1.000,"2115,554,-344,0,0,-80,-80,0,1"
2026-08-01 06:04:02.321319,86.095,629,435.000,506.000,10.000,0.000,2.000,0.000,0.000,0.000,1.000,"435,506,10,0,2,0,0,0,1"
2026-08-01 06:04:02.424004,86.198,630,450.000,494.000,16.000,0.000,2.000,5.000,5.000,0.000,1.000,"450,494,16,0,2,5,5,0,1"
2026-08-01 06:04:02.527255,86.301,631,465.000,506.000,23.000,0.000,3.000,10.000,10.000,0.000,1.000,"465,506,23,0,3,10,10,0,1"
2026-08-01 06:04:02.629433,86.403,632,480.000,506.000,26.000,0.000,2.000,14.000,14.000,0.000,1.000,"480,506,26,0,2,14,14,0,1"
2026-08-01 06:04:02.732689,86.506,633,495.000,482.000,14.000,0.000,-1.000,15.000,15.000,0.000,1.000,"495,482,14,0,-1,15,15,0,1"
2026-08-01 06:04:02.834893,86.609,634,510.000,482.000,8.000,0.000,-1.000,12.000,12.000,0.000,1.000,"510,482,8,0,-1,12,12,0,1"
2026-08-01 06:04:02.937764,86.711,635,525.000,482.000,6.000,0.000,-1.000,9.000,9.000,0.000,1.000,"525,482,6,0,-1,9,9,0,1"
2026-08-01 06:04:03.041271,86.815,636,540.000,458.000,-6.000,0.000,-3.000,6.000,6.000,0.000,1.000,"540,458,-6,0,-3,6,6,0,1"
2026-08-01 06:04:03.143288,86.917,637,555.000,445.000,-21.000,0.000,-5.000,-1.000,-1.000,0.000,1.000,"555,445,-21,0,-5,-1,-1,0,1"
2026-08-01 06:04:03.246891,87.021,638,570.000,397.000,-47.000,0.000,-8.000,-10.000,-10.000,0.000,1.000,"570,397,-47,0,-8,-10,-10,0,1"
2026-08-01 06:04:03.349191,87.123,639,585.000,373.000,-74.000,0.000,-11.000,-26.000,-26.000,0.000,1.000,"585,373,-74,0,-11,-26,-26,0,1"
2026-08-01 06:04:03.453061,87.227,640,600.000,337.000,-106.000,0.000,-13.000,-45.000,-45.000,0.000,1.000,"600,337,-106,0,-13,-45,-45,0,1"
2026-08-01 06:04:03.557418,87.331,641,615.000,313.000,-134.000,0.000,-13.000,-66.000,-66.000,0.000,1.000,"615,313,-134,0,-13,-66,-66,0,1"
2026-08-01 06:04:03.660666,87.434,642,630.000,277.000,-166.000,0.000,-14.000,-80.000,-80.000,0.000,1.000,"630,277,-166,0,-14,-80,-80,0,1"
2026-08-01 06:04:03.765048,87.539,643,645.000,253.000,-202.000,0.000,-15.000,-80.000,-80.000,0.000,1.000,"645,253,-202,0,-15,-80,-80,0,1"
2026-08-01 06:04:03.867638,87.641,644,660.000,241.000,-219.000,0.000,-12.000,-80.000,-80.000,0.000,1.000,"660,241,-219,0,-12,-80,-80,0,1"
2026-08-01 06:04:03.971350,87.745,645,675.000,216.000,-240.000,0.000,-11.000,-80.000,-80.000,0.000,1.000,"675,216,-240,0,-11,-80,-80,0,1"
2026-08-01 06:04:04.075711,87.849,646,690.000,192.000,-263.000,0.000,-11.000,-80.000,-80.000,0.000,1.000,"690,192,-263,0,-11,-80,-80,0,1"
2026-08-01 06:04:04.179181,87.953,647,705.000,192.000,-275.000,0.000,-9.000,-80.000,-80.000,0.000,1.000,"705,192,-275,0,-9,-80,-80,0,1"
2026-08-01 06:04:04.282906,88.057,648,720.000,216.000,-267.000,0.000,-3.000,-80.000,-80.000,0.000,1.000,"720,216,-267,0,-3,-80,-80,0,1"
2026-08-01 06:04:04.386123,88.160,649,735.000,228.000,-259.000,0.000,0.000,-80.000,-80.000,0.000,1.000,"735,228,-259,0,0,-80,-80,0,1"
2026-08-01 06:04:04.488922,88.263,650,750.000,241.000,-245.000,0.000,2.000,-80.000,-80.000,0.000,1.000,"750,241,-245,0,2,-80,-80,0,1"
2026-08-01 06:04:04.592840,88.367,651,765.000,253.000,-235.000,0.000,3.000,-80.000,-80.000,0.000,1.000,"765,253,-235,0,3,-80,-80,0,1"
2026-08-01 06:04:04.695508,88.469,652,780.000,265.000,-227.000,0.000,4.000,-80.000,-80.000,0.000,1.000,"780,265,-227,0,4,-80,-80,0,1"
2026-08-01 06:04:04.796782,88.571,653,795.000,277.000,-214.000,0.000,5.000,-80.000,-80.000,0.000,1.000,"795,277,-214,0,5,-80,-80,0,1"
2026-08-01 06:04:04.900298,88.674,654,810.000,289.000,-201.000,0.000,5.000,-80.000,-80.000,0.000,1.000,"810,289,-201,0,5,-80,-80,0,1"
2026-08-01 06:04:05.002797,88.777,655,825.000,289.000,-193.000,0.000,4.000,-80.000,-80.000,0.000,1.000,"825,289,-193,0,4,-80,-80,0,1"
2026-08-01 06:04:05.105126,88.879,656,836.000,289.000,-190.000,0.000,3.000,-80.000,-80.000,0.000,1.000,"836,289,-190,0,3,-80,-80,0,1"
2026-08-01 06:04:05.208468,88.982,657,850.000,289.000,-189.000,0.000,2.000,-80.000,-80.000,0.000,1.000,"850,289,-189,0,2,-80,-80,0,1"
2026-08-01 06:04:05.310544,89.084,658,865.000,289.000,-188.000,0.000,1.000,-80.000,-80.000,0.000,1.000,"865,289,-188,0,1,-80,-80,0,1"
2026-08-01 06:04:05.413721,89.187,659,880.000,313.000,-174.000,0.000,3.000,-80.000,-80.000,0.000,1.000,"880,313,-174,0,3,-80,-80,0,1"
2026-08-01 06:04:05.516104,89.290,660,895.000,313.000,-171.000,0.000,2.000,-80.000,-80.000,0.000,1.000,"895,313,-171,0,2,-80,-80,0,1"
2026-08-01 06:04:05.619397,89.393,661,910.000,301.000,-171.000,0.000,1.000,-80.000,-80.000,0.000,1.000,"910,301,-171,0,1,-80,-80,0,1"
2026-08-01 06:04:05.722061,89.496,662,925.000,301.000,-176.000,0.000,0.000,-80.000,-80.000,0.000,1.000,"925,301,-176,0,0,-80,-80,0,1"
2026-08-01 06:04:05.825232,89.599,663,940.000,301.000,-179.000,0.000,0.000,-80.000,-80.000,0.000,1.000,"940,301,-179,0,0,-80,-80,0,1"
2026-08-01 06:04:05.927022,89.701,664,955.000,289.000,-184.000,0.000,-1.000,-80.000,-80.000,0.000,1.000,"955,289,-184,0,-1,-80,-80,0,1"
2026-08-01 06:04:06.030683,89.804,665,970.000,289.000,-186.000,0.000,-1.000,-80.000,-80.000,0.000,1.000,"970,289,-186,0,-1,-80,-80,0,1"
2026-08-01 06:04:06.135637,89.909,666,985.000,289.000,-187.000,0.000,0.000,-80.000,-80.000,0.000,1.000,"985,289,-187,0,0,-80,-80,0,1"
2026-08-01 06:04:06.237923,90.012,667,1000.000,289.000,-187.000,0.000,0.000,-80.000,-80.000,0.000,1.000,"1000,289,-187,0,0,-80,-80,0,1"
2026-08-01 06:04:06.341207,90.115,668,1015.000,289.000,-187.000,0.000,0.000,-80.000,-80.000,0.000,1.000,"1015,289,-187,0,0,-80,-80,0,1"
2026-08-01 06:04:06.444941,90.219,669,1030.000,289.000,-187.000,0.000,0.000,-80.000,-80.000,0.000,1.000,"1030,289,-187,0,0,-80,-80,0,1"
2026-08-01 06:04:06.548664,90.322,670,1045.000,289.000,-187.000,0.000,0.000,-80.000,-80.000,0.000,1.000,"1045,289,-187,0,0,-80,-80,0,1"
2026-08-01 06:04:06.652530,90.426,671,1060.000,289.000,-187.000,0.000,0.000,-80.000,-80.000,0.000,1.000,"1060,289,-187,0,0,-80,-80,0,1"
2026-08-01 06:04:06.756012,90.530,672,1075.000,289.000,-185.000,0.000,0.000,-80.000,-80.000,0.000,1.000,"1075,289,-185,0,0,-80,-80,0,1"
2026-08-01 06:04:06.859198,90.633,673,1090.000,289.000,-186.000,0.000,0.000,-80.000,-80.000,0.000,1.000,"1090,289,-186,0,0,-80,-80,0,1"
2026-08-01 06:04:06.963082,90.737,674,1105.000,289.000,-187.000,0.000,0.000,-80.000,-80.000,0.000,1.000,"1105,289,-187,0,0,-80,-80,0,1"
2026-08-01 06:04:07.066697,90.840,675,1120.000,289.000,-187.000,0.000,0.000,-80.000,-80.000,0.000,1.000,"1120,289,-187,0,0,-80,-80,0,1"
2026-08-01 06:04:07.170359,90.944,676,1135.000,301.000,-183.000,0.000,0.000,-80.000,-80.000,0.000,1.000,"1135,301,-183,0,0,-80,-80,0,1"
2026-08-01 06:04:07.274324,91.048,677,1150.000,289.000,-186.000,0.000,0.000,-80.000,-80.000,0.000,1.000,"1150,289,-186,0,0,-80,-80,0,1"
2026-08-01 06:04:07.379675,91.153,678,1165.000,289.000,-187.000,0.000,0.000,-80.000,-80.000,0.000,1.000,"1165,289,-187,0,0,-80,-80,0,1"
2026-08-01 06:04:07.483008,91.257,679,1180.000,301.000,-183.000,0.000,0.000,-80.000,-80.000,0.000,1.000,"1180,301,-183,0,0,-80,-80,0,1"
2026-08-01 06:04:07.585367,91.359,680,1195.000,289.000,-186.000,0.000,0.000,-80.000,-80.000,0.000,1.000,"1195,289,-186,0,0,-80,-80,0,1"
2026-08-01 06:04:07.688962,91.463,681,1210.000,289.000,-187.000,0.000,0.000,-80.000,-80.000,0.000,1.000,"1210,289,-187,0,0,-80,-80,0,1"
2026-08-01 06:04:07.793320,91.567,682,1225.000,289.000,-187.000,0.000,0.000,-80.000,-80.000,0.000,1.000,"1225,289,-187,0,0,-80,-80,0,1"
2026-08-01 06:04:07.896898,91.671,683,1240.000,289.000,-187.000,0.000,0.000,-80.000,-80.000,0.000,1.000,"1240,289,-187,0,0,-80,-80,0,1"
2026-08-01 06:04:08.000221,91.774,684,1255.000,289.000,-185.000,0.000,0.000,-80.000,-80.000,0.000,1.000,"1255,289,-185,0,0,-80,-80,0,1"
2026-08-01 06:04:08.104801,91.879,685,1270.000,289.000,-186.000,0.000,0.000,-80.000,-80.000,0.000,1.000,"1270,289,-186,0,0,-80,-80,0,1"
2026-08-01 06:04:08.207675,91.981,686,1285.000,289.000,-187.000,0.000,0.000,-80.000,-80.000,0.000,1.000,"1285,289,-187,0,0,-80,-80,0,1"
2026-08-01 06:04:08.311714,92.085,687,1300.000,289.000,-187.000,0.000,0.000,-80.000,-80.000,0.000,1.000,"1300,289,-187,0,0,-80,-80,0,1"
2026-08-01 06:04:08.415896,92.190,688,1315.000,289.000,-187.000,0.000,0.000,-80.000,-80.000,0.000,1.000,"1315,289,-187,0,0,-80,-80,0,1"
2026-08-01 06:04:08.518994,92.293,689,1330.000,289.000,-187.000,0.000,0.000,-80.000,-80.000,0.000,1.000,"1330,289,-187,0,0,-80,-80,0,1"
2026-08-01 06:04:08.622297,92.396,690,1345.000,289.000,-185.000,0.000,0.000,-80.000,-80.000,0.000,1.000,"1345,289,-185,0,0,-80,-80,0,1"
2026-08-01 06:04:08.726423,92.500,691,1360.000,289.000,-186.000,0.000,0.000,-80.000,-80.000,0.000,1.000,"1360,289,-186,0,0,-80,-80,0,1"
2026-08-01 06:04:08.831288,92.605,692,1375.000,289.000,-187.000,0.000,0.000,-80.000,-80.000,0.000,1.000,"1375,289,-187,0,0,-80,-80,0,1"
2026-08-01 06:04:08.934169,92.708,693,1390.000,289.000,-185.000,0.000,0.000,-80.000,-80.000,0.000,1.000,"1390,289,-185,0,0,-80,-80,0,1"
2026-08-01 06:04:09.037791,92.812,694,1405.000,289.000,-186.000,0.000,0.000,-80.000,-80.000,0.000,1.000,"1405,289,-186,0,0,-80,-80,0,1"
2026-08-01 06:04:09.140875,92.915,695,1420.000,301.000,-183.000,0.000,0.000,-80.000,-80.000,0.000,1.000,"1420,301,-183,0,0,-80,-80,0,1"
2026-08-01 06:04:09.245112,93.019,696,1435.000,301.000,-179.000,0.000,1.000,-80.000,-80.000,0.000,1.000,"1435,301,-179,0,1,-80,-80,0,1"
2026-08-01 06:04:09.348289,93.122,697,1450.000,289.000,-181.000,0.000,0.000,-80.000,-80.000,0.000,1.000,"1450,289,-181,0,0,-80,-80,0,1"
2026-08-01 06:04:09.452465,93.226,698,1465.000,289.000,-185.000,0.000,0.000,-80.000,-80.000,0.000,1.000,"1465,289,-185,0,0,-80,-80,0,1"
2026-08-01 06:04:14.945314,98.719,699,686.000,96.000,-65.000,0.000,-16.000,-3.000,-3.000,0.000,1.000,"686,96,-65,0,-16,-3,-3,0,1"
2026-08-01 06:04:15.048685,98.822,700,701.000,168.000,-97.000,0.000,-15.000,-30.000,-30.000,0.000,1.000,"701,168,-97,0,-15,-30,-30,0,1"
2026-08-01 06:04:15.151373,98.925,701,716.000,253.000,-67.000,0.000,-2.000,-47.000,-47.000,0.000,1.000,"716,253,-67,0,-2,-47,-47,0,1"
2026-08-01 06:04:15.254139,99.028,702,731.000,289.000,-14.000,0.000,9.000,-40.000,-40.000,0.000,1.000,"731,289,-14,0,9,-40,-40,0,1"
2026-08-01 06:04:15.357398,99.131,703,746.000,361.000,26.000,0.000,14.000,-22.000,-22.000,0.000,1.000,"746,361,26,0,14,-22,-22,0,1"
2026-08-01 06:04:15.459931,99.234,704,761.000,385.000,64.000,0.000,16.000,1.000,1.000,0.000,1.000,"761,385,64,0,16,1,1,0,1"
2026-08-01 06:04:15.562199,99.336,705,776.000,445.000,117.000,0.000,20.000,31.000,31.000,0.000,1.000,"776,445,117,0,20,31,31,0,1"
2026-08-01 06:04:15.666378,99.440,706,791.000,482.000,158.000,0.000,20.000,64.000,64.000,0.000,1.000,"791,482,158,0,20,64,64,0,1"
2026-08-01 06:04:15.768509,99.542,707,806.000,506.000,192.000,0.000,19.000,80.000,80.000,0.000,1.000,"806,506,192,0,19,80,80,0,1"
2026-08-01 06:04:15.870393,99.644,708,821.000,518.000,219.000,0.000,16.000,80.000,80.000,0.000,1.000,"821,518,219,0,16,80,80,0,1"
2026-08-01 06:04:15.973154,99.747,709,836.000,530.000,234.000,0.000,12.000,80.000,80.000,0.000,1.000,"836,530,234,0,12,80,80,0,1"
2026-08-01 06:04:16.076407,99.850,710,851.000,506.000,232.000,0.000,6.000,80.000,80.000,0.000,1.000,"851,506,232,0,6,80,80,0,1"
2026-08-01 06:04:16.179483,99.953,711,866.000,494.000,222.000,0.000,1.000,80.000,80.000,0.000,1.000,"866,494,222,0,1,80,80,0,1"
2026-08-01 06:04:16.281345,100.055,712,881.000,445.000,204.000,0.000,-3.000,80.000,80.000,0.000,1.000,"881,445,204,0,-3,80,80,0,1"
2026-08-01 06:04:16.384078,100.158,713,896.000,385.000,175.000,0.000,-8.000,80.000,80.000,0.000,1.000,"896,385,175,0,-8,80,80,0,1"
2026-08-01 06:04:16.486930,100.261,714,910.000,361.000,123.000,0.000,-15.000,80.000,80.000,0.000,1.000,"910,361,123,0,-15,80,80,0,1"
2026-08-01 06:04:16.589742,100.363,715,921.000,313.000,71.000,0.000,-20.000,80.000,80.000,0.000,1.000,"921,313,71,0,-20,80,80,0,1"
2026-08-01 06:04:16.692695,100.466,716,936.000,253.000,17.000,0.000,-23.000,80.000,80.000,0.000,1.000,"936,253,17,0,-23,80,80,0,1"
2026-08-01 06:04:16.795563,100.569,717,951.000,192.000,-40.000,0.000,-25.000,44.000,44.000,0.000,1.000,"951,192,-40,0,-25,44,44,0,1"
2026-08-01 06:04:16.897978,100.672,718,966.000,132.000,-99.000,0.000,-27.000,2.000,2.000,0.000,1.000,"966,132,-99,0,-27,2,2,0,1"
2026-08-01 06:04:17.000859,100.775,719,979.000,48.000,-172.000,0.000,-31.000,-44.000,-44.000,0.000,1.000,"979,48,-172,0,-31,-44,-44,0,1"
2026-08-01 06:04:17.105330,100.879,720,991.000,-1.000,-237.000,0.000,-31.000,-80.000,-80.000,0.000,1.000,"991,-1,-237,0,-31,-80,-80,0,1"
2026-08-01 06:04:17.207490,100.981,721,1006.000,-73.000,-301.000,0.000,-31.000,-80.000,-80.000,0.000,1.000,"1006,-73,-301,0,-31,-80,-80,0,1"
2026-08-01 06:04:17.311617,101.085,722,1022.000,-121.000,-355.000,0.000,-29.000,-80.000,-80.000,0.000,1.000,"1022,-121,-355,0,-29,-80,-80,0,1"
2026-08-01 06:04:17.415400,101.189,723,1040.000,-169.000,-409.000,0.000,-28.000,-80.000,-80.000,0.000,1.000,"1040,-169,-409,0,-28,-80,-80,0,1"
2026-08-01 06:04:17.519244,101.293,724,1058.000,-193.000,-448.000,0.000,-24.000,-80.000,-80.000,0.000,1.000,"1058,-193,-448,0,-24,-80,-80,0,1"
2026-08-01 06:04:17.622896,101.397,725,1076.000,-205.000,-469.000,0.000,-18.000,-80.000,-80.000,0.000,1.000,"1076,-205,-469,0,-18,-80,-80,0,1"
2026-08-01 06:04:17.726541,101.500,726,1094.000,-205.000,-480.000,0.000,-12.000,-80.000,-80.000,0.000,1.000,"1094,-205,-480,0,-12,-80,-80,0,1"
2026-08-01 06:04:17.829524,101.603,727,1112.000,-205.000,-485.000,0.000,-8.000,-80.000,-80.000,0.000,1.000,"1112,-205,-485,0,-8,-80,-80,0,1"
2026-08-01 06:04:17.933440,101.707,728,1130.000,-205.000,-487.000,0.000,-5.000,-80.000,-80.000,0.000,1.000,"1130,-205,-487,0,-5,-80,-80,0,1"
2026-08-01 06:04:18.037477,101.811,729,1148.000,-193.000,-481.000,0.000,-1.000,-80.000,-80.000,0.000,1.000,"1148,-193,-481,0,-1,-80,-80,0,1"
2026-08-01 06:04:18.142096,101.916,730,1166.000,-218.000,-490.000,0.000,-2.000,-80.000,-80.000,0.000,1.000,"1166,-218,-490,0,-2,-80,-80,0,1"
2026-08-01 06:04:18.244817,102.019,731,1184.000,-205.000,-486.000,0.000,-1.000,-80.000,-80.000,0.000,1.000,"1184,-205,-486,0,-1,-80,-80,0,1"
2026-08-01 06:04:18.349202,102.123,732,1202.000,-205.000,-488.000,0.000,0.000,-80.000,-80.000,0.000,1.000,"1202,-205,-488,0,0,-80,-80,0,1"
2026-08-01 06:04:18.453417,102.227,733,1220.000,-205.000,-488.000,0.000,0.000,-80.000,-80.000,0.000,1.000,"1220,-205,-488,0,0,-80,-80,0,1"
2026-08-01 06:04:18.557156,102.331,734,1238.000,-205.000,-488.000,0.000,0.000,-80.000,-80.000,0.000,1.000,"1238,-205,-488,0,0,-80,-80,0,1"
2026-08-01 06:04:18.660477,102.434,735,1256.000,-205.000,-488.000,0.000,0.000,-80.000,-80.000,0.000,1.000,"1256,-205,-488,0,0,-80,-80,0,1"
2026-08-01 06:04:18.764268,102.538,736,1274.000,-193.000,-484.000,0.000,0.000,-80.000,-80.000,0.000,1.000,"1274,-193,-484,0,0,-80,-80,0,1"
2026-08-01 06:04:18.867816,102.642,737,1292.000,-205.000,-484.000,0.000,0.000,-80.000,-80.000,0.000,1.000,"1292,-205,-484,0,0,-80,-80,0,1"
2026-08-01 06:04:18.972226,102.746,738,1310.000,-205.000,-484.000,0.000,0.000,-80.000,-80.000,0.000,1.000,"1310,-205,-484,0,0,-80,-80,0,1"
2026-08-01 06:04:19.075837,102.850,739,1328.000,-205.000,-487.000,0.000,0.000,-80.000,-80.000,0.000,1.000,"1328,-205,-487,0,0,-80,-80,0,1"
2026-08-01 06:04:19.179617,102.953,740,1346.000,-205.000,-485.000,0.000,0.000,-80.000,-80.000,0.000,1.000,"1346,-205,-485,0,0,-80,-80,0,1"
2026-08-01 06:04:19.282968,103.057,741,1364.000,-193.000,-483.000,0.000,0.000,-80.000,-80.000,0.000,1.000,"1364,-193,-483,0,0,-80,-80,0,1"
2026-08-01 06:04:19.387295,103.161,742,1382.000,-205.000,-483.000,0.000,0.000,-80.000,-80.000,0.000,1.000,"1382,-205,-483,0,0,-80,-80,0,1"
2026-08-01 06:04:19.490482,103.264,743,1400.000,-205.000,-486.000,0.000,0.000,-80.000,-80.000,0.000,1.000,"1400,-205,-486,0,0,-80,-80,0,1"
2026-08-01 06:04:19.593524,103.367,744,1418.000,-218.000,-492.000,0.000,-1.000,-80.000,-80.000,0.000,1.000,"1418,-218,-492,0,-1,-80,-80,0,1"
2026-08-01 06:04:19.698276,103.472,745,1436.000,-205.000,-490.000,0.000,0.000,-80.000,-80.000,0.000,1.000,"1436,-205,-490,0,0,-80,-80,0,1"
2026-08-01 06:04:19.801523,103.575,746,1454.000,-205.000,-492.000,0.000,0.000,-80.000,-80.000,0.000,1.000,"1454,-205,-492,0,0,-80,-80,0,1"
2026-08-01 06:04:19.905731,103.679,747,1472.000,-205.000,-493.000,0.000,0.000,-80.000,-80.000,0.000,1.000,"1472,-205,-493,0,0,-80,-80,0,1"
2026-08-01 06:04:20.009515,103.783,748,1490.000,-205.000,-490.000,0.000,0.000,-80.000,-80.000,0.000,1.000,"1490,-205,-490,0,0,-80,-80,0,1"
2026-08-01 06:04:20.112662,103.886,749,1508.000,-205.000,-489.000,0.000,0.000,-80.000,-80.000,0.000,1.000,"1508,-205,-489,0,0,-80,-80,0,1"
2026-08-01 06:04:20.216720,103.990,750,1526.000,-205.000,-489.000,0.000,0.000,-80.000,-80.000,0.000,1.000,"1526,-205,-489,0,0,-80,-80,0,1"
2026-08-01 06:04:20.321152,104.095,751,1544.000,-205.000,-492.000,0.000,0.000,-80.000,-80.000,0.000,1.000,"1544,-205,-492,0,0,-80,-80,0,1"
2026-08-01 06:04:20.424319,104.198,752,1562.000,-205.000,-490.000,0.000,0.000,-80.000,-80.000,0.000,1.000,"1562,-205,-490,0,0,-80,-80,0,1"
2026-08-01 06:04:20.528144,104.302,753,1580.000,-205.000,-489.000,0.000,0.000,-80.000,-80.000,0.000,1.000,"1580,-205,-489,0,0,-80,-80,0,1"
2026-08-01 06:04:20.632621,104.406,754,1598.000,-205.000,-489.000,0.000,0.000,-80.000,-80.000,0.000,1.000,"1598,-205,-489,0,0,-80,-80,0,1"
2026-08-01 06:04:20.734976,104.509,755,1616.000,-218.000,-493.000,0.000,0.000,-80.000,-80.000,0.000,1.000,"1616,-218,-493,0,0,-80,-80,0,1"
2026-08-01 06:04:20.839415,104.613,756,1634.000,-205.000,-490.000,0.000,0.000,-80.000,-80.000,0.000,1.000,"1634,-205,-490,0,0,-80,-80,0,1"
2026-08-01 06:04:20.943013,104.717,757,1652.000,-205.000,-489.000,0.000,0.000,-80.000,-80.000,0.000,1.000,"1652,-205,-489,0,0,-80,-80,0,1"
2026-08-01 06:04:21.046239,104.820,758,1670.000,-205.000,-489.000,0.000,0.000,-80.000,-80.000,0.000,1.000,"1670,-205,-489,0,0,-80,-80,0,1"
2026-08-01 06:04:21.150108,104.924,759,1688.000,-205.000,-489.000,0.000,0.000,-80.000,-80.000,0.000,1.000,"1688,-205,-489,0,0,-80,-80,0,1"
2026-08-01 06:04:21.254478,105.028,760,1706.000,-193.000,-484.000,0.000,1.000,-80.000,-80.000,0.000,1.000,"1706,-193,-484,0,1,-80,-80,0,1"
2026-08-01 06:04:21.357786,105.132,761,1724.000,-218.000,-491.000,0.000,0.000,-80.000,-80.000,0.000,1.000,"1724,-218,-491,0,0,-80,-80,0,1"
2026-08-01 06:04:21.462149,105.236,762,1742.000,-205.000,-490.000,0.000,0.000,-80.000,-80.000,0.000,1.000,"1742,-205,-490,0,0,-80,-80,0,1"
2026-08-01 06:04:21.564981,105.339,763,1760.000,-205.000,-489.000,0.000,0.000,-80.000,-80.000,0.000,1.000,"1760,-205,-489,0,0,-80,-80,0,1"
2026-08-01 06:04:21.667519,105.441,764,1778.000,-218.000,-496.000,0.000,-1.000,-80.000,-80.000,0.000,1.000,"1778,-218,-496,0,-1,-80,-80,0,1"
2026-08-01 06:04:21.772906,105.547,765,1796.000,-205.000,-492.000,0.000,0.000,-80.000,-80.000,0.000,1.000,"1796,-205,-492,0,0,-80,-80,0,1"
2026-08-01 06:04:21.876246,105.650,766,1814.000,-205.000,-490.000,0.000,0.000,-80.000,-80.000,0.000,1.000,"1814,-205,-490,0,0,-80,-80,0,1"
2026-08-01 06:04:21.980254,105.754,767,1832.000,-205.000,-489.000,0.000,0.000,-80.000,-80.000,0.000,1.000,"1832,-205,-489,0,0,-80,-80,0,1"
2026-08-01 06:04:22.083868,105.858,768,1850.000,-205.000,-489.000,0.000,0.000,-80.000,-80.000,0.000,1.000,"1850,-205,-489,0,0,-80,-80,0,1"
2026-08-01 06:04:22.187256,105.961,769,1868.000,-205.000,-489.000,0.000,0.000,-80.000,-80.000,0.000,1.000,"1868,-205,-489,0,0,-80,-80,0,1"
2026-08-01 06:04:22.291227,106.065,770,1886.000,-205.000,-489.000,0.000,0.000,-80.000,-80.000,0.000,1.000,"1886,-205,-489,0,0,-80,-80,0,1"
2026-08-01 06:04:22.395495,106.169,771,1904.000,-193.000,-487.000,0.000,0.000,-80.000,-80.000,0.000,1.000,"1904,-193,-487,0,0,-80,-80,0,1"
2026-08-01 06:04:22.500136,106.274,772,1922.000,-218.000,-493.000,0.000,0.000,-80.000,-80.000,0.000,1.000,"1922,-218,-493,0,0,-80,-80,0,1"
2026-08-01 06:04:22.601050,106.375,773,1940.000,-218.000,-498.000,0.000,-1.000,-80.000,-80.000,0.000,1.000,"1940,-218,-498,0,-1,-80,-80,0,1"
2026-08-01 06:04:22.706145,106.480,774,1958.000,-218.000,-497.000,0.000,0.000,-80.000,-80.000,0.000,1.000,"1958,-218,-497,0,0,-80,-80,0,1"
2026-08-01 06:04:22.810441,106.584,775,1976.000,-205.000,-492.000,0.000,0.000,-80.000,-80.000,0.000,1.000,"1976,-205,-492,0,0,-80,-80,0,1"
2026-08-01 06:04:22.913696,106.687,776,1994.000,-218.000,-498.000,0.000,0.000,-80.000,-80.000,0.000,1.000,"1994,-218,-498,0,0,-80,-80,0,1"
2026-08-01 06:04:23.017304,106.791,777,2012.000,-218.000,-500.000,0.000,0.000,-80.000,-80.000,0.000,1.000,"2012,-218,-500,0,0,-80,-80,0,1"
2026-08-01 06:04:23.121037,106.895,778,2030.000,-218.000,-501.000,0.000,0.000,-80.000,-80.000,0.000,1.000,"2030,-218,-501,0,0,-80,-80,0,1"
2026-08-01 06:04:23.224562,106.998,779,2048.000,-193.000,-492.000,0.000,1.000,-80.000,-80.000,0.000,1.000,"2048,-193,-492,0,1,-80,-80,0,1"
2026-08-01 06:04:23.329019,107.103,780,2066.000,-205.000,-487.000,0.000,1.000,-80.000,-80.000,0.000,1.000,"2066,-205,-487,0,1,-80,-80,0,1"
2026-08-01 06:04:23.432407,107.206,781,2084.000,-205.000,-491.000,0.000,0.000,-80.000,-80.000,0.000,1.000,"2084,-205,-491,0,0,-80,-80,0,1"
2026-08-01 06:04:23.535929,107.310,782,2102.000,-205.000,-490.000,0.000,0.000,-80.000,-80.000,0.000,1.000,"2102,-205,-490,0,0,-80,-80,0,1"
2026-08-01 06:04:23.640640,107.414,783,2114.000,-193.000,-482.000,0.000,1.000,-80.000,-80.000,0.000,1.000,"2114,-193,-482,0,1,-80,-80,0,1"
2026-08-01 06:04:23.744033,107.518,784,2138.000,-218.000,-490.000,0.000,0.000,-80.000,-80.000,0.000,1.000,"2138,-218,-490,0,0,-80,-80,0,1"
2026-08-01 06:04:23.846893,107.621,785,2156.000,-193.000,-485.000,0.000,0.000,-80.000,-80.000,0.000,1.000,"2156,-193,-485,0,0,-80,-80,0,1"
2026-08-01 06:04:23.950096,107.724,786,2174.000,-218.000,-492.000,0.000,-1.000,-80.000,-80.000,0.000,1.000,"2174,-218,-492,0,-1,-80,-80,0,1"
2026-08-01 06:04:24.053298,107.827,787,2192.000,-205.000,-497.000,0.000,-1.000,-80.000,-80.000,0.000,1.000,"2192,-205,-497,0,-1,-80,-80,0,1"
2026-08-01 06:04:24.159516,107.933,788,2210.000,-205.000,-492.000,0.000,0.000,-80.000,-80.000,0.000,1.000,"2210,-205,-492,0,0,-80,-80,0,1"
2026-08-01 06:04:24.262341,108.036,789,2228.000,-205.000,-495.000,0.000,0.000,-80.000,-80.000,0.000,1.000,"2228,-205,-495,0,0,-80,-80,0,1"
2026-08-01 06:04:24.366298,108.140,790,2246.000,-218.000,-496.000,0.000,0.000,-80.000,-80.000,0.000,1.000,"2246,-218,-496,0,0,-80,-80,0,1"
2026-08-01 06:04:24.469955,108.244,791,2264.000,-218.000,-496.000,0.000,0.000,-80.000,-80.000,0.000,1.000,"2264,-218,-496,0,0,-80,-80,0,1"
2026-08-01 06:04:24.571865,108.346,792,2277.000,-218.000,-499.000,0.000,-1.000,-80.000,-80.000,0.000,1.000,"2277,-218,-499,0,-1,-80,-80,0,1"
2026-08-01 06:04:24.677920,108.452,793,2294.000,-218.000,-501.000,0.000,0.000,-80.000,-80.000,0.000,1.000,"2294,-218,-501,0,0,-80,-80,0,1"
2026-08-01 06:04:24.781393,108.555,794,2318.000,-218.000,-494.000,0.000,0.000,-80.000,-80.000,0.000,1.000,"2318,-218,-494,0,0,-80,-80,0,1"
2026-08-01 06:04:24.884162,108.658,795,2330.000,-218.000,-495.000,0.000,0.000,-80.000,-80.000,0.000,1.000,"2330,-218,-495,0,0,-80,-80,0,1"
2026-08-01 06:04:24.988079,108.762,796,2348.000,-218.000,-496.000,0.000,0.000,-80.000,-80.000,0.000,1.000,"2348,-218,-496,0,0,-80,-80,0,1"
2026-08-01 06:04:25.092011,108.866,797,2366.000,-205.000,-492.000,0.000,0.000,-80.000,-80.000,0.000,1.000,"2366,-205,-492,0,0,-80,-80,0,1"
2026-08-01 06:04:25.195312,108.969,798,2384.000,-205.000,-493.000,0.000,0.000,-80.000,-80.000,0.000,1.000,"2384,-205,-493,0,0,-80,-80,0,1"
2026-08-01 06:04:25.299296,109.073,799,2402.000,-205.000,-493.000,0.000,0.000,-80.000,-80.000,0.000,1.000,"2402,-205,-493,0,0,-80,-80,0,1"
2026-08-01 06:04:25.403267,109.177,800,2420.000,-218.000,-498.000,0.000,0.000,-80.000,-80.000,0.000,1.000,"2420,-218,-498,0,0,-80,-80,0,1"
2026-08-01 06:04:25.506557,109.280,801,2438.000,-218.000,-500.000,0.000,0.000,-80.000,-80.000,0.000,1.000,"2438,-218,-500,0,0,-80,-80,0,1"
2026-08-01 06:04:25.610339,109.384,802,2456.000,-205.000,-496.000,0.000,0.000,-80.000,-80.000,0.000,1.000,"2456,-205,-496,0,0,-80,-80,0,1"
2026-08-01 06:04:25.714505,109.488,803,2474.000,-205.000,-492.000,0.000,1.000,-80.000,-80.000,0.000,1.000,"2474,-205,-492,0,1,-80,-80,0,1"
2026-08-01 06:04:25.817746,109.591,804,2492.000,-205.000,-490.000,0.000,1.000,-80.000,-80.000,0.000,1.000,"2492,-205,-490,0,1,-80,-80,0,1"
2026-08-01 06:04:25.921421,109.695,805,2510.000,-205.000,-489.000,0.000,0.000,-80.000,-80.000,0.000,1.000,"2510,-205,-489,0,0,-80,-80,0,1"
2026-08-01 06:04:26.025330,109.799,806,2528.000,-205.000,-489.000,0.000,0.000,-80.000,-80.000,0.000,1.000,"2528,-205,-489,0,0,-80,-80,0,1"
2026-08-01 06:04:26.129195,109.903,807,2546.000,-218.000,-493.000,0.000,0.000,-80.000,-80.000,0.000,1.000,"2546,-218,-493,0,0,-80,-80,0,1"
2026-08-01 06:04:26.231619,110.005,808,2564.000,-218.000,-495.000,0.000,-1.000,-80.000,-80.000,0.000,1.000,"2564,-218,-495,0,-1,-80,-80,0,1"
2026-08-01 06:04:26.336759,110.110,809,2582.000,-218.000,-496.000,0.000,0.000,-80.000,-80.000,0.000,1.000,"2582,-218,-496,0,0,-80,-80,0,1"
2026-08-01 06:04:26.440217,110.214,810,2600.000,-205.000,-495.000,0.000,0.000,-80.000,-80.000,0.000,1.000,"2600,-205,-495,0,0,-80,-80,0,1"
2026-08-01 06:04:26.544323,110.318,811,2618.000,-218.000,-499.000,0.000,0.000,-80.000,-80.000,0.000,1.000,"2618,-218,-499,0,0,-80,-80,0,1"
2026-08-01 06:04:26.648433,110.422,812,2636.000,-205.000,-496.000,0.000,0.000,-80.000,-80.000,0.000,1.000,"2636,-205,-496,0,0,-80,-80,0,1"
2026-08-01 06:04:26.751262,110.525,813,2654.000,-193.000,-485.000,0.000,2.000,-80.000,-80.000,0.000,1.000,"2654,-193,-485,0,2,-80,-80,0,1"
2026-08-01 06:04:26.855492,110.629,814,2672.000,-218.000,-494.000,0.000,0.000,-80.000,-80.000,0.000,1.000,"2672,-218,-494,0,0,-80,-80,0,1"
2026-08-01 06:04:26.957471,110.731,815,2690.000,-218.000,-498.000,0.000,-1.000,-80.000,-80.000,0.000,1.000,"2690,-218,-498,0,-1,-80,-80,0,1"
2026-08-01 06:04:27.063084,110.837,816,2708.000,-218.000,-497.000,0.000,0.000,-80.000,-80.000,0.000,1.000,"2708,-218,-497,0,0,-80,-80,0,1"
2026-08-01 06:04:27.166206,110.940,817,2726.000,-205.000,-492.000,0.000,0.000,-80.000,-80.000,0.000,1.000,"2726,-205,-492,0,0,-80,-80,0,1"
2026-08-01 06:04:27.269831,111.044,818,2744.000,-218.000,-498.000,0.000,0.000,-80.000,-80.000,0.000,1.000,"2744,-218,-498,0,0,-80,-80,0,1"
2026-08-01 06:04:27.374250,111.148,819,2762.000,-218.000,-497.000,0.000,0.000,-80.000,-80.000,0.000,1.000,"2762,-218,-497,0,0,-80,-80,0,1"
2026-08-01 06:04:27.477568,111.251,820,2780.000,-218.000,-500.000,0.000,0.000,-80.000,-80.000,0.000,1.000,"2780,-218,-500,0,0,-80,-80,0,1"
2026-08-01 06:04:27.581223,111.355,821,2798.000,-205.000,-493.000,0.000,0.000,-80.000,-80.000,0.000,1.000,"2798,-205,-493,0,0,-80,-80,0,1"
2026-08-01 06:04:27.685574,111.459,822,2816.000,-218.000,-498.000,0.000,0.000,-80.000,-80.000,0.000,1.000,"2816,-218,-498,0,0,-80,-80,0,1"
2026-08-01 06:04:27.789183,111.563,823,2834.000,-205.000,-493.000,0.000,0.000,-80.000,-80.000,0.000,1.000,"2834,-205,-493,0,0,-80,-80,0,1"
2026-08-01 06:04:27.892517,111.666,824,2852.000,-205.000,-490.000,0.000,0.000,-80.000,-80.000,0.000,1.000,"2852,-205,-490,0,0,-80,-80,0,1"
2026-08-01 06:04:27.997095,111.771,825,2870.000,-218.000,-494.000,0.000,0.000,-80.000,-80.000,0.000,1.000,"2870,-218,-494,0,0,-80,-80,0,1"
2026-08-01 06:04:28.099750,111.873,826,2888.000,-205.000,-491.000,0.000,0.000,-80.000,-80.000,0.000,1.000,"2888,-205,-491,0,0,-80,-80,0,1"
2026-08-01 06:04:28.203709,111.977,827,2906.000,-205.000,-492.000,0.000,0.000,-80.000,-80.000,0.000,1.000,"2906,-205,-492,0,0,-80,-80,0,1"
2026-08-01 06:04:28.307266,112.081,828,2924.000,-205.000,-490.000,0.000,0.000,-80.000,-80.000,0.000,1.000,"2924,-205,-490,0,0,-80,-80,0,1"
2026-08-01 06:04:28.412185,112.186,829,2942.000,-205.000,-489.000,0.000,0.000,-80.000,-80.000,0.000,1.000,"2942,-205,-489,0,0,-80,-80,0,1"
2026-08-01 06:04:28.514744,112.288,830,2960.000,-205.000,-492.000,0.000,0.000,-80.000,-80.000,0.000,1.000,"2960,-205,-492,0,0,-80,-80,0,1"
2026-08-01 06:04:28.617066,112.391,831,2978.000,-218.000,-497.000,0.000,-1.000,-80.000,-80.000,0.000,1.000,"2978,-218,-497,0,-1,-80,-80,0,1"
2026-08-01 06:04:28.720842,112.495,832,2996.000,-218.000,-500.000,0.000,-1.000,-80.000,-80.000,0.000,1.000,"2996,-218,-500,0,-1,-80,-80,0,1"
2026-08-01 06:04:28.825905,112.600,833,3014.000,-205.000,-493.000,0.000,0.000,-80.000,-80.000,0.000,1.000,"3014,-205,-493,0,0,-80,-80,0,1"
2026-08-01 06:04:28.929418,112.703,834,3032.000,-218.000,-498.000,0.000,0.000,-80.000,-80.000,0.000,1.000,"3032,-218,-498,0,0,-80,-80,0,1"
2026-08-01 06:04:29.033223,112.807,835,3050.000,-205.000,-493.000,0.000,0.000,-80.000,-80.000,0.000,1.000,"3050,-205,-493,0,0,-80,-80,0,1"
2026-08-01 06:04:29.137104,112.911,836,3068.000,-205.000,-490.000,0.000,0.000,-80.000,-80.000,0.000,1.000,"3068,-205,-490,0,0,-80,-80,0,1"
2026-08-01 06:04:29.240591,113.014,837,3086.000,-218.000,-497.000,0.000,0.000,-80.000,-80.000,0.000,1.000,"3086,-218,-497,0,0,-80,-80,0,1"
2026-08-01 06:04:29.345346,113.119,838,3104.000,-218.000,-497.000,0.000,0.000,-80.000,-80.000,0.000,1.000,"3104,-218,-497,0,0,-80,-80,0,1"
2026-08-01 06:04:29.448015,113.222,839,3122.000,-205.000,-495.000,0.000,0.000,-80.000,-80.000,0.000,1.000,"3122,-205,-495,0,0,-80,-80,0,1"
2026-08-01 06:04:29.551829,113.326,840,3140.000,-218.000,-496.000,0.000,0.000,-80.000,-80.000,0.000,1.000,"3140,-218,-496,0,0,-80,-80,0,1"
2026-08-01 06:04:29.656014,113.430,841,3158.000,-205.000,-495.000,0.000,0.000,-80.000,-80.000,0.000,1.000,"3158,-205,-495,0,0,-80,-80,0,1"
2026-08-01 06:04:29.759162,113.533,842,3176.000,-193.000,-490.000,0.000,1.000,-80.000,-80.000,0.000,1.000,"3176,-193,-490,0,1,-80,-80,0,1"
2026-08-01 06:04:29.863065,113.637,843,3194.000,-205.000,-489.000,0.000,0.000,-80.000,-80.000,0.000,1.000,"3194,-205,-489,0,0,-80,-80,0,1"
2026-08-01 06:04:29.967701,113.741,844,3212.000,-205.000,-489.000,0.000,0.000,-80.000,-80.000,0.000,1.000,"3212,-205,-489,0,0,-80,-80,0,1"
2026-08-01 06:04:30.070425,113.844,845,3230.000,-205.000,-492.000,0.000,0.000,-80.000,-80.000,0.000,1.000,"3230,-205,-492,0,0,-80,-80,0,1"
2026-08-01 06:04:30.174638,113.948,846,3248.000,-205.000,-490.000,0.000,0.000,-80.000,-80.000,0.000,1.000,"3248,-205,-490,0,0,-80,-80,0,1"
2026-08-01 06:04:30.278849,114.053,847,3266.000,-218.000,-494.000,0.000,0.000,-80.000,-80.000,0.000,1.000,"3266,-218,-494,0,0,-80,-80,0,1"
2026-08-01 06:04:30.381655,114.155,848,3284.000,-205.000,-494.000,0.000,0.000,-80.000,-80.000,0.000,1.000,"3284,-205,-494,0,0,-80,-80,0,1"
2026-08-01 06:04:30.485439,114.259,849,3302.000,-205.000,-494.000,0.000,0.000,-80.000,-80.000,0.000,1.000,"3302,-205,-494,0,0,-80,-80,0,1"
2026-08-01 06:04:30.589293,114.363,850,3320.000,-205.000,-491.000,0.000,0.000,-80.000,-80.000,0.000,1.000,"3320,-205,-491,0,0,-80,-80,0,1"
2026-08-01 06:04:30.692641,114.466,851,3338.000,-218.000,-491.000,0.000,0.000,-80.000,-80.000,0.000,1.000,"3338,-218,-491,0,0,-80,-80,0,1"
2026-08-01 06:04:30.797066,114.571,852,3356.000,-205.000,-490.000,0.000,0.000,-80.000,-80.000,0.000,1.000,"3356,-205,-490,0,0,-80,-80,0,1"
2026-08-01 06:04:30.900215,114.674,853,3374.000,-205.000,-489.000,0.000,0.000,-80.000,-80.000,0.000,1.000,"3374,-205,-489,0,0,-80,-80,0,1"
2026-08-01 06:04:31.004439,114.778,854,3392.000,-205.000,-492.000,0.000,0.000,-80.000,-80.000,0.000,1.000,"3392,-205,-492,0,0,-80,-80,0,1"
2026-08-01 06:04:31.107012,114.881,855,3410.000,-218.000,-497.000,0.000,-1.000,-80.000,-80.000,0.000,1.000,"3410,-218,-497,0,-1,-80,-80,0,1"
2026-08-01 06:04:31.210124,114.984,856,3428.000,-218.000,-500.000,0.000,-1.000,-80.000,-80.000,0.000,1.000,"3428,-218,-500,0,-1,-80,-80,0,1"
2026-08-01 06:04:31.315097,115.089,857,3446.000,-218.000,-498.000,0.000,0.000,-80.000,-80.000,0.000,1.000,"3446,-218,-498,0,0,-80,-80,0,1"
2026-08-01 06:04:31.419054,115.193,858,3464.000,-205.000,-492.000,0.000,0.000,-80.000,-80.000,0.000,1.000,"3464,-205,-492,0,0,-80,-80,0,1"
2026-08-01 06:04:31.522436,115.296,859,3482.000,-205.000,-490.000,0.000,0.000,-80.000,-80.000,0.000,1.000,"3482,-205,-490,0,0,-80,-80,0,1"
2026-08-01 06:04:31.626682,115.400,860,3500.000,-205.000,-492.000,0.000,0.000,-80.000,-80.000,0.000,1.000,"3500,-205,-492,0,0,-80,-80,0,1"
2026-08-01 06:04:31.730048,115.504,861,3518.000,-205.000,-490.000,0.000,0.000,-80.000,-80.000,0.000,1.000,"3518,-205,-490,0,0,-80,-80,0,1"
2026-08-01 06:04:31.833866,115.608,862,3536.000,-205.000,-492.000,0.000,0.000,-80.000,-80.000,0.000,1.000,"3536,-205,-492,0,0,-80,-80,0,1"
2026-08-01 06:04:31.937413,115.711,863,3554.000,-218.000,-495.000,0.000,0.000,-80.000,-80.000,0.000,1.000,"3554,-218,-495,0,0,-80,-80,0,1"
2026-08-01 06:04:32.039989,115.814,864,3572.000,-218.000,-499.000,0.000,-1.000,-80.000,-80.000,0.000,1.000,"3572,-218,-499,0,-1,-80,-80,0,1"
2026-08-01 06:04:32.144868,115.919,865,3590.000,-205.000,-493.000,0.000,0.000,-80.000,-80.000,0.000,1.000,"3590,-205,-493,0,0,-80,-80,0,1"
2026-08-01 06:04:32.249180,116.023,866,3608.000,-205.000,-490.000,0.000,0.000,-80.000,-80.000,0.000,1.000,"3608,-205,-490,0,0,-80,-80,0,1"
2026-08-01 06:04:32.352575,116.126,867,3626.000,-193.000,-485.000,0.000,1.000,-80.000,-80.000,0.000,1.000,"3626,-193,-485,0,1,-80,-80,0,1"
2026-08-01 06:04:32.456253,116.230,868,3644.000,-205.000,-487.000,0.000,0.000,-80.000,-80.000,0.000,1.000,"3644,-205,-487,0,0,-80,-80,0,1"
2026-08-01 06:04:32.559752,116.333,869,3662.000,-205.000,-488.000,0.000,0.000,-80.000,-80.000,0.000,1.000,"3662,-205,-488,0,0,-80,-80,0,1"
2026-08-01 06:04:32.662307,116.436,870,3680.000,-218.000,-493.000,0.000,-1.000,-80.000,-80.000,0.000,1.000,"3680,-218,-493,0,-1,-80,-80,0,1"
2026-08-01 06:04:32.766171,116.540,871,3698.000,-218.000,-498.000,0.000,-1.000,-80.000,-80.000,0.000,1.000,"3698,-218,-498,0,-1,-80,-80,0,1"
2026-08-01 06:04:32.869708,116.643,872,3716.000,-218.000,-500.000,0.000,-1.000,-80.000,-80.000,0.000,1.000,"3716,-218,-500,0,-1,-80,-80,0,1"
2026-08-01 06:04:32.974955,116.749,873,3734.000,-218.000,-501.000,0.000,0.000,-80.000,-80.000,0.000,1.000,"3734,-218,-501,0,0,-80,-80,0,1"
2026-08-01 06:04:33.078917,116.853,874,3752.000,-218.000,-501.000,0.000,0.000,-80.000,-80.000,0.000,1.000,"3752,-218,-501,0,0,-80,-80,0,1"
2026-08-01 06:04:33.183618,116.957,875,3770.000,-218.000,-501.000,0.000,0.000,-80.000,-80.000,0.000,1.000,"3770,-218,-501,0,0,-80,-80,0,1"
2026-08-01 06:04:33.286291,117.060,876,3788.000,-218.000,-501.000,0.000,0.000,-80.000,-80.000,0.000,1.000,"3788,-218,-501,0,0,-80,-80,0,1"
2026-08-01 06:04:33.390455,117.164,877,3806.000,-218.000,-501.000,0.000,0.000,-80.000,-80.000,0.000,1.000,"3806,-218,-501,0,0,-80,-80,0,1"
2026-08-01 06:04:33.493214,117.267,878,3824.000,-218.000,-501.000,0.000,0.000,-80.000,-80.000,0.000,1.000,"3824,-218,-501,0,0,-80,-80,0,1"
2026-08-01 06:04:33.597596,117.371,879,3842.000,-218.000,-501.000,0.000,0.000,-80.000,-80.000,0.000,1.000,"3842,-218,-501,0,0,-80,-80,0,1"
2026-08-01 06:04:33.700624,117.474,880,3859.000,-218.000,-501.000,0.000,0.000,-80.000,-80.000,0.000,1.000,"3859,-218,-501,0,0,-80,-80,0,1"
2026-08-01 06:04:33.804093,117.578,881,3876.000,-218.000,-501.000,0.000,0.000,-80.000,-80.000,0.000,1.000,"3876,-218,-501,0,0,-80,-80,0,1"
2026-08-01 06:04:33.908089,117.682,882,3891.000,-218.000,-501.000,0.000,0.000,-80.000,-80.000,0.000,1.000,"3891,-218,-501,0,0,-80,-80,0,1"
2026-08-01 06:04:34.011793,117.786,883,3908.000,-218.000,-501.000,0.000,0.000,-80.000,-80.000,0.000,1.000,"3908,-218,-501,0,0,-80,-80,0,1"
2026-08-01 06:04:34.115411,117.889,884,3926.000,-218.000,-501.000,0.000,0.000,-80.000,-80.000,0.000,1.000,"3926,-218,-501,0,0,-80,-80,0,1"
2026-08-01 06:04:34.219724,117.993,885,3944.000,-193.000,-487.000,0.000,3.000,-80.000,-80.000,0.000,1.000,"3944,-193,-487,0,3,-80,-80,0,1"
2026-08-01 06:04:34.322902,118.097,886,3962.000,-169.000,-473.000,0.000,5.000,-80.000,-80.000,0.000,1.000,"3962,-169,-473,0,5,-80,-80,0,1"
2026-08-01 06:04:34.427535,118.201,887,3980.000,-121.000,-441.000,0.000,9.000,-80.000,-80.000,0.000,1.000,"3980,-121,-441,0,9,-80,-80,0,1"
2026-08-01 06:04:34.530594,118.304,888,3995.000,-97.000,-404.000,0.000,13.000,-80.000,-80.000,0.000,1.000,"3995,-97,-404,0,13,-80,-80,0,1"
2026-08-01 06:04:34.634082,118.408,889,4010.000,-49.000,-368.000,0.000,15.000,-80.000,-80.000,0.000,1.000,"4010,-49,-368,0,15,-80,-80,0,1"
2026-08-01 06:04:34.737692,118.511,890,4023.000,12.000,-315.000,0.000,20.000,-80.000,-80.000,0.000,1.000,"4023,12,-315,0,20,-80,-80,0,1"
2026-08-01 06:04:34.841521,118.615,891,4035.000,96.000,-252.000,0.000,25.000,-80.000,-80.000,0.000,1.000,"4035,96,-252,0,25,-80,-80,0,1"
2026-08-01 06:04:34.945572,118.719,892,4050.000,156.000,-188.000,0.000,28.000,-80.000,-80.000,0.000,1.000,"4050,156,-188,0,28,-80,-80,0,1"
