timestamp,time_s,line_index,rx,raw,ball,target,vel,cmd,rod,lost,run,raw_text
2026-08-01 05:16:24.099183,0.000,1,3748.000,433.000,14.000,0.000,3.000,0.000,0.000,1.000,1.000,"3748,433,14,0,3,0,0,1,1"
2026-08-01 05:16:24.201459,0.102,2,3763.000,409.000,15.000,0.000,2.000,5.000,5.000,1.000,1.000,"3763,409,15,0,2,5,5,1,1"
2026-08-01 05:16:24.303993,0.205,3,3778.000,409.000,16.000,0.000,1.000,8.000,8.000,1.000,1.000,"3778,409,16,0,1,8,8,1,1"
2026-08-01 05:16:24.406525,0.307,4,3793.000,385.000,0.000,0.000,-2.000,8.000,8.000,1.000,1.000,"3793,385,0,0,-2,8,8,1,1"
2026-08-01 05:16:24.509691,0.411,5,3808.000,385.000,0.000,0.000,-1.000,4.000,4.000,1.000,1.000,"3808,385,0,0,-1,4,4,1,1"
2026-08-01 05:16:24.612133,0.513,6,3823.000,373.000,-6.000,0.000,-2.000,2.000,2.000,1.000,1.000,"3823,373,-6,0,-2,2,2,1,1"
2026-08-01 05:16:24.715393,0.616,7,3838.000,361.000,-15.000,0.000,-3.000,-1.000,-1.000,1.000,1.000,"3838,361,-15,0,-3,-1,-1,1,1"
2026-08-01 05:16:24.817930,0.719,8,3853.000,325.000,-36.000,0.000,-7.000,-8.000,-8.000,1.000,1.000,"3853,325,-36,0,-7,-8,-8,1,1"
2026-08-01 05:16:24.920729,0.822,9,3868.000,337.000,-50.000,0.000,-6.000,-20.000,-20.000,1.000,1.000,"3868,337,-50,0,-6,-20,-20,1,1"
2026-08-01 05:16:25.024851,0.926,10,3883.000,337.000,-58.000,0.000,-5.000,-31.000,-31.000,1.000,1.000,"3883,337,-58,0,-5,-31,-31,1,1"
2026-08-01 05:16:25.128288,1.029,11,3898.000,313.000,-70.000,0.000,-5.000,-39.000,-39.000,1.000,1.000,"3898,313,-70,0,-5,-39,-39,1,1"
2026-08-01 05:16:25.232100,1.133,12,3913.000,313.000,-75.000,0.000,-4.000,-47.000,-47.000,1.000,1.000,"3913,313,-75,0,-4,-47,-47,1,1"
2026-08-01 05:16:25.335997,1.237,13,3928.000,289.000,-91.000,0.000,-5.000,-55.000,-55.000,1.000,1.000,"3928,289,-91,0,-5,-55,-55,1,1"
2026-08-01 05:16:25.440361,1.341,14,3943.000,289.000,-98.000,0.000,-4.000,-64.000,-64.000,1.000,1.000,"3943,289,-98,0,-4,-64,-64,1,1"
2026-08-01 05:16:25.543112,1.444,15,3958.000,289.000,-100.000,0.000,-3.000,-71.000,-71.000,1.000,1.000,"3958,289,-100,0,-3,-71,-71,1,1"
2026-08-01 05:16:25.647185,1.548,16,3973.000,289.000,-99.000,0.000,-1.000,-74.000,-74.000,1.000,1.000,"3973,289,-99,0,-1,-74,-74,1,1"
2026-08-01 05:16:25.750546,1.651,17,3988.000,289.000,-101.000,0.000,-1.000,-77.000,-77.000,1.000,1.000,"3988,289,-101,0,-1,-77,-77,1,1"
2026-08-01 05:16:25.854520,1.755,18,4003.000,289.000,-102.000,0.000,0.000,-79.000,-79.000,1.000,1.000,"4003,289,-102,0,0,-79,-79,1,1"
2026-08-01 05:16:25.958313,1.859,19,4018.000,289.000,-102.000,0.000,0.000,-80.000,-80.000,1.000,1.000,"4018,289,-102,0,0,-80,-80,1,1"
2026-08-01 05:16:26.062008,1.963,20,4033.000,289.000,-102.000,0.000,0.000,-81.000,-81.000,1.000,1.000,"4033,289,-102,0,0,-81,-81,1,1"
2026-08-01 05:16:26.165172,2.066,21,4048.000,289.000,-102.000,0.000,0.000,-81.000,-81.000,1.000,1.000,"4048,289,-102,0,0,-81,-81,1,1"
2026-08-01 05:16:26.269223,2.170,22,4063.000,289.000,-102.000,0.000,0.000,-81.000,-81.000,1.000,1.000,"4063,289,-102,0,0,-81,-81,1,1"
2026-08-01 05:16:26.372693,2.274,23,4078.000,289.000,-102.000,0.000,0.000,-82.000,-82.000,1.000,1.000,"4078,289,-102,0,0,-82,-82,1,1"
2026-08-01 05:16:26.477504,2.378,24,4093.000,289.000,-102.000,0.000,0.000,-82.000,-82.000,1.000,1.000,"4093,289,-102,0,0,-82,-82,1,1"
2026-08-01 05:16:26.580637,2.481,25,4108.000,289.000,-102.000,0.000,0.000,-82.000,-82.000,1.000,1.000,"4108,289,-102,0,0,-82,-82,1,1"
2026-08-01 05:16:26.683715,2.585,26,4123.000,277.000,-107.000,0.000,-1.000,-82.000,-82.000,1.000,1.000,"4123,277,-107,0,-1,-82,-82,1,1"
2026-08-01 05:16:26.787762,2.689,27,4138.000,289.000,-104.000,0.000,0.000,-83.000,-83.000,1.000,1.000,"4138,289,-104,0,0,-83,-83,1,1"
2026-08-01 05:16:26.891695,2.793,28,4153.000,289.000,-103.000,0.000,0.000,-83.000,-83.000,1.000,1.000,"4153,289,-103,0,0,-83,-83,1,1"
2026-08-01 05:16:26.995167,2.896,29,4168.000,289.000,-103.000,0.000,0.000,-83.000,-83.000,1.000,1.000,"4168,289,-103,0,0,-83,-83,1,1"
2026-08-01 05:16:27.099306,3.000,30,4183.000,289.000,-103.000,0.000,0.000,-82.000,-82.000,1.000,1.000,"4183,289,-103,0,0,-82,-82,1,1"
2026-08-01 05:16:27.202452,3.103,31,4198.000,289.000,-103.000,0.000,0.000,-82.000,-82.000,1.000,1.000,"4198,289,-103,0,0,-82,-82,1,1"
2026-08-01 05:16:27.306854,3.208,32,4213.000,289.000,-103.000,0.000,0.000,-82.000,-82.000,1.000,1.000,"4213,289,-103,0,0,-82,-82,1,1"
2026-08-01 05:16:27.409801,3.311,33,4228.000,289.000,-103.000,0.000,0.000,-82.000,-82.000,1.000,1.000,"4228,289,-103,0,0,-82,-82,1,1"
2026-08-01 05:16:27.514473,3.415,34,4241.000,289.000,-103.000,0.000,0.000,-82.000,-82.000,1.000,1.000,"4241,289,-103,0,0,-82,-82,1,1"
2026-08-01 05:16:27.617676,3.518,35,4254.000,289.000,-103.000,0.000,0.000,-82.000,-82.000,1.000,1.000,"4254,289,-103,0,0,-82,-82,1,1"
2026-08-01 05:16:27.721341,3.622,36,4268.000,289.000,-103.000,0.000,0.000,-82.000,-82.000,1.000,1.000,"4268,289,-103,0,0,-82,-82,1,1"
2026-08-01 05:16:27.824722,3.726,37,4283.000,289.000,-103.000,0.000,0.000,-82.000,-82.000,1.000,1.000,"4283,289,-103,0,0,-82,-82,1,1"
2026-08-01 05:16:27.929041,3.830,38,4298.000,289.000,-103.000,0.000,0.000,-82.000,-82.000,1.000,1.000,"4298,289,-103,0,0,-82,-82,1,1"
2026-08-01 05:16:28.032522,3.933,39,4313.000,289.000,-103.000,0.000,0.000,-82.000,-82.000,1.000,1.000,"4313,289,-103,0,0,-82,-82,1,1"
2026-08-01 05:16:28.136679,4.037,40,4328.000,289.000,-103.000,0.000,0.000,-82.000,-82.000,1.000,1.000,"4328,289,-103,0,0,-82,-82,1,1"
2026-08-01 05:16:28.239516,4.140,41,4343.000,289.000,-103.000,0.000,0.000,-82.000,-82.000,1.000,1.000,"4343,289,-103,0,0,-82,-82,1,1"
2026-08-01 05:16:28.343229,4.244,42,4358.000,289.000,-103.000,0.000,0.000,-82.000,-82.000,1.000,1.000,"4358,289,-103,0,0,-82,-82,1,1"
2026-08-01 05:16:28.447497,4.348,43,4373.000,289.000,-103.000,0.000,0.000,-82.000,-82.000,1.000,1.000,"4373,289,-103,0,0,-82,-82,1,1"
2026-08-01 05:16:28.551291,4.452,44,4388.000,289.000,-103.000,0.000,0.000,-82.000,-82.000,1.000,1.000,"4388,289,-103,0,0,-82,-82,1,1"
2026-08-01 05:16:28.654622,4.555,45,4403.000,289.000,-103.000,0.000,0.000,-82.000,-82.000,1.000,1.000,"4403,289,-103,0,0,-82,-82,1,1"
2026-08-01 05:16:28.757963,4.659,46,4418.000,289.000,-103.000,0.000,0.000,-82.000,-82.000,1.000,1.000,"4418,289,-103,0,0,-82,-82,1,1"
2026-08-01 05:16:28.862180,4.763,47,4433.000,289.000,-103.000,0.000,0.000,-82.000,-82.000,1.000,1.000,"4433,289,-103,0,0,-82,-82,1,1"
2026-08-01 05:16:28.966152,4.867,48,4448.000,289.000,-103.000,0.000,0.000,-82.000,-82.000,1.000,1.000,"4448,289,-103,0,0,-82,-82,1,1"
2026-08-01 05:16:29.069371,4.970,49,4463.000,289.000,-103.000,0.000,0.000,-82.000,-82.000,1.000,1.000,"4463,289,-103,0,0,-82,-82,1,1"
2026-08-01 05:16:29.173999,5.075,50,4478.000,289.000,-103.000,0.000,0.000,-82.000,-82.000,1.000,1.000,"4478,289,-103,0,0,-82,-82,1,1"
2026-08-01 05:16:29.276675,5.177,51,4493.000,289.000,-103.000,0.000,0.000,-82.000,-82.000,1.000,1.000,"4493,289,-103,0,0,-82,-82,1,1"
2026-08-01 05:16:29.380547,5.281,52,4508.000,289.000,-103.000,0.000,0.000,-82.000,-82.000,1.000,1.000,"4508,289,-103,0,0,-82,-82,1,1"
2026-08-01 05:16:29.484235,5.385,53,4523.000,289.000,-103.000,0.000,0.000,-82.000,-82.000,1.000,1.000,"4523,289,-103,0,0,-82,-82,1,1"
2026-08-01 05:16:29.587672,5.488,54,4538.000,289.000,-103.000,0.000,0.000,-82.000,-82.000,1.000,1.000,"4538,289,-103,0,0,-82,-82,1,1"
2026-08-01 05:16:29.691883,5.593,55,4553.000,289.000,-103.000,0.000,0.000,-82.000,-82.000,1.000,1.000,"4553,289,-103,0,0,-82,-82,1,1"
2026-08-01 05:16:29.795194,5.696,56,4568.000,289.000,-103.000,0.000,0.000,-82.000,-82.000,1.000,1.000,"4568,289,-103,0,0,-82,-82,1,1"
2026-08-01 05:16:29.899175,5.800,57,4583.000,289.000,-103.000,0.000,0.000,-82.000,-82.000,1.000,1.000,"4583,289,-103,0,0,-82,-82,1,1"
2026-08-01 05:16:30.003057,5.904,58,4598.000,289.000,-103.000,0.000,0.000,-82.000,-82.000,1.000,1.000,"4598,289,-103,0,0,-82,-82,1,1"
2026-08-01 05:16:30.107031,6.008,59,4613.000,289.000,-103.000,0.000,0.000,-82.000,-82.000,1.000,1.000,"4613,289,-103,0,0,-82,-82,1,1"
2026-08-01 05:16:30.210559,6.111,60,4628.000,301.000,-98.000,0.000,1.000,-82.000,-82.000,1.000,1.000,"4628,301,-98,0,1,-82,-82,1,1"
2026-08-01 05:16:30.312760,6.214,61,4643.000,289.000,-101.000,0.000,0.000,-81.000,-81.000,1.000,1.000,"4643,289,-101,0,0,-81,-81,1,1"
2026-08-01 05:16:30.416374,6.317,62,4658.000,289.000,-102.000,0.000,0.000,-81.000,-81.000,1.000,1.000,"4658,289,-102,0,0,-81,-81,1,1"
2026-08-01 05:16:30.520787,6.422,63,4673.000,289.000,-102.000,0.000,0.000,-81.000,-81.000,1.000,1.000,"4673,289,-102,0,0,-81,-81,1,1"
2026-08-01 05:16:30.624367,6.525,64,4688.000,289.000,-102.000,0.000,0.000,-81.000,-81.000,1.000,1.000,"4688,289,-102,0,0,-81,-81,1,1"
2026-08-01 05:16:30.727511,6.628,65,4703.000,289.000,-102.000,0.000,0.000,-82.000,-82.000,1.000,1.000,"4703,289,-102,0,0,-82,-82,1,1"
2026-08-01 05:16:30.832192,6.733,66,4718.000,289.000,-102.000,0.000,0.000,-82.000,-82.000,1.000,1.000,"4718,289,-102,0,0,-82,-82,1,1"
2026-08-01 05:16:30.935626,6.836,67,4733.000,289.000,-102.000,0.000,0.000,-82.000,-82.000,1.000,1.000,"4733,289,-102,0,0,-82,-82,1,1"
2026-08-01 05:16:31.039533,6.940,68,4748.000,289.000,-102.000,0.000,0.000,-82.000,-82.000,1.000,1.000,"4748,289,-102,0,0,-82,-82,1,1"
2026-08-01 05:16:31.142291,7.043,69,4763.000,289.000,-102.000,0.000,0.000,-82.000,-82.000,1.000,1.000,"4763,289,-102,0,0,-82,-82,1,1"
2026-08-01 05:16:31.246507,7.147,70,4778.000,289.000,-102.000,0.000,0.000,-82.000,-82.000,1.000,1.000,"4778,289,-102,0,0,-82,-82,1,1"
2026-08-01 05:16:31.350066,7.251,71,4793.000,289.000,-102.000,0.000,0.000,-82.000,-82.000,1.000,1.000,"4793,289,-102,0,0,-82,-82,1,1"
2026-08-01 05:16:31.453480,7.354,72,4808.000,289.000,-102.000,0.000,0.000,-82.000,-82.000,1.000,1.000,"4808,289,-102,0,0,-82,-82,1,1"
2026-08-01 05:16:31.557817,7.459,73,4823.000,289.000,-102.000,0.000,0.000,-82.000,-82.000,1.000,1.000,"4823,289,-102,0,0,-82,-82,1,1"
2026-08-01 05:16:31.661043,7.562,74,4838.000,289.000,-102.000,0.000,0.000,-82.000,-82.000,1.000,1.000,"4838,289,-102,0,0,-82,-82,1,1"
2026-08-01 05:16:31.765837,7.667,75,4853.000,289.000,-100.000,0.000,0.000,-81.000,-81.000,1.000,1.000,"4853,289,-100,0,0,-81,-81,1,1"
2026-08-01 05:16:31.868710,7.770,76,4868.000,313.000,-93.000,0.000,2.000,-80.000,-80.000,1.000,1.000,"4868,313,-93,0,2,-80,-80,1,1"
2026-08-01 05:16:31.971361,7.872,77,4883.000,289.000,-96.000,0.000,0.000,-78.000,-78.000,1.000,1.000,"4883,289,-96,0,0,-78,-78,1,1"
2026-08-01 05:16:32.073862,7.975,78,4901.000,-338.000,-459.000,0.000,-77.000,-136.000,-133.000,1.000,1.000,"4901,-338,-459,0,-77,-136,-133,1,1"
2026-08-01 05:16:32.177582,8.078,79,4917.000,228.000,-414.000,0.000,-26.000,-180.000,-180.000,1.000,1.000,"4917,228,-414,0,-26,-180,-180,1,1"
2026-08-01 05:16:32.281236,8.182,80,4932.000,192.000,-285.000,0.000,12.000,-180.000,-180.000,1.000,1.000,"4932,192,-285,0,12,-180,-180,1,1"
2026-08-01 05:16:32.384737,8.286,81,4947.000,192.000,-236.000,0.000,17.000,-180.000,-180.000,1.000,1.000,"4947,192,-236,0,17,-180,-180,1,1"
2026-08-01 05:16:32.488732,8.390,82,4962.000,216.000,-206.000,0.000,16.000,-180.000,-180.000,1.000,1.000,"4962,216,-206,0,16,-180,-180,1,1"
2026-08-01 05:16:32.592071,8.493,83,4977.000,228.000,-182.000,0.000,14.000,-180.000,-180.000,1.000,1.000,"4977,228,-182,0,14,-180,-180,1,1"
2026-08-01 05:16:32.696822,8.598,84,4992.000,289.000,-147.000,0.000,16.000,-166.000,-166.000,1.000,1.000,"4992,289,-147,0,16,-166,-166,1,1"
2026-08-01 05:16:32.799641,8.700,85,5007.000,313.000,-113.000,0.000,16.000,-140.000,-140.000,1.000,1.000,"5007,313,-113,0,16,-140,-140,1,1"
2026-08-01 05:16:32.902444,8.803,86,5022.000,385.000,-62.000,0.000,20.000,-112.000,-112.000,1.000,1.000,"5022,385,-62,0,20,-112,-112,1,1"
2026-08-01 05:16:33.007265,8.908,87,5037.000,433.000,-13.000,0.000,22.000,-79.000,-79.000,1.000,1.000,"5037,433,-13,0,22,-79,-79,1,1"
2026-08-01 05:16:33.111845,9.013,88,5052.000,494.000,44.000,0.000,25.000,-41.000,-41.000,1.000,1.000,"5052,494,44,0,25,-41,-41,1,1"
2026-08-01 05:16:33.213489,9.114,89,5067.000,542.000,97.000,0.000,26.000,0.000,0.000,1.000,1.000,"5067,542,97,0,26,0,0,1,1"
2026-08-01 05:16:33.317085,9.218,90,5082.000,578.000,145.000,0.000,25.000,41.000,41.000,1.000,1.000,"5082,578,145,0,25,41,41,1,1"
2026-08-01 05:16:33.418882,9.320,91,5097.000,638.000,195.000,0.000,25.000,81.000,81.000,1.000,1.000,"5097,638,195,0,25,81,81,1,1"
2026-08-01 05:16:33.522399,9.423,92,5112.000,674.000,242.000,0.000,24.000,121.000,121.000,1.000,1.000,"5112,674,242,0,24,121,121,1,1"
2026-08-01 05:16:33.625567,9.526,93,5127.000,674.000,268.000,0.000,18.000,157.000,157.000,1.000,1.000,"5127,674,268,0,18,157,157,1,1"
2026-08-01 05:16:33.729510,9.630,94,5142.000,674.000,276.000,0.000,12.000,180.000,180.000,1.000,1.000,"5142,674,276,0,12,180,180,1,1"
2026-08-01 05:16:33.833325,9.734,95,5157.000,674.000,282.000,0.000,8.000,180.000,180.000,1.000,1.000,"5157,674,282,0,8,180,180,1,1"
2026-08-01 05:16:33.936022,9.837,96,5172.000,674.000,282.000,0.000,4.000,180.000,180.000,1.000,1.000,"5172,674,282,0,4,180,180,1,1"
2026-08-01 05:16:34.038763,9.940,97,5187.000,590.000,239.000,0.000,-6.000,180.000,180.000,1.000,1.000,"5187,590,239,0,-6,180,180,1,1"
2026-08-01 05:16:34.142327,10.043,98,5202.000,530.000,201.000,0.000,-11.000,180.000,180.000,1.000,1.000,"5202,530,201,0,-11,180,180,1,1"
2026-08-01 05:16:34.246035,10.147,99,5217.000,470.000,146.000,0.000,-18.000,172.000,172.000,1.000,1.000,"5217,470,146,0,-18,172,172,1,1"
2026-08-01 05:16:34.350289,10.251,100,5230.000,385.000,63.000,0.000,-28.000,135.000,135.000,1.000,1.000,"5230,385,63,0,-28,135,135,1,1"
2026-08-01 05:16:34.454536,10.355,101,5247.000,192.000,-21.000,0.000,-34.000,86.000,86.000,1.000,1.000,"5247,192,-21,0,-34,86,86,1,1"
2026-08-01 05:16:34.556224,10.457,102,5257.000,192.000,-113.000,0.000,-39.000,28.000,28.000,1.000,1.000,"5257,192,-113,0,-39,28,28,1,1"
2026-08-01 05:16:34.659846,10.561,103,5271.000,72.000,-221.000,0.000,-45.000,-39.000,-39.000,1.000,1.000,"5271,72,-221,0,-45,-39,-39,1,1"
2026-08-01 05:16:34.763471,10.664,104,5284.000,-49.000,-337.000,0.000,-50.000,-117.000,-117.000,1.000,1.000,"5284,-49,-337,0,-50,-117,-117,1,1"
2026-08-01 05:16:34.867388,10.768,105,5301.000,-157.000,-448.000,0.000,-52.000,-180.000,-180.000,1.000,1.000,"5301,-157,-448,0,-52,-180,-180,1,1"
2026-08-01 05:16:34.971016,10.872,106,5319.000,-254.000,-551.000,0.000,-52.000,-180.000,-180.000,1.000,1.000,"5319,-254,-551,0,-52,-180,-180,1,1"
2026-08-01 05:16:35.074583,10.975,107,5337.000,-326.000,-642.000,0.000,-48.000,-180.000,-180.000,1.000,1.000,"5337,-326,-642,0,-48,-180,-180,1,1"
2026-08-01 05:16:35.178233,11.079,108,5355.000,-386.000,-715.000,0.000,-43.000,-180.000,-180.000,1.000,1.000,"5355,-386,-715,0,-43,-180,-180,1,1"
2026-08-01 05:16:35.282085,11.183,109,5373.000,-410.000,-762.000,0.000,-34.000,-180.000,-180.000,1.000,1.000,"5373,-410,-762,0,-34,-180,-180,1,1"
2026-08-01 05:16:35.385808,11.287,110,5391.000,-410.000,-785.000,0.000,-24.000,-180.000,-180.000,1.000,1.000,"5391,-410,-785,0,-24,-180,-180,1,1"
2026-08-01 05:16:35.489404,11.390,111,5409.000,-386.000,-783.000,0.000,-13.000,-180.000,-180.000,1.000,1.000,"5409,-386,-783,0,-13,-180,-180,1,1"
2026-08-01 05:16:35.593017,11.494,112,5427.000,-338.000,-760.000,0.000,-2.000,-180.000,-180.000,1.000,1.000,"5427,-338,-760,0,-2,-180,-180,1,1"
2026-08-01 05:16:35.696800,11.598,113,5445.000,-290.000,-718.000,0.000,8.000,-180.000,-180.000,1.000,1.000,"5445,-290,-718,0,8,-180,-180,1,1"
2026-08-01 05:16:35.800516,11.701,114,5463.000,-193.000,-646.000,0.000,19.000,-180.000,-180.000,1.000,1.000,"5463,-193,-646,0,19,-180,-180,1,1"
2026-08-01 05:16:35.904327,11.805,115,5480.000,-97.000,-561.000,0.000,29.000,-180.000,-180.000,1.000,1.000,"5480,-97,-561,0,29,-180,-180,1,1"
2026-08-01 05:16:36.007150,11.908,116,5494.000,-1.000,-469.000,0.000,36.000,-180.000,-180.000,1.000,1.000,"5494,-1,-469,0,36,-180,-180,1,1"
2026-08-01 05:16:36.111560,12.012,117,5507.000,132.000,-356.000,0.000,44.000,-180.000,-180.000,1.000,1.000,"5507,132,-356,0,44,-180,-180,1,1"
2026-08-01 05:16:36.215181,12.116,118,5522.000,289.000,-221.000,0.000,54.000,-180.000,-180.000,1.000,1.000,"5522,289,-221,0,54,-180,-180,1,1"
2026-08-01 05:16:36.318253,12.219,119,5537.000,409.000,-89.000,0.000,59.000,-180.000,-180.000,1.000,1.000,"5537,409,-89,0,59,-180,-180,1,1"
2026-08-01 05:16:36.423601,12.324,120,5552.000,566.000,49.000,0.000,63.000,-150.000,-150.000,1.000,1.000,"5552,566,49,0,63,-150,-150,1,1"
2026-08-01 05:16:36.527038,12.428,121,5567.000,699.000,192.000,0.000,66.000,-45.000,-60.000,1.000,1.000,"5567,699,192,0,66,-45,-60,1,1"
2026-08-01 05:16:36.630758,12.532,122,5582.000,867.000,344.000,0.000,70.000,64.000,30.000,1.000,1.000,"5582,867,344,0,70,64,30,1,1"
2026-08-01 05:16:36.733073,12.634,123,5597.000,964.000,473.000,0.000,66.000,177.000,120.000,1.000,1.000,"5597,964,473,0,66,177,120,1,1"
2026-08-01 05:16:36.838234,12.739,124,5615.000,1108.000,602.000,0.000,65.000,180.000,180.000,1.000,1.000,"5615,1108,602,0,65,180,180,1,1"
2026-08-01 05:16:36.941079,12.842,125,5633.000,1205.000,734.000,0.000,64.000,180.000,180.000,1.000,1.000,"5633,1205,734,0,64,180,180,1,1"
2026-08-01 05:16:37.044630,12.945,126,5651.000,1253.000,805.000,0.000,51.000,180.000,180.000,1.000,1.000,"5651,1253,805,0,51,180,180,1,1"
2026-08-01 05:16:37.148707,13.050,127,5669.000,1229.000,823.000,0.000,32.000,180.000,180.000,1.000,1.000,"5669,1229,823,0,32,180,180,1,1"
2026-08-01 05:16:37.251589,13.152,128,5687.000,1169.000,799.000,0.000,13.000,180.000,180.000,1.000,1.000,"5687,1169,799,0,13,180,180,1,1"
2026-08-01 05:16:37.355454,13.256,129,5705.000,1108.000,753.000,0.000,-2.000,180.000,180.000,1.000,1.000,"5705,1108,753,0,-2,180,180,1,1"
2026-08-01 05:16:37.458027,13.359,130,5723.000,1000.000,680.000,0.000,-17.000,180.000,180.000,1.000,1.000,"5723,1000,680,0,-17,180,180,1,1"
2026-08-01 05:16:37.563045,13.464,131,5738.000,891.000,586.000,0.000,-30.000,180.000,180.000,1.000,1.000,"5738,891,586,0,-30,180,180,1,1"
2026-08-01 05:16:37.666973,13.568,132,5753.000,771.000,480.000,0.000,-40.000,180.000,180.000,1.000,1.000,"5753,771,480,0,-40,180,180,1,1"
2026-08-01 05:16:37.770262,13.671,133,5768.000,602.000,343.000,0.000,-52.000,180.000,180.000,1.000,1.000,"5768,602,343,0,-52,180,180,1,1"
2026-08-01 05:16:37.874466,13.775,134,5784.000,313.000,143.000,0.000,-74.000,180.000,180.000,1.000,1.000,"5784,313,143,0,-74,180,180,1,1"
2026-08-01 05:16:37.977415,13.878,135,5800.000,-338.000,-212.000,0.000,-126.000,180.000,180.000,1.000,1.000,"5800,-338,-212,0,-126,180,180,1,1"
2026-08-01 05:16:38.081402,13.982,136,5814.000,72.000,-294.000,0.000,-87.000,26.000,90.000,1.000,1.000,"5814,72,-294,0,-87,26,90,1,1"
2026-08-01 05:16:38.182927,14.084,137,5829.000,-121.000,-404.000,0.000,-73.000,-103.000,0.000,1.000,1.000,"5829,-121,-404,0,-73,-103,0,1,1"
2026-08-01 05:16:38.287663,14.188,138,5847.000,-627.000,-660.000,0.000,-101.000,-180.000,-90.000,1.000,1.000,"5847,-627,-660,0,-101,-180,-90,1,1"
2026-08-01 05:16:38.391537,14.292,139,5865.000,-615.000,-885.000,0.000,-103.000,-180.000,-180.000,1.000,1.000,"5865,-615,-885,0,-103,-180,-180,1,1"
2026-08-01 05:16:38.495150,14.396,140,5883.000,-748.000,-1010.000,0.000,-85.000,-180.000,-180.000,1.000,1.000,"5883,-748,-1010,0,-85,-180,-180,1,1"
2026-08-01 05:16:38.600013,14.501,141,5901.000,-326.000,-844.000,0.000,-12.000,-180.000,-180.000,1.000,1.000,"5901,-326,-844,0,-12,-180,-180,1,1"
2026-08-01 05:16:38.702377,14.603,142,5919.000,-338.000,-775.000,0.000,7.000,-180.000,-180.000,1.000,1.000,"5919,-338,-775,0,7,-180,-180,1,1"
2026-08-01 05:16:38.805906,14.707,143,5937.000,-338.000,-749.000,0.000,9.000,-180.000,-180.000,1.000,1.000,"5937,-338,-749,0,9,-180,-180,1,1"
2026-08-01 05:16:38.910432,14.811,144,5957.000,-1037.000,-1136.000,0.000,-77.000,-180.000,-180.000,1.000,1.000,"5957,-1037,-1136,0,-77,-180,-180,1,1"
2026-08-01 05:16:39.013411,14.914,145,5975.000,-338.000,-901.000,0.000,6.000,-180.000,-180.000,1.000,1.000,"5975,-338,-901,0,6,-180,-180,1,1"
2026-08-01 05:16:39.117784,15.019,146,5995.000,-1013.000,-1038.000,0.000,-34.000,-180.000,-180.000,1.000,1.000,"5995,-1013,-1038,0,-34,-180,-180,1,1"
2026-08-01 05:16:39.220800,15.122,147,6013.000,-338.000,-860.000,0.000,18.000,-180.000,-180.000,1.000,1.000,"6013,-338,-860,0,18,-180,-180,1,1"
2026-08-01 05:16:39.324798,15.226,148,6031.000,-917.000,-987.000,0.000,-24.000,-180.000,-180.000,1.000,1.000,"6031,-917,-987,0,-24,-180,-180,1,1"
2026-08-01 05:16:39.428389,15.329,149,6049.000,-338.000,-965.000,0.000,-1.000,-180.000,-180.000,1.000,1.000,"6049,-338,-965,0,-1,-180,-180,1,1"
2026-08-01 05:16:39.531990,15.433,150,6067.000,-712.000,-960.000,0.000,-4.000,-180.000,-180.000,1.000,1.000,"6067,-712,-960,0,-4,-180,-180,1,1"
2026-08-01 05:16:39.636927,15.538,151,6085.000,-338.000,-898.000,0.000,14.000,-180.000,-180.000,1.000,1.000,"6085,-338,-898,0,14,-180,-180,1,1"
2026-08-01 05:16:39.739431,15.640,152,6103.000,-398.000,-819.000,0.000,24.000,-180.000,-180.000,1.000,1.000,"6103,-398,-819,0,24,-180,-180,1,1"
2026-08-01 05:16:39.843138,15.744,153,6121.000,-218.000,-725.000,0.000,34.000,-180.000,-180.000,1.000,1.000,"6121,-218,-725,0,34,-180,-180,1,1"
2026-08-01 05:16:39.946870,15.848,154,6136.000,-13.000,-576.000,0.000,53.000,-180.000,-180.000,1.000,1.000,"6136,-13,-576,0,53,-180,-180,1,1"
2026-08-01 05:16:40.050455,15.951,155,6150.000,313.000,-354.000,0.000,80.000,-180.000,-180.000,1.000,1.000,"6150,313,-354,0,80,-180,-180,1,1"
2026-08-01 05:16:40.154074,16.055,156,6165.000,409.000,-145.000,0.000,90.000,-180.000,-180.000,1.000,1.000,"6165,409,-145,0,90,-180,-180,1,1"
2026-08-01 05:16:40.258123,16.159,157,6180.000,626.000,40.000,0.000,92.000,-180.000,-180.000,1.000,1.000,"6180,626,40,0,92,-180,-180,1,1"
2026-08-01 05:16:40.361730,16.263,158,6195.000,819.000,230.000,0.000,94.000,-97.000,-125.000,1.000,1.000,"6195,819,230,0,94,-97,-125,1,1"
2026-08-01 05:16:40.466498,16.367,159,6211.000,1193.000,497.000,0.000,113.000,58.000,-35.000,1.000,1.000,"6211,1193,497,0,113,58,-35,1,1"
2026-08-01 05:16:40.569242,16.470,160,6229.000,1253.000,348.000,0.000,52.000,119.000,55.000,1.000,1.000,"6229,1253,348,0,52,119,55,1,1"
2026-08-01 05:16:40.673640,16.574,161,6247.000,1229.000,635.000,0.000,90.000,180.000,145.000,1.000,1.000,"6247,1229,635,0,90,180,145,1,1"
2026-08-01 05:16:40.776709,16.678,162,6265.000,1181.000,732.000,0.000,70.000,180.000,180.000,1.000,1.000,"6265,1181,732,0,70,180,180,1,1"
2026-08-01 05:16:40.880359,16.781,163,6283.000,1133.000,753.000,0.000,43.000,180.000,180.000,1.000,1.000,"6283,1133,753,0,43,180,180,1,1"
2026-08-01 05:16:40.984415,16.885,164,6301.000,1084.000,729.000,0.000,18.000,180.000,180.000,1.000,1.000,"6301,1084,729,0,18,180,180,1,1"
2026-08-01 05:16:41.088664,16.989,165,6318.000,988.000,668.000,0.000,-3.000,180.000,180.000,1.000,1.000,"6318,988,668,0,-3,180,180,1,1"
2026-08-01 05:16:41.191514,17.092,166,6333.000,891.000,584.000,0.000,-20.000,180.000,180.000,1.000,1.000,"6333,891,584,0,-20,180,180,1,1"
2026-08-01 05:16:41.295396,17.196,167,6348.000,771.000,487.000,0.000,-33.000,180.000,180.000,1.000,1.000,"6348,771,487,0,-33,180,180,1,1"
2026-08-01 05:16:41.399322,17.300,168,6363.000,638.000,367.000,0.000,-45.000,180.000,180.000,1.000,1.000,"6363,638,367,0,-45,180,180,1,1"
2026-08-01 05:16:41.503844,17.405,169,6378.000,482.000,229.000,0.000,-56.000,180.000,180.000,1.000,1.000,"6378,482,229,0,-56,180,180,1,1"
2026-08-01 05:16:41.606219,17.507,170,6393.000,289.000,64.000,0.000,-68.000,180.000,180.000,1.000,1.000,"6393,289,64,0,-68,180,180,1,1"
2026-08-01 05:16:41.708930,17.610,171,6406.000,120.000,-135.000,0.000,-80.000,132.000,135.000,1.000,1.000,"6406,120,-135,0,-80,132,135,1,1"
2026-08-01 05:16:41.813657,17.714,172,6420.000,-85.000,-302.000,0.000,-82.000,5.000,45.000,1.000,1.000,"6420,-85,-302,0,-82,5,45,1,1"
2026-08-01 05:16:41.916264,17.817,173,6438.000,-398.000,-526.000,0.000,-97.000,-129.000,-45.000,1.000,1.000,"6438,-398,-526,0,-97,-129,-45,1,1"
2026-08-01 05:16:42.020075,17.921,174,6456.000,-447.000,-688.000,0.000,-88.000,-180.000,-135.000,1.000,1.000,"6456,-447,-688,0,-88,-180,-135,1,1"
2026-08-01 05:16:42.123754,18.025,175,6474.000,-772.000,-914.000,0.000,-98.000,-180.000,-180.000,1.000,1.000,"6474,-772,-914,0,-98,-180,-180,1,1"
2026-08-01 05:16:42.227452,18.128,176,6492.000,-748.000,-940.000,0.000,-66.000,-180.000,-180.000,1.000,1.000,"6492,-748,-940,0,-66,-180,-180,1,1"
2026-08-01 05:16:42.331244,18.232,177,6510.000,-880.000,-1100.000,0.000,-71.000,-180.000,-180.000,1.000,1.000,"6510,-880,-1100,0,-71,-180,-180,1,1"
2026-08-01 05:16:42.435161,18.336,178,6522.000,-929.000,-1224.000,0.000,-66.000,-180.000,-180.000,1.000,1.000,"6522,-929,-1224,0,-66,-180,-180,1,1"
2026-08-01 05:16:42.539816,18.441,179,6540.000,-989.000,-1312.000,0.000,-56.000,-180.000,-180.000,1.000,1.000,"6540,-989,-1312,0,-56,-180,-180,1,1"
2026-08-01 05:16:42.642526,18.543,180,6561.000,-1013.000,-1365.000,0.000,-43.000,-180.000,-180.000,1.000,1.000,"6561,-1013,-1365,0,-43,-180,-180,1,1"
2026-08-01 05:16:42.746082,18.647,181,6588.000,-989.000,-1388.000,0.000,-29.000,-180.000,-180.000,1.000,1.000,"6588,-989,-1388,0,-29,-180,-180,1,1"
2026-08-01 05:16:42.849829,18.751,182,6600.000,-977.000,-1379.000,0.000,-14.000,-180.000,-180.000,1.000,1.000,"6600,-977,-1379,0,-14,-180,-180,1,1"
2026-08-01 05:16:42.953319,18.854,183,6618.000,-917.000,-1347.000,0.000,0.000,-180.000,-180.000,1.000,1.000,"6618,-917,-1347,0,0,-180,-180,1,1"
2026-08-01 05:16:43.057322,18.958,184,6636.000,-844.000,-1291.000,0.000,11.000,-180.000,-180.000,1.000,1.000,"6636,-844,-1291,0,11,-180,-180,1,1"
2026-08-01 05:16:43.160974,19.062,185,6654.000,-748.000,-1212.000,0.000,24.000,-180.000,-180.000,1.000,1.000,"6654,-748,-1212,0,24,-180,-180,1,1"
2026-08-01 05:16:43.264500,19.165,186,6672.000,-615.000,-1104.000,0.000,36.000,-180.000,-180.000,1.000,1.000,"6672,-615,-1104,0,36,-180,-180,1,1"
2026-08-01 05:16:43.368103,19.269,187,6690.000,-471.000,-934.000,0.000,55.000,-180.000,-180.000,1.000,1.000,"6690,-471,-934,0,55,-180,-180,1,1"
2026-08-01 05:16:43.471942,19.373,188,6708.000,-290.000,-805.000,0.000,59.000,-180.000,-180.000,1.000,1.000,"6708,-290,-805,0,59,-180,-180,1,1"
2026-08-01 05:16:43.575627,19.476,189,6726.000,-109.000,-645.000,0.000,68.000,-180.000,-180.000,1.000,1.000,"6726,-109,-645,0,68,-180,-180,1,1"
2026-08-01 05:16:43.679188,19.580,190,6740.000,216.000,-388.000,0.000,93.000,-180.000,-180.000,1.000,1.000,"6740,216,-388,0,93,-180,-180,1,1"
2026-08-01 05:16:43.783263,19.684,191,6755.000,409.000,-167.000,0.000,100.000,-180.000,-180.000,1.000,1.000,"6755,409,-167,0,100,-180,-180,1,1"
2026-08-01 05:16:43.887425,19.788,192,6770.000,530.000,33.000,0.000,97.000,-180.000,-180.000,1.000,1.000,"6770,530,33,0,97,-180,-180,1,1"
2026-08-01 05:16:43.990976,19.892,193,6785.000,747.000,205.000,0.000,92.000,-112.000,-135.000,1.000,1.000,"6785,747,205,0,92,-112,-135,1,1"
2026-08-01 05:16:44.094808,19.996,194,6800.000,940.000,392.000,0.000,92.000,37.000,-45.000,1.000,1.000,"6800,940,392,0,92,37,-45,1,1"
2026-08-01 05:16:44.197538,20.098,195,6818.000,1253.000,649.000,0.000,107.000,180.000,45.000,1.000,1.000,"6818,1253,649,0,107,180,45,1,1"
2026-08-01 05:16:44.302072,20.203,196,6836.000,1253.000,760.000,0.000,84.000,180.000,135.000,1.000,1.000,"6836,1253,760,0,84,180,135,1,1"
2026-08-01 05:16:44.405036,20.306,197,6854.000,1205.000,793.000,0.000,54.000,180.000,180.000,1.000,1.000,"6854,1205,793,0,54,180,180,1,1"
2026-08-01 05:16:44.508669,20.409,198,6872.000,1157.000,782.000,0.000,27.000,180.000,180.000,1.000,1.000,"6872,1157,782,0,27,180,180,1,1"
2026-08-01 05:16:44.612805,20.514,199,6890.000,1108.000,749.000,0.000,8.000,180.000,180.000,1.000,1.000,"6890,1108,749,0,8,180,180,1,1"
2026-08-01 05:16:44.716328,20.617,200,6908.000,1036.000,694.000,0.000,-7.000,180.000,180.000,1.000,1.000,"6908,1036,694,0,-7,180,180,1,1"
2026-08-01 05:16:44.819770,20.721,201,6924.000,940.000,615.000,0.000,-21.000,180.000,180.000,1.000,1.000,"6924,940,615,0,-21,180,180,1,1"
2026-08-01 05:16:44.923356,20.824,202,6939.000,831.000,521.000,0.000,-32.000,180.000,180.000,1.000,1.000,"6939,831,521,0,-32,180,180,1,1"
2026-08-01 05:16:45.026796,20.928,203,6954.000,674.000,394.000,0.000,-45.000,180.000,180.000,1.000,1.000,"6954,674,394,0,-45,180,180,1,1"
2026-08-01 05:16:45.130591,21.031,204,6969.000,530.000,257.000,0.000,-55.000,180.000,180.000,1.000,1.000,"6969,530,257,0,-55,180,180,1,1"
2026-08-01 05:16:45.235026,21.136,205,6984.000,385.000,110.000,0.000,-62.000,180.000,180.000,1.000,1.000,"6984,385,110,0,-62,180,180,1,1"
2026-08-01 05:16:45.338849,21.240,206,6998.000,72.000,-124.000,0.000,-85.000,157.000,157.000,1.000,1.000,"6998,72,-124,0,-85,157,157,1,1"
2026-08-01 05:16:45.441780,21.343,207,7012.000,-145.000,-316.000,0.000,-91.000,22.000,67.000,1.000,1.000,"7012,-145,-316,0,-91,22,67,1,1"
2026-08-01 05:16:45.546304,21.447,208,7029.000,-205.000,-461.000,0.000,-83.000,-119.000,-23.000,1.000,1.000,"7029,-205,-461,0,-83,-119,-23,1,1"
2026-08-01 05:16:45.649245,21.550,209,7047.000,-543.000,-721.000,0.000,-102.000,-180.000,-113.000,1.000,1.000,"7047,-543,-721,0,-102,-180,-113,1,1"
2026-08-01 05:16:45.753675,21.654,210,7065.000,-676.000,-877.000,0.000,-93.000,-180.000,-180.000,1.000,1.000,"7065,-676,-877,0,-93,-180,-180,1,1"
2026-08-01 05:16:45.856233,21.757,211,7083.000,-676.000,-976.000,0.000,-74.000,-180.000,-180.000,1.000,1.000,"7083,-676,-976,0,-74,-180,-180,1,1"
2026-08-01 05:16:45.960265,21.861,212,7101.000,-808.000,-1097.000,0.000,-67.000,-180.000,-180.000,1.000,1.000,"7101,-808,-1097,0,-67,-180,-180,1,1"
2026-08-01 05:16:46.063851,21.965,213,7119.000,-893.000,-1200.000,0.000,-60.000,-180.000,-180.000,1.000,1.000,"7119,-893,-1200,0,-60,-180,-180,1,1"
2026-08-01 05:16:46.167605,22.068,214,7137.000,-941.000,-1274.000,0.000,-49.000,-180.000,-180.000,1.000,1.000,"7137,-941,-1274,0,-49,-180,-180,1,1"
2026-08-01 05:16:46.271607,22.172,215,7155.000,-977.000,-1323.000,0.000,-38.000,-180.000,-180.000,1.000,1.000,"7155,-977,-1323,0,-38,-180,-180,1,1"
2026-08-01 05:16:46.375179,22.276,216,7173.000,-953.000,-1335.000,0.000,-24.000,-180.000,-180.000,1.000,1.000,"7173,-953,-1335,0,-24,-180,-180,1,1"
2026-08-01 05:16:46.478659,22.379,217,7191.000,-929.000,-1330.000,0.000,-12.000,-180.000,-180.000,1.000,1.000,"7191,-929,-1330,0,-12,-180,-180,1,1"
2026-08-01 05:16:46.582234,22.483,218,7209.000,-868.000,-1295.000,0.000,0.000,-180.000,-180.000,1.000,1.000,"7209,-868,-1295,0,0,-180,-180,1,1"
2026-08-01 05:16:46.686026,22.587,219,7227.000,-784.000,-1240.000,0.000,12.000,-180.000,-180.000,1.000,1.000,"7227,-784,-1240,0,12,-180,-180,1,1"
2026-08-01 05:16:46.789941,22.691,220,7245.000,-676.000,-1162.000,0.000,24.000,-180.000,-180.000,1.000,1.000,"7245,-676,-1162,0,24,-180,-180,1,1"
2026-08-01 05:16:46.893511,22.794,221,7263.000,-555.000,-1054.000,0.000,37.000,-180.000,-180.000,1.000,1.000,"7263,-555,-1054,0,37,-180,-180,1,1"
2026-08-01 05:16:46.997150,22.898,222,7281.000,-410.000,-930.000,0.000,48.000,-180.000,-180.000,1.000,1.000,"7281,-410,-930,0,48,-180,-180,1,1"
2026-08-01 05:16:47.100854,23.002,223,7299.000,-242.000,-783.000,0.000,60.000,-180.000,-180.000,1.000,1.000,"7299,-242,-783,0,60,-180,-180,1,1"
2026-08-01 05:16:47.204469,23.105,224,7316.000,-61.000,-620.000,0.000,70.000,-180.000,-180.000,1.000,1.000,"7316,-61,-620,0,70,-180,-180,1,1"
2026-08-01 05:16:47.308173,23.209,225,7329.000,301.000,-383.000,0.000,93.000,-180.000,-180.000,1.000,1.000,"7329,301,-383,0,93,-180,-180,1,1"
2026-08-01 05:16:47.411798,23.313,226,7345.000,530.000,-276.000,0.000,86.000,-180.000,-180.000,1.000,1.000,"7345,530,-276,0,86,-180,-180,1,1"
2026-08-01 05:16:47.515308,23.416,227,7360.000,711.000,42.000,0.000,117.000,-180.000,-180.000,1.000,1.000,"7360,711,42,0,117,-180,-180,1,1"
2026-08-01 05:16:47.619347,23.520,228,7375.000,771.000,236.000,0.000,107.000,-133.000,-135.000,1.000,1.000,"7375,771,236,0,107,-133,-135,1,1"
2026-08-01 05:16:47.723204,23.624,229,7390.000,952.000,431.000,0.000,101.000,41.000,-45.000,1.000,1.000,"7390,952,431,0,101,41,-45,1,1"
2026-08-01 05:16:47.827035,23.728,230,7408.000,1253.000,627.000,0.000,101.000,180.000,45.000,1.000,1.000,"7408,1253,627,0,101,180,45,1,1"
2026-08-01 05:16:47.931204,23.832,231,7426.000,1253.000,762.000,0.000,85.000,180.000,135.000,1.000,1.000,"7426,1253,762,0,85,180,135,1,1"
2026-08-01 05:16:48.034827,23.936,232,7444.000,1181.000,794.000,0.000,54.000,180.000,180.000,1.000,1.000,"7444,1181,794,0,54,180,180,1,1"
2026-08-01 05:16:48.138646,24.039,233,7462.000,1169.000,792.000,0.000,29.000,180.000,180.000,1.000,1.000,"7462,1169,792,0,29,180,180,1,1"
2026-08-01 05:16:48.241814,24.143,234,7480.000,1108.000,753.000,0.000,8.000,180.000,180.000,1.000,1.000,"7480,1108,753,0,8,180,180,1,1"
2026-08-01 05:16:48.346127,24.247,235,7498.000,1036.000,701.000,0.000,-7.000,180.000,180.000,1.000,1.000,"7498,1036,701,0,-7,180,180,1,1"
2026-08-01 05:16:48.450323,24.351,236,7514.000,928.000,622.000,0.000,-21.000,180.000,180.000,1.000,1.000,"7514,928,622,0,-21,180,180,1,1"
2026-08-01 05:16:48.553385,24.454,237,7529.000,819.000,525.000,0.000,-33.000,180.000,180.000,1.000,1.000,"7529,819,525,0,-33,180,180,1,1"
2026-08-01 05:16:48.656750,24.558,238,7544.000,687.000,411.000,0.000,-44.000,180.000,180.000,1.000,1.000,"7544,687,411,0,-44,180,180,1,1"
2026-08-01 05:16:48.760428,24.661,239,7559.000,530.000,275.000,0.000,-55.000,180.000,180.000,1.000,1.000,"7559,530,275,0,-55,180,180,1,1"
2026-08-01 05:16:48.864451,24.765,240,7574.000,337.000,117.000,0.000,-66.000,180.000,180.000,1.000,1.000,"7574,337,117,0,-66,180,180,1,1"
2026-08-01 05:16:48.967897,24.869,241,7587.000,48.000,-94.000,0.000,-85.000,180.000,180.000,1.000,1.000,"7587,48,-94,0,-85,180,180,1,1"
2026-08-01 05:16:49.071999,24.973,242,7601.000,-13.000,-243.000,0.000,-81.000,49.000,90.000,1.000,1.000,"7601,-13,-243,0,-81,49,90,1,1"
2026-08-01 05:16:49.175138,25.076,243,7618.000,-205.000,-423.000,0.000,-85.000,-82.000,0.000,1.000,1.000,"7618,-205,-423,0,-85,-82,0,1,1"
2026-08-01 05:16:49.278778,25.180,244,7636.000,-386.000,-633.000,0.000,-92.000,-180.000,-90.000,1.000,1.000,"7636,-386,-633,0,-92,-180,-90,1,1"
2026-08-01 05:16:49.382748,25.284,245,7654.000,-712.000,-844.000,0.000,-100.000,-180.000,-180.000,1.000,1.000,"7654,-712,-844,0,-100,-180,-180,1,1"
2026-08-01 05:16:49.486441,25.387,246,7672.000,-724.000,-1012.000,0.000,-91.000,-180.000,-180.000,1.000,1.000,"7672,-724,-1012,0,-91,-180,-180,1,1"
2026-08-01 05:16:49.590185,25.491,247,7690.000,-844.000,-1119.000,0.000,-75.000,-180.000,-180.000,1.000,1.000,"7690,-844,-1119,0,-75,-180,-180,1,1"
2026-08-01 05:16:49.693839,25.595,248,7708.000,-929.000,-1222.000,0.000,-64.000,-180.000,-180.000,1.000,1.000,"7708,-929,-1222,0,-64,-180,-180,1,1"
2026-08-01 05:16:49.797433,25.698,249,7726.000,-989.000,-1308.000,0.000,-55.000,-180.000,-180.000,1.000,1.000,"7726,-989,-1308,0,-55,-180,-180,1,1"
2026-08-01 05:16:49.901347,25.802,250,7747.000,-1013.000,-1364.000,0.000,-42.000,-180.000,-180.000,1.000,1.000,"7747,-1013,-1364,0,-42,-180,-180,1,1"
2026-08-01 05:16:50.005060,25.906,251,7768.000,-1013.000,-1387.000,0.000,-29.000,-180.000,-180.000,1.000,1.000,"7768,-1013,-1387,0,-29,-180,-180,1,1"
2026-08-01 05:16:50.108746,26.010,252,7789.000,-1013.000,-1400.000,0.000,-18.000,-180.000,-180.000,1.000,1.000,"7789,-1013,-1400,0,-18,-180,-180,1,1"
2026-08-01 05:16:50.212290,26.113,253,7808.000,-977.000,-1390.000,0.000,-8.000,-180.000,-180.000,1.000,1.000,"7808,-977,-1390,0,-8,-180,-180,1,1"
2026-08-01 05:16:50.315949,26.217,254,7826.000,-917.000,-1354.000,0.000,3.000,-180.000,-180.000,1.000,1.000,"7826,-917,-1354,0,3,-180,-180,1,1"
2026-08-01 05:16:50.419914,26.321,255,7844.000,-844.000,-1297.000,0.000,14.000,-180.000,-180.000,1.000,1.000,"7844,-844,-1297,0,14,-180,-180,1,1"
2026-08-01 05:16:50.523496,26.424,256,7862.000,-748.000,-1239.000,0.000,20.000,-180.000,-180.000,1.000,1.000,"7862,-748,-1239,0,20,-180,-180,1,1"
2026-08-01 05:16:50.626976,26.528,257,7880.000,-603.000,-1123.000,0.000,37.000,-180.000,-180.000,1.000,1.000,"7880,-603,-1123,0,37,-180,-180,1,1"
2026-08-01 05:16:50.730755,26.632,258,7898.000,-471.000,-966.000,0.000,56.000,-180.000,-180.000,1.000,1.000,"7898,-471,-966,0,56,-180,-180,1,1"
2026-08-01 05:16:50.834330,26.735,259,7916.000,-302.000,-854.000,0.000,56.000,-180.000,-180.000,1.000,1.000,"7916,-302,-854,0,56,-180,-180,1,1"
2026-08-01 05:16:50.938091,26.839,260,7934.000,-121.000,-705.000,0.000,63.000,-180.000,-180.000,1.000,1.000,"7934,-121,-705,0,63,-180,-180,1,1"
2026-08-01 05:16:51.040772,26.942,261,7946.000,84.000,-505.000,0.000,77.000,-180.000,-180.000,1.000,1.000,"7946,84,-505,0,77,-180,-180,1,1"
2026-08-01 05:16:51.145956,27.047,262,7957.000,-326.000,-485.000,0.000,39.000,-180.000,-180.000,1.000,1.000,"7957,-326,-485,0,39,-180,-180,1,1"
2026-08-01 05:16:51.249241,27.150,263,7976.000,626.000,-124.000,0.000,101.000,-180.000,-180.000,1.000,1.000,"7976,626,-124,0,101,-180,-180,1,1"
2026-08-01 05:16:51.353183,27.254,264,7987.000,855.000,198.000,0.000,126.000,-180.000,-180.000,1.000,1.000,"7987,855,198,0,126,-180,-180,1,1"
2026-08-01 05:16:51.455926,27.357,265,8003.000,1012.000,392.000,0.000,115.000,-32.000,-90.000,1.000,1.000,"8003,1012,392,0,115,-32,-90,1,1"
2026-08-01 05:16:51.561724,27.463,266,8019.000,1060.000,529.000,0.000,95.000,137.000,0.000,1.000,1.000,"8019,1060,529,0,95,137,0,1,1"
2026-08-01 05:16:51.663580,27.564,267,8037.000,1253.000,699.000,0.000,90.000,180.000,90.000,1.000,1.000,"8037,1253,699,0,90,180,90,1,1"
2026-08-01 05:16:51.767520,27.668,268,8055.000,1253.000,787.000,0.000,70.000,180.000,180.000,1.000,1.000,"8055,1253,787,0,70,180,180,1,1"
2026-08-01 05:16:51.870899,27.772,269,8073.000,1205.000,802.000,0.000,42.000,180.000,180.000,1.000,1.000,"8073,1205,802,0,42,180,180,1,1"
2026-08-01 05:16:51.975024,27.876,270,8091.000,1133.000,775.000,0.000,17.000,180.000,180.000,1.000,1.000,"8091,1133,775,0,17,180,180,1,1"
2026-08-01 05:16:52.078076,27.979,271,8109.000,1084.000,732.000,0.000,0.000,180.000,180.000,1.000,1.000,"8109,1084,732,0,0,180,180,1,1"
2026-08-01 05:16:52.181911,28.083,272,8126.000,988.000,661.000,0.000,-15.000,180.000,180.000,1.000,1.000,"8126,988,661,0,-15,180,180,1,1"
2026-08-01 05:16:52.286282,28.187,273,8141.000,867.000,565.000,0.000,-29.000,180.000,180.000,1.000,1.000,"8141,867,565,0,-29,180,180,1,1"
2026-08-01 05:16:52.389322,28.290,274,8156.000,747.000,460.000,0.000,-39.000,180.000,180.000,1.000,1.000,"8156,747,460,0,-39,180,180,1,1"
2026-08-01 05:16:52.494063,28.395,275,8171.000,602.000,335.000,0.000,-50.000,180.000,180.000,1.000,1.000,"8171,602,335,0,-50,180,180,1,1"
2026-08-01 05:16:52.597085,28.498,276,8186.000,337.000,148.000,0.000,-70.000,180.000,180.000,1.000,1.000,"8186,337,148,0,-70,180,180,1,1"
2026-08-01 05:16:52.701091,28.602,277,8201.000,289.000,11.000,0.000,-68.000,180.000,180.000,1.000,1.000,"8201,289,11,0,-68,180,180,1,1"
2026-08-01 05:16:52.804635,28.705,278,8214.000,12.000,-203.000,0.000,-85.000,92.000,113.000,1.000,1.000,"8214,12,-203,0,-85,92,113,1,1"
2026-08-01 05:16:52.906907,28.808,279,8230.000,-145.000,-385.000,0.000,-86.000,-47.000,23.000,1.000,1.000,"8230,-145,-385,0,-86,-47,23,1,1"
2026-08-01 05:16:53.011193,28.912,280,8248.000,-278.000,-571.000,0.000,-87.000,-180.000,-67.000,1.000,1.000,"8248,-278,-571,0,-87,-180,-67,1,1"
2026-08-01 05:16:53.116160,29.017,281,8266.000,-459.000,-716.000,0.000,-80.000,-180.000,-157.000,1.000,1.000,"8266,-459,-716,0,-80,-180,-157,1,1"
2026-08-01 05:16:53.219038,29.120,282,8284.000,-748.000,-917.000,0.000,-90.000,-180.000,-180.000,1.000,1.000,"8284,-748,-917,0,-90,-180,-180,1,1"
2026-08-01 05:16:53.322684,29.223,283,8302.000,-748.000,-1040.000,0.000,-77.000,-180.000,-180.000,1.000,1.000,"8302,-748,-1040,0,-77,-180,-180,1,1"
2026-08-01 05:16:53.426294,29.327,284,8320.000,-977.000,-1199.000,0.000,-79.000,-180.000,-180.000,1.000,1.000,"8320,-977,-1199,0,-79,-180,-180,1,1"
2026-08-01 05:16:53.530016,29.431,285,8338.000,-941.000,-1271.000,0.000,-59.000,-180.000,-180.000,1.000,1.000,"8338,-941,-1271,0,-59,-180,-180,1,1"
2026-08-01 05:16:53.633787,29.535,286,8357.000,-989.000,-1334.000,0.000,-47.000,-180.000,-180.000,1.000,1.000,"8357,-989,-1334,0,-47,-180,-180,1,1"
2026-08-01 05:16:53.738341,29.639,287,8378.000,-1013.000,-1375.000,0.000,-35.000,-180.000,-180.000,1.000,1.000,"8378,-1013,-1375,0,-35,-180,-180,1,1"
2026-08-01 05:16:53.841176,29.742,288,8398.000,-989.000,-1381.000,0.000,-20.000,-180.000,-180.000,1.000,1.000,"8398,-989,-1381,0,-20,-180,-180,1,1"
2026-08-01 05:16:53.944887,29.846,289,8416.000,-953.000,-1365.000,0.000,-8.000,-180.000,-180.000,1.000,1.000,"8416,-953,-1365,0,-8,-180,-180,1,1"
2026-08-01 05:16:54.048384,29.949,290,8434.000,-905.000,-1328.000,0.000,3.000,-180.000,-180.000,1.000,1.000,"8434,-905,-1328,0,3,-180,-180,1,1"
2026-08-01 05:16:54.152329,30.053,291,8452.000,-808.000,-1262.000,0.000,16.000,-180.000,-180.000,1.000,1.000,"8452,-808,-1262,0,16,-180,-180,1,1"
2026-08-01 05:16:54.256090,30.157,292,8470.000,-688.000,-1173.000,0.000,29.000,-180.000,-180.000,1.000,1.000,"8470,-688,-1173,0,29,-180,-180,1,1"
2026-08-01 05:16:54.359648,30.260,293,8488.000,-579.000,-1067.000,0.000,39.000,-180.000,-180.000,1.000,1.000,"8488,-579,-1067,0,39,-180,-180,1,1"
2026-08-01 05:16:54.464159,30.365,294,8506.000,-410.000,-925.000,0.000,53.000,-180.000,-180.000,1.000,1.000,"8506,-410,-925,0,53,-180,-180,1,1"
2026-08-01 05:16:54.567077,30.468,295,8524.000,-242.000,-770.000,0.000,63.000,-180.000,-180.000,1.000,1.000,"8524,-242,-770,0,63,-180,-180,1,1"
2026-08-01 05:16:54.670482,30.571,296,8540.000,120.000,-532.000,0.000,89.000,-180.000,-180.000,1.000,1.000,"8540,120,-532,0,89,-180,-180,1,1"
2026-08-01 05:16:54.774320,30.675,297,8555.000,325.000,-279.000,0.000,104.000,-180.000,-180.000,1.000,1.000,"8555,325,-279,0,104,-180,-180,1,1"
2026-08-01 05:16:54.878016,30.779,298,8570.000,397.000,-101.000,0.000,95.000,-180.000,-180.000,1.000,1.000,"8570,397,-101,0,95,-180,-180,1,1"
2026-08-01 05:16:54.981647,30.882,299,8585.000,771.000,121.000,0.000,104.000,-180.000,-180.000,1.000,1.000,"8585,771,121,0,104,-180,-180,1,1"
2026-08-01 05:16:55.084982,30.986,300,8601.000,1000.000,385.000,0.000,115.000,-38.000,-90.000,1.000,1.000,"8601,1000,385,0,115,-38,-90,1,1"
2026-08-01 05:16:55.189685,31.090,301,8619.000,1229.000,630.000,0.000,117.000,150.000,0.000,1.000,1.000,"8619,1229,630,0,117,150,0,1,1"
2026-08-01 05:16:55.292982,31.194,302,8637.000,1253.000,763.000,0.000,94.000,180.000,90.000,1.000,1.000,"8637,1253,763,0,94,180,90,1,1"
2026-08-01 05:16:55.396832,31.298,303,8655.000,1253.000,819.000,0.000,65.000,180.000,180.000,1.000,1.000,"8655,1253,819,0,65,180,180,1,1"
2026-08-01 05:16:55.500965,31.402,304,8673.000,1193.000,811.000,0.000,34.000,180.000,180.000,1.000,1.000,"8673,1193,811,0,34,180,180,1,1"
2026-08-01 05:16:55.604600,31.505,305,8691.000,1120.000,774.000,0.000,11.000,180.000,180.000,1.000,1.000,"8691,1120,774,0,11,180,180,1,1"
2026-08-01 05:16:55.707928,31.609,306,8709.000,1036.000,712.000,0.000,-7.000,180.000,180.000,1.000,1.000,"8709,1036,712,0,-7,180,180,1,1"
2026-08-01 05:16:55.811601,31.712,307,8725.000,940.000,634.000,0.000,-21.000,180.000,180.000,1.000,1.000,"8725,940,634,0,-21,180,180,1,1"
2026-08-01 05:16:55.915679,31.816,308,8740.000,843.000,539.000,0.000,-33.000,180.000,180.000,1.000,1.000,"8740,843,539,0,-33,180,180,1,1"
2026-08-01 05:16:56.019370,31.920,309,8755.000,711.000,431.000,0.000,-42.000,180.000,180.000,1.000,1.000,"8755,711,431,0,-42,180,180,1,1"
2026-08-01 05:16:56.122903,32.024,310,8770.000,445.000,264.000,0.000,-62.000,180.000,180.000,1.000,1.000,"8770,445,264,0,-62,180,180,1,1"
2026-08-01 05:16:56.226667,32.127,311,8785.000,397.000,139.000,0.000,-63.000,180.000,180.000,1.000,1.000,"8785,397,139,0,-63,180,180,1,1"
2026-08-01 05:16:56.330109,32.231,312,8799.000,72.000,-68.000,0.000,-82.000,180.000,180.000,1.000,1.000,"8799,72,-68,0,-82,180,180,1,1"
2026-08-01 05:16:56.434090,32.335,313,8813.000,-97.000,-283.000,0.000,-93.000,54.000,90.000,1.000,1.000,"8813,-97,-283,0,-93,54,90,1,1"
2026-08-01 05:16:56.537645,32.438,314,8830.000,-314.000,-491.000,0.000,-99.000,-96.000,0.000,1.000,1.000,"8830,-314,-491,0,-99,-96,0,1,1"
2026-08-01 05:16:56.641777,32.543,315,8848.000,-495.000,-692.000,0.000,-99.000,-180.000,-90.000,1.000,1.000,"8848,-495,-692,0,-99,-180,-90,1,1"
2026-08-01 05:16:56.745033,32.646,316,8866.000,-663.000,-841.000,0.000,-91.000,-180.000,-180.000,1.000,1.000,"8866,-663,-841,0,-91,-180,-180,1,1"
2026-08-01 05:16:56.848609,32.749,317,8884.000,-676.000,-983.000,0.000,-80.000,-180.000,-180.000,1.000,1.000,"8884,-676,-983,0,-80,-180,-180,1,1"
2026-08-01 05:16:56.952800,32.854,318,8902.000,-808.000,-1092.000,0.000,-69.000,-180.000,-180.000,1.000,1.000,"8902,-808,-1092,0,-69,-180,-180,1,1"
2026-08-01 05:16:57.056240,32.957,319,8920.000,-917.000,-1200.000,0.000,-63.000,-180.000,-180.000,1.000,1.000,"8920,-917,-1200,0,-63,-180,-180,1,1"
2026-08-01 05:16:57.159957,33.061,320,8939.000,-1025.000,-1306.000,0.000,-59.000,-180.000,-180.000,1.000,1.000,"8939,-1025,-1306,0,-59,-180,-180,1,1"
2026-08-01 05:16:57.264888,33.166,321,8959.000,-1013.000,-1357.000,0.000,-44.000,-180.000,-180.000,1.000,1.000,"8959,-1013,-1357,0,-44,-180,-180,1,1"
2026-08-01 05:16:57.367486,33.268,322,8980.000,-1013.000,-1390.000,0.000,-31.000,-180.000,-180.000,1.000,1.000,"8980,-1013,-1390,0,-31,-180,-180,1,1"
2026-08-01 05:16:57.471046,33.372,323,8999.000,-953.000,-1377.000,0.000,-14.000,-180.000,-180.000,1.000,1.000,"8999,-953,-1377,0,-14,-180,-180,1,1"
2026-08-01 05:16:57.574681,33.475,324,9017.000,-929.000,-1350.000,0.000,-1.000,-180.000,-180.000,1.000,1.000,"9017,-929,-1350,0,-1,-180,-180,1,1"
2026-08-01 05:16:57.678346,33.579,325,9035.000,-844.000,-1300.000,0.000,10.000,-180.000,-180.000,1.000,1.000,"9035,-844,-1300,0,10,-180,-180,1,1"
2026-08-01 05:16:57.782164,33.683,326,9053.000,-748.000,-1221.000,0.000,23.000,-180.000,-180.000,1.000,1.000,"9053,-748,-1221,0,23,-180,-180,1,1"
2026-08-01 05:16:57.885981,33.787,327,9071.000,-627.000,-1121.000,0.000,35.000,-180.000,-180.000,1.000,1.000,"9071,-627,-1121,0,35,-180,-180,1,1"
2026-08-01 05:16:57.990845,33.892,328,9089.000,-471.000,-993.000,0.000,48.000,-180.000,-180.000,1.000,1.000,"9089,-471,-993,0,48,-180,-180,1,1"
2026-08-01 05:16:58.092999,33.994,329,9107.000,-290.000,-835.000,0.000,61.000,-180.000,-180.000,1.000,1.000,"9107,-290,-835,0,61,-180,-180,1,1"
2026-08-01 05:17:01.291505,37.192,330,469.000,940.000,5.000,0.000,1.000,0.000,0.000,1.000,1.000,"469,940,5,0,1,0,0,1,1"
2026-08-01 05:17:01.394396,37.295,331,484.000,940.000,12.000,0.000,2.000,3.000,3.000,1.000,1.000,"484,940,12,0,2,3,3,1,1"
2026-08-01 05:17:01.497278,37.398,332,499.000,940.000,15.000,0.000,1.000,6.000,6.000,1.000,1.000,"499,940,15,0,1,6,6,1,1"
2026-08-01 05:17:01.600501,37.501,333,514.000,940.000,16.000,0.000,1.000,9.000,9.000,1.000,1.000,"514,940,16,0,1,9,9,1,1"
2026-08-01 05:17:01.702321,37.603,334,529.000,928.000,9.000,0.000,0.000,9.000,9.000,1.000,1.000,"529,928,9,0,0,9,9,1,1"
2026-08-01 05:17:01.805680,37.706,335,544.000,940.000,13.000,0.000,0.000,9.000,9.000,1.000,1.000,"544,940,13,0,0,9,9,1,1"
2026-08-01 05:17:01.907750,37.809,336,559.000,928.000,8.000,0.000,0.000,9.000,9.000,1.000,1.000,"559,928,8,0,0,9,9,1,1"
2026-08-01 05:17:02.010589,37.911,337,574.000,903.000,-7.000,0.000,-3.000,5.000,5.000,1.000,1.000,"574,903,-7,0,-3,5,5,1,1"
2026-08-01 05:17:02.114067,38.015,338,589.000,879.000,-25.000,0.000,-6.000,-1.000,-1.000,1.000,1.000,"589,879,-25,0,-6,-1,-1,1,1"
2026-08-01 05:17:02.216746,38.118,339,604.000,867.000,-43.000,0.000,-7.000,-12.000,-12.000,1.000,1.000,"604,867,-43,0,-7,-12,-12,1,1"
2026-08-01 05:17:02.319816,38.221,340,614.000,807.000,-79.000,0.000,-12.000,-27.000,-27.000,1.000,1.000,"614,807,-79,0,-12,-27,-27,1,1"
2026-08-01 05:17:02.423218,38.324,341,629.000,747.000,-129.000,0.000,-17.000,-50.000,-50.000,1.000,1.000,"629,747,-129,0,-17,-50,-50,1,1"
2026-08-01 05:17:02.526986,38.428,342,644.000,699.000,-178.000,0.000,-20.000,-80.000,-80.000,1.000,1.000,"644,699,-178,0,-20,-80,-80,1,1"
2026-08-01 05:17:02.630276,38.531,343,659.000,674.000,-219.000,0.000,-20.000,-114.000,-114.000,1.000,1.000,"659,674,-219,0,-20,-114,-114,1,1"
2026-08-01 05:17:02.734009,38.635,344,674.000,578.000,-283.000,0.000,-25.000,-150.000,-150.000,1.000,1.000,"674,578,-283,0,-25,-150,-150,1,1"
2026-08-01 05:17:02.838069,38.739,345,689.000,530.000,-341.000,0.000,-26.000,-180.000,-180.000,1.000,1.000,"689,530,-341,0,-26,-180,-180,1,1"
2026-08-01 05:17:02.941360,38.842,346,704.000,482.000,-398.000,0.000,-27.000,-180.000,-180.000,1.000,1.000,"704,482,-398,0,-27,-180,-180,1,1"
2026-08-01 05:17:03.046000,38.947,347,719.000,409.000,-457.000,0.000,-28.000,-180.000,-180.000,1.000,1.000,"719,409,-457,0,-28,-180,-180,1,1"
2026-08-01 05:17:03.148921,39.050,348,734.000,385.000,-503.000,0.000,-25.000,-180.000,-180.000,1.000,1.000,"734,385,-503,0,-25,-180,-180,1,1"
2026-08-01 05:17:03.252610,39.153,349,749.000,373.000,-533.000,0.000,-20.000,-180.000,-180.000,1.000,1.000,"749,373,-533,0,-20,-180,-180,1,1"
2026-08-01 05:17:03.356588,39.257,350,764.000,349.000,-554.000,0.000,-16.000,-180.000,-180.000,1.000,1.000,"764,349,-554,0,-16,-180,-180,1,1"
2026-08-01 05:17:03.460224,39.361,351,779.000,349.000,-565.000,0.000,-11.000,-180.000,-180.000,1.000,1.000,"779,349,-565,0,-11,-180,-180,1,1"
2026-08-01 05:17:03.563446,39.464,352,794.000,349.000,-570.000,0.000,-7.000,-180.000,-180.000,1.000,1.000,"794,349,-570,0,-7,-180,-180,1,1"
2026-08-01 05:17:03.666601,39.567,353,809.000,361.000,-565.000,0.000,-3.000,-180.000,-180.000,1.000,1.000,"809,361,-565,0,-3,-180,-180,1,1"
2026-08-01 05:17:03.771555,39.672,354,824.000,373.000,-556.000,0.000,0.000,-180.000,-180.000,1.000,1.000,"824,373,-556,0,0,-180,-180,1,1"
2026-08-01 05:17:03.875208,39.776,355,839.000,385.000,-545.000,0.000,2.000,-180.000,-180.000,1.000,1.000,"839,385,-545,0,2,-180,-180,1,1"
2026-08-01 05:17:03.979214,39.880,356,854.000,445.000,-509.000,0.000,9.000,-180.000,-180.000,1.000,1.000,"854,445,-509,0,9,-180,-180,1,1"
2026-08-01 05:17:04.081912,39.983,357,869.000,482.000,-472.000,0.000,13.000,-180.000,-180.000,1.000,1.000,"869,482,-472,0,13,-180,-180,1,1"
2026-08-01 05:17:04.185955,40.087,358,884.000,506.000,-445.000,0.000,13.000,-180.000,-180.000,1.000,1.000,"884,506,-445,0,13,-180,-180,1,1"
2026-08-01 05:17:04.289313,40.190,359,899.000,554.000,-401.000,0.000,16.000,-180.000,-180.000,1.000,1.000,"899,554,-401,0,16,-180,-180,1,1"
2026-08-01 05:17:04.393122,40.294,360,914.000,602.000,-360.000,0.000,18.000,-180.000,-180.000,1.000,1.000,"914,602,-360,0,18,-180,-180,1,1"
2026-08-01 05:17:04.496452,40.397,361,929.000,674.000,-307.000,0.000,22.000,-180.000,-180.000,1.000,1.000,"929,674,-307,0,22,-180,-180,1,1"
2026-08-01 05:17:04.600941,40.502,362,944.000,699.000,-264.000,0.000,21.000,-180.000,-180.000,1.000,1.000,"944,699,-264,0,21,-180,-180,1,1"
2026-08-01 05:17:04.703968,40.605,363,959.000,735.000,-220.000,0.000,21.000,-180.000,-180.000,1.000,1.000,"959,735,-220,0,21,-180,-180,1,1"
2026-08-01 05:17:04.808353,40.709,364,974.000,795.000,-175.000,0.000,22.000,-180.000,-180.000,1.000,1.000,"974,795,-175,0,22,-180,-180,1,1"
2026-08-01 05:17:04.911576,40.812,365,989.000,855.000,-118.000,0.000,24.000,-169.000,-169.000,1.000,1.000,"989,855,-118,0,24,-169,-169,1,1"
2026-08-01 05:17:05.015336,40.916,366,1004.000,879.000,-78.000,0.000,22.000,-130.000,-130.000,1.000,1.000,"1004,879,-78,0,22,-130,-130,1,1"
2026-08-01 05:17:05.120201,41.021,367,1019.000,940.000,-28.000,0.000,23.000,-93.000,-93.000,1.000,1.000,"1019,940,-28,0,23,-93,-93,1,1"
2026-08-01 05:17:05.223285,41.124,368,1034.000,940.000,0.000,0.000,19.000,-58.000,-58.000,1.000,1.000,"1034,940,0,0,19,-58,-58,1,1"
2026-08-01 05:17:05.326062,41.227,369,1049.000,988.000,37.000,0.000,18.000,-26.000,-26.000,1.000,1.000,"1049,988,37,0,18,-26,-26,1,1"
2026-08-01 05:17:05.429124,41.330,370,1067.000,1024.000,68.000,0.000,17.000,2.000,2.000,1.000,1.000,"1067,1024,68,0,17,2,2,1,1"
2026-08-01 05:17:05.531376,41.432,371,1085.000,1036.000,91.000,0.000,14.000,28.000,28.000,1.000,1.000,"1085,1036,91,0,14,28,28,1,1"
2026-08-01 05:17:05.634148,41.535,372,1103.000,1036.000,103.000,0.000,10.000,50.000,50.000,1.000,1.000,"1103,1036,103,0,10,50,50,1,1"
2026-08-01 05:17:05.736908,41.638,373,1121.000,1024.000,102.000,0.000,5.000,64.000,64.000,1.000,1.000,"1121,1024,102,0,5,64,64,1,1"
2026-08-01 05:17:05.839482,41.740,374,1139.000,1012.000,97.000,0.000,2.000,71.000,71.000,1.000,1.000,"1139,1012,97,0,2,71,71,1,1"
2026-08-01 05:17:05.942171,41.843,375,1154.000,964.000,70.000,0.000,-4.000,70.000,70.000,1.000,1.000,"1154,964,70,0,-4,70,70,1,1"
2026-08-01 05:17:06.045266,41.946,376,1169.000,928.000,38.000,0.000,-9.000,60.000,60.000,1.000,1.000,"1169,928,38,0,-9,60,60,1,1"
2026-08-01 05:17:06.147630,42.048,377,1184.000,867.000,-5.000,0.000,-15.000,42.000,42.000,1.000,1.000,"1184,867,-5,0,-15,42,42,1,1"
2026-08-01 05:17:06.250712,42.152,378,1199.000,819.000,-51.000,0.000,-19.000,16.000,16.000,1.000,1.000,"1199,819,-51,0,-19,16,16,1,1"
2026-08-01 05:17:06.352436,42.253,379,1214.000,723.000,-120.000,0.000,-26.000,-17.000,-17.000,1.000,1.000,"1214,723,-120,0,-26,-17,-17,1,1"
2026-08-01 05:17:06.456633,42.357,380,1229.000,662.000,-193.000,0.000,-30.000,-62.000,-62.000,1.000,1.000,"1229,662,-193,0,-30,-62,-62,1,1"
2026-08-01 05:17:06.560723,42.462,381,1244.000,566.000,-279.000,0.000,-36.000,-115.000,-115.000,1.000,1.000,"1244,566,-279,0,-36,-115,-115,1,1"
2026-08-01 05:17:06.665246,42.566,382,1259.000,482.000,-361.000,0.000,-38.000,-174.000,-174.000,1.000,1.000,"1259,482,-361,0,-38,-174,-174,1,1"
2026-08-01 05:17:06.767976,42.669,383,1274.000,385.000,-449.000,0.000,-41.000,-180.000,-180.000,1.000,1.000,"1274,385,-449,0,-41,-180,-180,1,1"
2026-08-01 05:17:06.871799,42.773,384,1289.000,289.000,-539.000,0.000,-43.000,-180.000,-180.000,1.000,1.000,"1289,289,-539,0,-43,-180,-180,1,1"
2026-08-01 05:17:06.975549,42.876,385,1304.000,216.000,-619.000,0.000,-42.000,-180.000,-180.000,1.000,1.000,"1304,216,-619,0,-42,-180,-180,1,1"
2026-08-01 05:17:07.080055,42.981,386,1319.000,156.000,-696.000,0.000,-40.000,-180.000,-180.000,1.000,1.000,"1319,156,-696,0,-40,-180,-180,1,1"
2026-08-01 05:17:07.182880,43.084,387,1334.000,120.000,-758.000,0.000,-35.000,-180.000,-180.000,1.000,1.000,"1334,120,-758,0,-35,-180,-180,1,1"
2026-08-01 05:17:07.287282,43.188,388,1348.000,96.000,-795.000,0.000,-28.000,-180.000,-180.000,1.000,1.000,"1348,96,-795,0,-28,-180,-180,1,1"
2026-08-01 05:17:07.390254,43.291,389,1360.000,96.000,-813.000,0.000,-19.000,-180.000,-180.000,1.000,1.000,"1360,96,-813,0,-19,-180,-180,1,1"
2026-08-01 05:17:07.493985,43.395,390,1374.000,108.000,-817.000,0.000,-11.000,-180.000,-180.000,1.000,1.000,"1374,108,-817,0,-11,-180,-180,1,1"
2026-08-01 05:17:07.597756,43.499,391,1389.000,120.000,-808.000,0.000,-4.000,-180.000,-180.000,1.000,1.000,"1389,120,-808,0,-4,-180,-180,1,1"
2026-08-01 05:17:07.700520,43.601,392,1404.000,192.000,-772.000,0.000,5.000,-180.000,-180.000,1.000,1.000,"1404,192,-772,0,5,-180,-180,1,1"
2026-08-01 05:17:07.805105,43.706,393,1419.000,241.000,-725.000,0.000,13.000,-180.000,-180.000,1.000,1.000,"1419,241,-725,0,13,-180,-180,1,1"
2026-08-01 05:17:07.909099,43.810,394,1434.000,313.000,-664.000,0.000,20.000,-180.000,-180.000,1.000,1.000,"1434,313,-664,0,20,-180,-180,1,1"
2026-08-01 05:17:08.012608,43.913,395,1449.000,373.000,-614.000,0.000,22.000,-180.000,-180.000,1.000,1.000,"1449,373,-614,0,22,-180,-180,1,1"
2026-08-01 05:17:08.116401,44.017,396,1464.000,470.000,-524.000,0.000,26.000,-180.000,-180.000,0.000,1.000,"1464,470,-524,0,26,-180,-180,0,1"
2026-08-01 05:17:08.220059,44.121,397,1479.000,530.000,-465.000,0.000,27.000,-180.000,-180.000,1.000,1.000,"1479,530,-465,0,27,-180,-180,1,1"
2026-08-01 05:17:08.323710,44.225,398,1489.000,578.000,-398.000,0.000,29.000,-180.000,-180.000,1.000,1.000,"1489,578,-398,0,29,-180,-180,1,1"
2026-08-01 05:17:08.427528,44.328,399,1508.000,674.000,-320.000,0.000,33.000,-180.000,-180.000,1.000,1.000,"1508,674,-320,0,33,-180,-180,1,1"
2026-08-01 05:17:08.531280,44.432,400,1519.000,735.000,-252.000,0.000,34.000,-180.000,-180.000,1.000,1.000,"1519,735,-252,0,34,-180,-180,1,1"
2026-08-01 05:17:08.634934,44.536,401,1534.000,831.000,-167.000,0.000,37.000,-180.000,-180.000,1.000,1.000,"1534,831,-167,0,37,-180,-180,1,1"
2026-08-01 05:17:08.738721,44.640,402,1549.000,891.000,-94.000,0.000,36.000,-180.000,-180.000,1.000,1.000,"1549,891,-94,0,36,-180,-180,1,1"
2026-08-01 05:17:08.841462,44.742,403,1564.000,952.000,-23.000,0.000,35.000,-126.000,-126.000,1.000,1.000,"1564,952,-23,0,35,-126,-126,1,1"
2026-08-01 05:17:08.946409,44.847,404,1581.000,1048.000,54.000,0.000,37.000,-68.000,-68.000,1.000,1.000,"1581,1048,54,0,37,-68,-68,1,1"
2026-08-01 05:17:09.049814,44.951,405,1599.000,1108.000,124.000,0.000,36.000,-8.000,-8.000,1.000,1.000,"1599,1108,124,0,36,-8,-8,1,1"
2026-08-01 05:17:09.152615,45.053,406,1617.000,1157.000,182.000,0.000,32.000,47.000,47.000,1.000,1.000,"1617,1157,182,0,32,47,47,1,1"
2026-08-01 05:17:09.255402,45.156,407,1635.000,1181.000,228.000,0.000,28.000,98.000,98.000,1.000,1.000,"1635,1181,228,0,28,98,98,1,1"
2026-08-01 05:17:09.357901,45.259,408,1653.000,-326.000,-627.000,0.000,-165.000,-5.000,48.000,1.000,1.000,"1653,-326,-627,0,-165,-5,48,1,1"
2026-08-01 05:17:09.461839,45.363,409,1671.000,-326.000,-986.000,0.000,-169.000,-180.000,-42.000,1.000,1.000,"1671,-326,-986,0,-169,-180,-42,1,1"
2026-08-01 05:17:09.565677,45.466,410,1689.000,-338.000,-1144.000,0.000,-128.000,-180.000,-132.000,1.000,1.000,"1689,-338,-1144,0,-128,-180,-132,1,1"
2026-08-01 05:17:09.669505,45.570,411,1707.000,-338.000,-1209.000,0.000,-86.000,-180.000,-180.000,1.000,1.000,"1707,-338,-1209,0,-86,-180,-180,1,1"
2026-08-01 05:17:09.773004,45.674,412,1725.000,-326.000,-1234.000,0.000,-53.000,-180.000,-180.000,1.000,1.000,"1725,-326,-1234,0,-53,-180,-180,1,1"
2026-08-01 05:17:09.877242,45.778,413,1743.000,-338.000,-1249.000,0.000,-33.000,-180.000,-180.000,1.000,1.000,"1743,-338,-1249,0,-33,-180,-180,1,1"
2026-08-01 05:17:09.980101,45.881,414,1760.000,952.000,-804.000,0.000,92.000,-180.000,-180.000,1.000,1.000,"1760,952,-804,0,92,-180,-180,1,1"
2026-08-01 05:17:10.084072,45.985,415,1776.000,-338.000,-782.000,0.000,40.000,-180.000,-180.000,1.000,1.000,"1776,-338,-782,0,40,-180,-180,1,1"
2026-08-01 05:17:10.188582,46.089,416,1794.000,-338.000,-1059.000,0.000,-35.000,-180.000,-180.000,1.000,1.000,"1794,-338,-1059,0,-35,-180,-180,1,1"
2026-08-01 05:17:10.291219,46.192,417,1810.000,747.000,-795.000,0.000,49.000,-180.000,-180.000,1.000,1.000,"1810,747,-795,0,49,-180,-180,1,1"
2026-08-01 05:17:10.395076,46.296,418,1827.000,711.000,-697.000,0.000,62.000,-180.000,-180.000,1.000,1.000,"1827,711,-697,0,62,-180,-180,1,1"
2026-08-01 05:17:10.499551,46.400,419,1845.000,-338.000,-1022.000,0.000,-33.000,-180.000,-180.000,1.000,1.000,"1845,-338,-1022,0,-33,-180,-180,1,1"
2026-08-01 05:17:10.602724,46.504,420,1863.000,-338.000,-1160.000,0.000,-48.000,-180.000,-180.000,1.000,1.000,"1863,-338,-1160,0,-48,-180,-180,1,1"
2026-08-01 05:17:10.706158,46.607,421,1880.000,602.000,-889.000,0.000,42.000,-180.000,-180.000,1.000,1.000,"1880,602,-889,0,42,-180,-180,1,1"
2026-08-01 05:17:10.810267,46.711,422,1898.000,-338.000,-1104.000,0.000,-21.000,-180.000,-180.000,1.000,1.000,"1898,-338,-1104,0,-21,-180,-180,1,1"
2026-08-01 05:17:10.914422,46.815,423,1915.000,-338.000,-991.000,0.000,0.000,-180.000,-180.000,1.000,1.000,"1915,-338,-991,0,0,-180,-180,1,1"
2026-08-01 05:17:11.017696,46.919,424,1933.000,-338.000,-1147.000,0.000,-33.000,-180.000,-180.000,1.000,1.000,"1933,-338,-1147,0,-33,-180,-180,1,1"
2026-08-01 05:17:11.121529,47.022,425,1951.000,-326.000,-1208.000,0.000,-31.000,-180.000,-180.000,1.000,1.000,"1951,-326,-1208,0,-31,-180,-180,1,1"
2026-08-01 05:17:11.224953,47.126,426,1969.000,-338.000,-1238.000,0.000,-24.000,-180.000,-180.000,1.000,1.000,"1969,-338,-1238,0,-24,-180,-180,1,1"
2026-08-01 05:17:11.328643,47.229,427,1986.000,-338.000,-1046.000,0.000,15.000,-180.000,-180.000,1.000,1.000,"1986,-338,-1046,0,15,-180,-180,1,1"
2026-08-01 05:17:11.432230,47.333,428,2003.000,-338.000,-967.000,0.000,13.000,-180.000,-180.000,1.000,1.000,"2003,-338,-967,0,13,-180,-180,1,1"
2026-08-01 05:17:11.536314,47.437,429,2021.000,-338.000,-1139.000,0.000,-28.000,-180.000,-180.000,1.000,1.000,"2021,-338,-1139,0,-28,-180,-180,1,1"
2026-08-01 05:17:11.640100,47.541,430,2039.000,-338.000,-1209.000,0.000,-31.000,-180.000,-180.000,1.000,1.000,"2039,-338,-1209,0,-31,-180,-180,1,1"
2026-08-01 05:17:11.744846,47.646,431,2057.000,-338.000,-1239.000,0.000,-23.000,-180.000,-180.000,1.000,1.000,"2057,-338,-1239,0,-23,-180,-180,1,1"
2026-08-01 05:17:11.847314,47.748,432,2075.000,-338.000,-1251.000,0.000,-16.000,-180.000,-180.000,1.000,1.000,"2075,-338,-1251,0,-16,-180,-180,1,1"
2026-08-01 05:17:11.950758,47.852,433,2092.000,566.000,-940.000,0.000,68.000,-180.000,-180.000,1.000,1.000,"2092,566,-940,0,68,-180,-180,1,1"
2026-08-01 05:17:12.054754,47.956,434,2110.000,-338.000,-1125.000,0.000,0.000,-180.000,-180.000,1.000,1.000,"2110,-338,-1125,0,0,-180,-180,1,1"
2026-08-01 05:17:12.158283,48.059,435,2127.000,-338.000,-995.000,0.000,15.000,-180.000,-180.000,1.000,1.000,"2127,-338,-995,0,15,-180,-180,1,1"
2026-08-01 05:17:12.262786,48.164,436,2145.000,-338.000,-1148.000,0.000,-23.000,-180.000,-180.000,1.000,1.000,"2145,-338,-1148,0,-23,-180,-180,1,1"
2026-08-01 05:17:12.365921,48.267,437,2163.000,-338.000,-1213.000,0.000,-27.000,-180.000,-180.000,1.000,1.000,"2163,-338,-1213,0,-27,-180,-180,1,1"
2026-08-01 05:17:12.470205,48.371,438,2180.000,-338.000,-1240.000,0.000,-21.000,-180.000,-180.000,1.000,1.000,"2180,-338,-1240,0,-21,-180,-180,1,1"
2026-08-01 05:17:12.573493,48.474,439,2198.000,-338.000,-1252.000,0.000,-14.000,-180.000,-180.000,1.000,1.000,"2198,-338,-1252,0,-14,-180,-180,1,1"
2026-08-01 05:17:12.677575,48.578,440,2216.000,-338.000,-1257.000,0.000,-9.000,-180.000,-180.000,1.000,1.000,"2216,-338,-1257,0,-9,-180,-180,1,1"
2026-08-01 05:17:12.780981,48.682,441,2234.000,-338.000,-1259.000,0.000,-5.000,-180.000,-180.000,1.000,1.000,"2234,-338,-1259,0,-5,-180,-180,1,1"
2026-08-01 05:17:12.884380,48.785,442,2252.000,-338.000,-1260.000,0.000,-3.000,-180.000,-180.000,1.000,1.000,"2252,-338,-1260,0,-3,-180,-180,1,1"
2026-08-01 05:17:12.988136,48.889,443,2270.000,-338.000,-1260.000,0.000,-1.000,-180.000,-180.000,1.000,1.000,"2270,-338,-1260,0,-1,-180,-180,1,1"
2026-08-01 05:17:13.093069,48.994,444,2288.000,-362.000,-1269.000,0.000,-3.000,-180.000,-180.000,1.000,1.000,"2288,-362,-1269,0,-3,-180,-180,1,1"
2026-08-01 05:17:13.195658,49.096,445,2306.000,-338.000,-1267.000,0.000,-1.000,-180.000,-180.000,1.000,1.000,"2306,-338,-1267,0,-1,-180,-180,1,1"
2026-08-01 05:17:13.299321,49.200,446,2324.000,-338.000,-1263.000,0.000,0.000,-180.000,-180.000,1.000,1.000,"2324,-338,-1263,0,0,-180,-180,1,1"
2026-08-01 05:17:13.403837,49.305,447,2339.000,566.000,-740.000,0.000,111.000,-180.000,-180.000,1.000,1.000,"2339,566,-740,0,111,-180,-180,1,1"
2026-08-01 05:17:13.506939,49.408,448,2354.000,566.000,-518.000,0.000,109.000,-180.000,-180.000,1.000,1.000,"2354,566,-518,0,109,-180,-180,1,1"
2026-08-01 05:17:13.610375,49.511,449,2369.000,566.000,-425.000,0.000,81.000,-180.000,-180.000,1.000,1.000,"2369,566,-425,0,81,-180,-180,1,1"
2026-08-01 05:17:13.713892,49.615,450,2384.000,566.000,-388.000,0.000,53.000,-180.000,-180.000,1.000,1.000,"2384,566,-388,0,53,-180,-180,1,1"
2026-08-01 05:17:13.817660,49.718,451,2399.000,566.000,-370.000,0.000,34.000,-180.000,-180.000,1.000,1.000,"2399,566,-370,0,34,-180,-180,1,1"
2026-08-01 05:17:13.921557,49.822,452,2414.000,566.000,-362.000,0.000,20.000,-180.000,-180.000,1.000,1.000,"2414,566,-362,0,20,-180,-180,1,1"
2026-08-01 05:17:14.025175,49.926,453,2429.000,554.000,-366.000,0.000,10.000,-180.000,-180.000,1.000,1.000,"2429,554,-366,0,10,-180,-180,1,1"
2026-08-01 05:17:14.128716,50.030,454,2444.000,566.000,-363.000,0.000,6.000,-180.000,-180.000,1.000,1.000,"2444,566,-363,0,6,-180,-180,1,1"
2026-08-01 05:17:14.232517,50.133,455,2459.000,554.000,-366.000,0.000,3.000,-180.000,-180.000,1.000,1.000,"2459,554,-366,0,3,-180,-180,1,1"
2026-08-01 05:17:14.335445,50.236,456,2474.000,554.000,-365.000,0.000,1.000,-180.000,-180.000,1.000,1.000,"2474,554,-365,0,1,-180,-180,1,1"
2026-08-01 05:17:14.439642,50.340,457,2489.000,554.000,-367.000,0.000,0.000,-180.000,-180.000,1.000,1.000,"2489,554,-367,0,0,-180,-180,1,1"
2026-08-01 05:17:14.542875,50.444,458,2504.000,578.000,-357.000,0.000,2.000,-180.000,-180.000,1.000,1.000,"2504,578,-357,0,2,-180,-180,1,1"
2026-08-01 05:17:14.647303,50.548,459,2519.000,566.000,-357.000,0.000,1.000,-180.000,-180.000,1.000,1.000,"2519,566,-357,0,1,-180,-180,1,1"
2026-08-01 05:17:14.750949,50.652,460,2534.000,566.000,-354.000,0.000,1.000,-180.000,-180.000,1.000,1.000,"2534,566,-354,0,1,-180,-180,1,1"
2026-08-01 05:17:14.854000,50.755,461,2549.000,566.000,-355.000,0.000,0.000,-180.000,-180.000,1.000,1.000,"2549,566,-355,0,0,-180,-180,1,1"
2026-08-01 05:17:14.958109,50.859,462,2564.000,566.000,-356.000,0.000,0.000,-180.000,-180.000,1.000,1.000,"2564,566,-356,0,0,-180,-180,1,1"
2026-08-01 05:17:15.061866,50.963,463,2579.000,566.000,-359.000,0.000,0.000,-180.000,-180.000,1.000,1.000,"2579,566,-359,0,0,-180,-180,1,1"
2026-08-01 05:17:15.166177,51.067,464,2594.000,566.000,-358.000,0.000,0.000,-180.000,-180.000,1.000,1.000,"2594,566,-358,0,0,-180,-180,1,1"
2026-08-01 05:17:15.269835,51.171,465,2609.000,554.000,-364.000,0.000,-1.000,-180.000,-180.000,1.000,1.000,"2609,554,-364,0,-1,-180,-180,1,1"
2026-08-01 05:17:15.373143,51.274,466,2624.000,566.000,-360.000,0.000,0.000,-180.000,-180.000,1.000,1.000,"2624,566,-360,0,0,-180,-180,1,1"
2026-08-01 05:17:15.476462,51.377,467,2639.000,566.000,-361.000,0.000,0.000,-180.000,-180.000,1.000,1.000,"2639,566,-361,0,0,-180,-180,1,1"
2026-08-01 05:17:15.580904,51.482,468,2654.000,566.000,-358.000,0.000,0.000,-180.000,-180.000,1.000,1.000,"2654,566,-358,0,0,-180,-180,1,1"
2026-08-01 05:17:15.684497,51.585,469,2669.000,554.000,-361.000,0.000,0.000,-180.000,-180.000,1.000,1.000,"2669,554,-361,0,0,-180,-180,1,1"
2026-08-01 05:17:15.788096,51.689,470,2684.000,566.000,-359.000,0.000,0.000,-180.000,-180.000,1.000,1.000,"2684,566,-359,0,0,-180,-180,1,1"
2026-08-01 05:17:15.891427,51.792,471,2699.000,578.000,-353.000,0.000,1.000,-180.000,-180.000,1.000,1.000,"2699,578,-353,0,1,-180,-180,1,1"
2026-08-01 05:17:15.994904,51.896,472,2714.000,554.000,-359.000,0.000,0.000,-180.000,-180.000,1.000,1.000,"2714,554,-359,0,0,-180,-180,1,1"
2026-08-01 05:17:16.099593,52.000,473,2729.000,554.000,-362.000,0.000,-1.000,-180.000,-180.000,1.000,1.000,"2729,554,-362,0,-1,-180,-180,1,1"
2026-08-01 05:17:16.202442,52.103,474,2744.000,566.000,-359.000,0.000,0.000,-180.000,-180.000,1.000,1.000,"2744,566,-359,0,0,-180,-180,1,1"
2026-08-01 05:17:16.306519,52.207,475,2759.000,566.000,-357.000,0.000,0.000,-180.000,-180.000,1.000,1.000,"2759,566,-357,0,0,-180,-180,1,1"
2026-08-01 05:17:16.409816,52.311,476,2774.000,554.000,-361.000,0.000,0.000,-180.000,-180.000,1.000,1.000,"2774,554,-361,0,0,-180,-180,1,1"
2026-08-01 05:17:16.513902,52.415,477,2789.000,566.000,-354.000,0.000,1.000,-180.000,-180.000,1.000,1.000,"2789,566,-354,0,1,-180,-180,1,1"
2026-08-01 05:17:16.617862,52.519,478,2804.000,566.000,-357.000,0.000,0.000,-180.000,-180.000,1.000,1.000,"2804,566,-357,0,0,-180,-180,1,1"
2026-08-01 05:17:16.721110,52.622,479,2819.000,566.000,-359.000,0.000,0.000,-180.000,-180.000,1.000,1.000,"2819,566,-359,0,0,-180,-180,1,1"
2026-08-01 05:17:16.825008,52.726,480,2829.000,566.000,-358.000,0.000,0.000,-180.000,-180.000,1.000,1.000,"2829,566,-358,0,0,-180,-180,1,1"
2026-08-01 05:17:16.928361,52.829,481,2844.000,566.000,-357.000,0.000,0.000,-180.000,-180.000,1.000,1.000,"2844,566,-357,0,0,-180,-180,1,1"
2026-08-01 05:17:17.032386,52.933,482,2859.000,566.000,-357.000,0.000,0.000,-180.000,-180.000,1.000,1.000,"2859,566,-357,0,0,-180,-180,1,1"
2026-08-01 05:17:17.136253,53.037,483,2874.000,578.000,-352.000,0.000,1.000,-180.000,-180.000,1.000,1.000,"2874,578,-352,0,1,-180,-180,1,1"
2026-08-01 05:17:17.240000,53.141,484,2889.000,578.000,-351.000,0.000,1.000,-180.000,-180.000,1.000,1.000,"2889,578,-351,0,1,-180,-180,1,1"
2026-08-01 05:17:17.343318,53.244,485,2904.000,566.000,-357.000,0.000,0.000,-180.000,-180.000,1.000,1.000,"2904,566,-357,0,0,-180,-180,1,1"
2026-08-01 05:17:17.447282,53.348,486,2919.000,578.000,-350.000,0.000,1.000,-180.000,-180.000,1.000,1.000,"2919,578,-350,0,1,-180,-180,1,1"
2026-08-01 05:17:17.551443,53.452,487,2934.000,578.000,-347.000,0.000,1.000,-180.000,-180.000,1.000,1.000,"2934,578,-347,0,1,-180,-180,1,1"
2026-08-01 05:17:17.655127,53.556,488,2949.000,578.000,-348.000,0.000,0.000,-180.000,-180.000,1.000,1.000,"2949,578,-348,0,0,-180,-180,1,1"
2026-08-01 05:17:17.758163,53.659,489,2964.000,578.000,-346.000,0.000,0.000,-180.000,-180.000,1.000,1.000,"2964,578,-346,0,0,-180,-180,1,1"
2026-08-01 05:17:17.862085,53.763,490,2979.000,602.000,-331.000,0.000,3.000,-180.000,-180.000,1.000,1.000,"2979,602,-331,0,3,-180,-180,1,1"
2026-08-01 05:17:17.966074,53.867,491,2994.000,602.000,-325.000,0.000,3.000,-180.000,-180.000,1.000,1.000,"2994,602,-325,0,3,-180,-180,1,1"
2026-08-01 05:17:18.069522,53.970,492,3009.000,602.000,-322.000,0.000,2.000,-180.000,-180.000,1.000,1.000,"3009,602,-322,0,2,-180,-180,1,1"
2026-08-01 05:17:18.173641,54.074,493,3024.000,602.000,-321.000,0.000,1.000,-180.000,-180.000,1.000,1.000,"3024,602,-321,0,1,-180,-180,1,1"
2026-08-01 05:17:18.277532,54.178,494,3039.000,602.000,-321.000,0.000,1.000,-180.000,-180.000,1.000,1.000,"3039,602,-321,0,1,-180,-180,1,1"
2026-08-01 05:17:18.381134,54.282,495,3054.000,602.000,-321.000,0.000,0.000,-180.000,-180.000,1.000,1.000,"3054,602,-321,0,0,-180,-180,1,1"
2026-08-01 05:17:18.484486,54.385,496,3069.000,602.000,-321.000,0.000,0.000,-180.000,-180.000,1.000,1.000,"3069,602,-321,0,0,-180,-180,1,1"
2026-08-01 05:17:18.588370,54.489,497,3084.000,602.000,-321.000,0.000,0.000,-180.000,-180.000,1.000,1.000,"3084,602,-321,0,0,-180,-180,1,1"
2026-08-01 05:17:18.691849,54.593,498,3099.000,602.000,-321.000,0.000,0.000,-180.000,-180.000,1.000,1.000,"3099,602,-321,0,0,-180,-180,1,1"
2026-08-01 05:17:18.795899,54.697,499,3114.000,602.000,-321.000,0.000,0.000,-180.000,-180.000,1.000,1.000,"3114,602,-321,0,0,-180,-180,1,1"
2026-08-01 05:17:18.899380,54.800,500,3129.000,602.000,-321.000,0.000,0.000,-180.000,-180.000,1.000,1.000,"3129,602,-321,0,0,-180,-180,1,1"
2026-08-01 05:17:19.002809,54.904,501,3144.000,602.000,-321.000,0.000,0.000,-180.000,-180.000,1.000,1.000,"3144,602,-321,0,0,-180,-180,1,1"
2026-08-01 05:17:19.108087,55.009,502,3159.000,602.000,-321.000,0.000,0.000,-180.000,-180.000,1.000,1.000,"3159,602,-321,0,0,-180,-180,1,1"
2026-08-01 05:17:22.624640,58.525,503,465.000,602.000,0.000,0.000,0.000,0.000,0.000,1.000,1.000,"465,602,0,0,0,0,0,1,1"
2026-08-01 05:17:22.727420,58.628,504,480.000,602.000,0.000,0.000,0.000,0.000,0.000,1.000,1.000,"480,602,0,0,0,0,0,1,1"
2026-08-01 05:17:22.830121,58.731,505,495.000,602.000,0.000,0.000,0.000,0.000,0.000,1.000,1.000,"495,602,0,0,0,0,0,1,1"
2026-08-01 05:17:22.933263,58.834,506,505.000,602.000,0.000,0.000,0.000,0.000,0.000,1.000,1.000,"505,602,0,0,0,0,0,1,1"
2026-08-01 05:17:23.035853,58.937,507,520.000,602.000,0.000,0.000,0.000,0.000,0.000,1.000,1.000,"520,602,0,0,0,0,0,1,1"
2026-08-01 05:17:23.138470,59.039,508,535.000,602.000,0.000,0.000,0.000,0.000,0.000,1.000,1.000,"535,602,0,0,0,0,0,1,1"
2026-08-01 05:17:23.241614,59.142,509,550.000,566.000,-22.000,0.000,-4.000,-3.000,-3.000,1.000,1.000,"550,566,-22,0,-4,-3,-3,1,1"
2026-08-01 05:17:23.344826,59.246,510,565.000,554.000,-38.000,0.000,-6.000,-11.000,-11.000,1.000,1.000,"565,554,-38,0,-6,-11,-11,1,1"
2026-08-01 05:17:23.447776,59.349,511,580.000,530.000,-59.000,0.000,-8.000,-22.000,-22.000,1.000,1.000,"580,530,-59,0,-8,-22,-22,1,1"
2026-08-01 05:17:23.550123,59.451,512,595.000,506.000,-78.000,0.000,-9.000,-35.000,-35.000,1.000,1.000,"595,506,-78,0,-9,-35,-35,1,1"
2026-08-01 05:17:23.653853,59.555,513,610.000,506.000,-95.000,0.000,-8.000,-51.000,-51.000,1.000,1.000,"610,506,-95,0,-8,-51,-51,1,1"
2026-08-01 05:17:23.756032,59.657,514,625.000,482.000,-110.000,0.000,-8.000,-64.000,-64.000,1.000,1.000,"625,482,-110,0,-8,-64,-64,1,1"
2026-08-01 05:17:23.859452,59.760,515,640.000,445.000,-138.000,0.000,-10.000,-78.000,-78.000,1.000,1.000,"640,445,-138,0,-10,-78,-78,1,1"
2026-08-01 05:17:23.963223,59.864,516,655.000,409.000,-171.000,0.000,-13.000,-97.000,-97.000,1.000,1.000,"655,409,-171,0,-13,-97,-97,1,1"
2026-08-01 05:17:24.066840,59.968,517,670.000,385.000,-201.000,0.000,-13.000,-119.000,-119.000,1.000,1.000,"670,385,-201,0,-13,-119,-119,1,1"
2026-08-01 05:17:24.170723,60.072,518,685.000,361.000,-228.000,0.000,-13.000,-142.000,-142.000,1.000,1.000,"685,361,-228,0,-13,-142,-142,1,1"
2026-08-01 05:17:24.273507,60.174,519,700.000,373.000,-232.000,0.000,-8.000,-160.000,-160.000,1.000,1.000,"700,373,-232,0,-8,-160,-160,1,1"
2026-08-01 05:17:24.377483,60.278,520,715.000,361.000,-241.000,0.000,-6.000,-173.000,-173.000,1.000,1.000,"715,361,-241,0,-6,-173,-173,1,1"
2026-08-01 05:17:24.480971,60.382,521,730.000,385.000,-231.000,0.000,-1.000,-180.000,-180.000,1.000,1.000,"730,385,-231,0,-1,-180,-180,1,1"
2026-08-01 05:17:24.586329,60.487,522,745.000,409.000,-213.000,0.000,2.000,-179.000,-179.000,1.000,1.000,"745,409,-213,0,2,-179,-179,1,1"
2026-08-01 05:17:24.689258,60.590,523,760.000,458.000,-183.000,0.000,8.000,-171.000,-171.000,1.000,1.000,"760,458,-183,0,8,-171,-171,1,1"
2026-08-01 05:17:24.791862,60.693,524,775.000,482.000,-150.000,0.000,11.000,-155.000,-155.000,1.000,1.000,"775,482,-150,0,11,-155,-155,1,1"
2026-08-01 05:17:24.895802,60.797,525,790.000,506.000,-123.000,0.000,12.000,-135.000,-135.000,1.000,1.000,"790,506,-123,0,12,-135,-135,1,1"
2026-08-01 05:17:25.000505,60.901,526,805.000,542.000,-93.000,0.000,13.000,-114.000,-114.000,1.000,1.000,"805,542,-93,0,13,-114,-114,1,1"
2026-08-01 05:17:25.104176,61.005,527,820.000,578.000,-62.000,0.000,14.000,-93.000,-93.000,1.000,1.000,"820,578,-62,0,14,-93,-93,1,1"
2026-08-01 05:17:25.206935,61.108,528,835.000,626.000,-27.000,0.000,16.000,-70.000,-70.000,1.000,1.000,"835,626,-27,0,16,-70,-70,1,1"
2026-08-01 05:17:25.309206,61.210,529,850.000,650.000,6.000,0.000,16.000,-44.000,-44.000,1.000,1.000,"850,650,6,0,16,-44,-44,1,1"
2026-08-01 05:17:25.412430,61.313,530,865.000,662.000,36.000,0.000,15.000,-17.000,-17.000,1.000,1.000,"865,662,36,0,15,-17,-17,1,1"
2026-08-01 05:17:25.514755,61.416,531,880.000,699.000,61.000,0.000,14.000,5.000,5.000,1.000,1.000,"880,699,61,0,14,5,5,1,1"
2026-08-01 05:17:25.617696,61.519,532,895.000,723.000,86.000,0.000,13.000,27.000,27.000,1.000,1.000,"895,723,86,0,13,27,27,1,1"
2026-08-01 05:17:25.720436,61.621,533,910.000,723.000,96.000,0.000,10.000,46.000,46.000,1.000,1.000,"910,723,96,0,10,46,46,1,1"
2026-08-01 05:17:25.823242,61.724,534,925.000,711.000,102.000,0.000,6.000,61.000,61.000,1.000,1.000,"925,711,102,0,6,61,61,1,1"
2026-08-01 05:17:25.925338,61.826,535,940.000,699.000,95.000,0.000,2.000,69.000,69.000,1.000,1.000,"940,699,95,0,2,69,69,1,1"
2026-08-01 05:17:26.028609,61.929,536,955.000,674.000,83.000,0.000,-1.000,71.000,71.000,1.000,1.000,"955,674,83,0,-1,71,71,1,1"
2026-08-01 05:17:26.131068,62.032,537,970.000,674.000,75.000,0.000,-2.000,68.000,68.000,1.000,1.000,"970,674,75,0,-2,68,68,1,1"
2026-08-01 05:17:26.233785,62.135,538,985.000,638.000,56.000,0.000,-5.000,63.000,63.000,1.000,1.000,"985,638,56,0,-5,63,63,1,1"
2026-08-01 05:17:26.336697,62.238,539,1000.000,578.000,11.000,0.000,-13.000,49.000,49.000,1.000,1.000,"1000,578,11,0,-13,49,49,1,1"
2026-08-01 05:17:26.439818,62.341,540,1015.000,530.000,-19.000,0.000,-14.000,26.000,26.000,1.000,1.000,"1015,530,-19,0,-14,26,26,1,1"
2026-08-01 05:17:26.542009,62.443,541,1025.000,482.000,-70.000,0.000,-19.000,1.000,1.000,1.000,1.000,"1025,482,-70,0,-19,1,1,1,1"
2026-08-01 05:17:26.644968,62.546,542,1040.000,445.000,-121.000,0.000,-21.000,-31.000,-31.000,1.000,1.000,"1040,445,-121,0,-21,-31,-31,1,1"
2026-08-01 05:17:26.747647,62.648,543,1055.000,373.000,-184.000,0.000,-25.000,-70.000,-70.000,1.000,1.000,"1055,373,-184,0,-25,-70,-70,1,1"
2026-08-01 05:17:26.852302,62.753,544,1070.000,289.000,-257.000,0.000,-30.000,-115.000,-115.000,1.000,1.000,"1070,289,-257,0,-30,-115,-115,1,1"
2026-08-01 05:17:26.956084,62.857,545,1085.000,228.000,-325.000,0.000,-31.000,-165.000,-165.000,1.000,1.000,"1085,228,-325,0,-31,-165,-165,1,1"
2026-08-01 05:17:27.059898,62.961,546,1100.000,180.000,-382.000,0.000,-30.000,-180.000,-180.000,1.000,1.000,"1100,180,-382,0,-30,-180,-180,1,1"
2026-08-01 05:17:27.163824,63.065,547,1115.000,120.000,-444.000,0.000,-29.000,-180.000,-180.000,1.000,1.000,"1115,120,-444,0,-29,-180,-180,1,1"
2026-08-01 05:17:27.267816,63.169,548,1129.000,96.000,-478.000,0.000,-24.000,-180.000,-180.000,1.000,1.000,"1129,96,-478,0,-24,-180,-180,1,1"
2026-08-01 05:17:27.371134,63.272,549,1141.000,96.000,-498.000,0.000,-17.000,-180.000,-180.000,1.000,1.000,"1141,96,-498,0,-17,-180,-180,1,1"
2026-08-01 05:17:27.474656,63.375,550,1153.000,96.000,-506.000,0.000,-11.000,-180.000,-180.000,1.000,1.000,"1153,96,-506,0,-11,-180,-180,1,1"
2026-08-01 05:17:27.578234,63.479,551,1167.000,120.000,-496.000,0.000,-4.000,-180.000,-180.000,1.000,1.000,"1167,120,-496,0,-4,-180,-180,1,1"
2026-08-01 05:17:27.681222,63.582,552,1182.000,156.000,-476.000,0.000,1.000,-180.000,-180.000,1.000,1.000,"1182,156,-476,0,1,-180,-180,1,1"
2026-08-01 05:17:27.785788,63.687,553,1197.000,216.000,-431.000,0.000,10.000,-180.000,-180.000,1.000,1.000,"1197,216,-431,0,10,-180,-180,1,1"
2026-08-01 05:17:27.889507,63.790,554,1212.000,265.000,-389.000,0.000,15.000,-180.000,-180.000,1.000,1.000,"1212,265,-389,0,15,-180,-180,1,1"
2026-08-01 05:17:27.993303,63.894,555,1227.000,337.000,-326.000,0.000,22.000,-180.000,-180.000,1.000,1.000,"1227,337,-326,0,22,-180,-180,1,1"
2026-08-01 05:17:28.096846,63.998,556,1242.000,385.000,-270.000,0.000,24.000,-180.000,-180.000,1.000,1.000,"1242,385,-270,0,24,-180,-180,1,1"
2026-08-01 05:17:28.200574,64.101,557,1257.000,482.000,-192.000,0.000,30.000,-180.000,-180.000,1.000,1.000,"1257,482,-192,0,30,-180,-180,1,1"
2026-08-01 05:17:28.304413,64.205,558,1272.000,554.000,-118.000,0.000,33.000,-180.000,-180.000,1.000,1.000,"1272,554,-118,0,33,-180,-180,1,1"
2026-08-01 05:17:28.407641,64.308,559,1287.000,638.000,-41.000,0.000,35.000,-139.000,-139.000,1.000,1.000,"1287,638,-41,0,35,-139,-139,1,1"
2026-08-01 05:17:28.512484,64.413,560,1302.000,723.000,37.000,0.000,37.000,-82.000,-82.000,1.000,1.000,"1302,723,37,0,37,-82,-82,1,1"
2026-08-01 05:17:28.615165,64.516,561,1317.000,807.000,119.000,0.000,39.000,-21.000,-21.000,1.000,1.000,"1317,807,119,0,39,-21,-21,1,1"
2026-08-01 05:17:28.719031,64.620,562,1332.000,891.000,207.000,0.000,41.000,42.000,42.000,1.000,1.000,"1332,891,207,0,41,42,42,1,1"
2026-08-01 05:17:28.821248,64.722,563,1347.000,928.000,269.000,0.000,36.000,106.000,106.000,1.000,1.000,"1347,928,269,0,36,106,106,1,1"
2026-08-01 05:17:28.925013,64.826,564,1362.000,988.000,327.000,0.000,33.000,162.000,162.000,1.000,1.000,"1362,988,327,0,33,162,162,1,1"
2026-08-01 05:17:29.029257,64.930,565,1380.000,1036.000,382.000,0.000,30.000,180.000,180.000,1.000,1.000,"1380,1036,382,0,30,180,180,1,1"
2026-08-01 05:17:29.132959,65.034,566,1398.000,1048.000,412.000,0.000,23.000,180.000,180.000,1.000,1.000,"1398,1048,412,0,23,180,180,1,1"
2026-08-01 05:17:29.237073,65.138,567,1416.000,1048.000,427.000,0.000,16.000,180.000,180.000,1.000,1.000,"1416,1048,427,0,16,180,180,1,1"
2026-08-01 05:17:29.340006,65.241,568,1434.000,1024.000,423.000,0.000,8.000,180.000,180.000,1.000,1.000,"1434,1024,423,0,8,180,180,1,1"
2026-08-01 05:17:29.444120,65.345,569,1450.000,964.000,389.000,0.000,-2.000,180.000,180.000,1.000,1.000,"1450,964,389,0,-2,180,180,1,1"
2026-08-01 05:17:29.548383,65.449,570,1465.000,916.000,347.000,0.000,-10.000,180.000,180.000,1.000,1.000,"1465,916,347,0,-10,180,180,1,1"
2026-08-01 05:17:29.651086,65.552,571,1480.000,819.000,273.000,0.000,-22.000,180.000,180.000,1.000,1.000,"1480,819,273,0,-22,180,180,1,1"
2026-08-01 05:17:29.755817,65.657,572,1495.000,699.000,178.000,0.000,-33.000,180.000,180.000,1.000,1.000,"1495,699,178,0,-33,180,180,1,1"
2026-08-01 05:17:29.858418,65.759,573,1510.000,578.000,68.000,0.000,-42.000,180.000,180.000,1.000,1.000,"1510,578,68,0,-42,180,180,1,1"
2026-08-01 05:17:29.963558,65.864,574,1526.000,445.000,-57.000,0.000,-51.000,107.000,107.000,1.000,1.000,"1526,445,-57,0,-51,107,107,1,1"
2026-08-01 05:17:30.066247,65.967,575,1542.000,289.000,-351.000,0.000,-82.000,-32.000,17.000,1.000,1.000,"1542,289,-351,0,-82,-32,17,1,1"
2026-08-01 05:17:30.169665,66.070,576,1557.000,48.000,-560.000,0.000,-85.000,-180.000,-73.000,1.000,1.000,"1557,48,-560,0,-85,-180,-73,1,1"
2026-08-01 05:17:30.273246,66.174,577,1570.000,-49.000,-602.000,0.000,-58.000,-180.000,-163.000,1.000,1.000,"1570,-49,-602,0,-58,-180,-163,1,1"
2026-08-01 05:17:30.377044,66.278,578,1587.000,-218.000,-704.000,0.000,-55.000,-180.000,-180.000,1.000,1.000,"1587,-218,-704,0,-55,-180,-180,1,1"
2026-08-01 05:17:30.480862,66.382,579,1605.000,-350.000,-829.000,0.000,-59.000,-180.000,-180.000,1.000,1.000,"1605,-350,-829,0,-59,-180,-180,1,1"
2026-08-01 05:17:30.584464,66.485,580,1623.000,-483.000,-975.000,0.000,-64.000,-180.000,-180.000,1.000,1.000,"1623,-483,-975,0,-64,-180,-180,1,1"
2026-08-01 05:17:30.688362,66.589,581,1641.000,-555.000,-1073.000,0.000,-57.000,-180.000,-180.000,1.000,1.000,"1641,-555,-1073,0,-57,-180,-180,1,1"
2026-08-01 05:17:30.791922,66.693,582,1659.000,-627.000,-1161.000,0.000,-51.000,-180.000,-180.000,1.000,1.000,"1659,-627,-1161,0,-51,-180,-180,1,1"
2026-08-01 05:17:30.895678,66.796,583,1677.000,-651.000,-1218.000,0.000,-41.000,-180.000,-180.000,1.000,1.000,"1677,-651,-1218,0,-41,-180,-180,1,1"
2026-08-01 05:17:30.999534,66.900,584,1695.000,-676.000,-1253.000,0.000,-30.000,-180.000,-180.000,1.000,1.000,"1695,-676,-1253,0,-30,-180,-180,1,1"
2026-08-01 05:17:31.103282,67.004,585,1713.000,-639.000,-1255.000,0.000,-17.000,-180.000,-180.000,1.000,1.000,"1713,-639,-1255,0,-17,-180,-180,1,1"
2026-08-01 05:17:31.206798,67.108,586,1731.000,-615.000,-1240.000,0.000,-6.000,-180.000,-180.000,1.000,1.000,"1731,-615,-1240,0,-6,-180,-180,1,1"
2026-08-01 05:17:31.310459,67.211,587,1749.000,-543.000,-1197.000,0.000,6.000,-180.000,-180.000,1.000,1.000,"1749,-543,-1197,0,6,-180,-180,1,1"
2026-08-01 05:17:31.414363,67.315,588,1767.000,-459.000,-1133.000,0.000,17.000,-180.000,-180.000,1.000,1.000,"1767,-459,-1133,0,17,-180,-180,1,1"
2026-08-01 05:17:31.517874,67.419,589,1785.000,-350.000,-1049.000,0.000,28.000,-180.000,-180.000,1.000,1.000,"1785,-350,-1049,0,28,-180,-180,1,1"
2026-08-01 05:17:31.621705,67.523,590,1803.000,-218.000,-937.000,0.000,40.000,-180.000,-180.000,1.000,1.000,"1803,-218,-937,0,40,-180,-180,1,1"
2026-08-01 05:17:31.725227,67.626,591,1820.000,-97.000,-822.000,0.000,48.000,-180.000,-180.000,1.000,1.000,"1820,-97,-822,0,48,-180,-180,1,1"
2026-08-01 05:17:31.828778,67.730,592,1833.000,72.000,-679.000,0.000,58.000,-180.000,-180.000,1.000,1.000,"1833,72,-679,0,58,-180,-180,1,1"
2026-08-01 05:17:31.932876,67.834,593,1849.000,-338.000,-732.000,0.000,15.000,-180.000,-180.000,1.000,1.000,"1849,-338,-732,0,15,-180,-180,1,1"
2026-08-01 05:17:32.036463,67.937,594,1864.000,409.000,-452.000,0.000,70.000,-180.000,-180.000,1.000,1.000,"1864,409,-452,0,70,-180,-180,1,1"
2026-08-01 05:17:32.140066,68.041,595,1880.000,578.000,-414.000,0.000,59.000,-180.000,-180.000,1.000,1.000,"1880,578,-414,0,59,-180,-180,1,1"
2026-08-01 05:17:32.243834,68.145,596,1895.000,759.000,-113.000,0.000,98.000,-180.000,-180.000,1.000,1.000,"1895,759,-113,0,98,-180,-180,1,1"
2026-08-01 05:17:32.348749,68.250,597,1910.000,928.000,111.000,0.000,104.000,-180.000,-180.000,1.000,1.000,"1910,928,111,0,104,-180,-180,1,1"
2026-08-01 05:17:32.451932,68.353,598,1927.000,1084.000,294.000,0.000,99.000,-62.000,-97.000,1.000,1.000,"1927,1084,294,0,99,-62,-97,1,1"
2026-08-01 05:17:32.555011,68.456,599,1945.000,-338.000,-422.000,0.000,-96.000,-49.000,-49.000,1.000,1.000,"1945,-338,-422,0,-96,-49,-49,1,1"
2026-08-01 05:17:32.658904,68.560,600,1963.000,-326.000,-721.000,0.000,-117.000,-180.000,-139.000,1.000,1.000,"1963,-326,-721,0,-117,-180,-139,1,1"
2026-08-01 05:17:32.762716,68.664,601,1981.000,-326.000,-847.000,0.000,-92.000,-180.000,-180.000,1.000,1.000,"1981,-326,-847,0,-92,-180,-180,1,1"
2026-08-01 05:17:32.866269,68.767,602,1999.000,-338.000,-556.000,0.000,-10.000,-180.000,-180.000,1.000,1.000,"1999,-338,-556,0,-10,-180,-180,1,1"
2026-08-01 05:17:32.970146,68.871,603,2017.000,-338.000,-431.000,0.000,0.000,-180.000,-180.000,1.000,1.000,"2017,-338,-431,0,0,-180,-180,1,1"
2026-08-01 05:17:33.073782,68.975,604,2035.000,-338.000,-729.000,0.000,-63.000,-180.000,-180.000,1.000,1.000,"2035,-338,-729,0,-63,-180,-180,1,1"
2026-08-01 05:17:33.178686,69.079,605,2053.000,-338.000,-525.000,0.000,-11.000,-180.000,-180.000,1.000,1.000,"2053,-338,-525,0,-11,-180,-180,1,1"
2026-08-01 05:17:33.281297,69.182,606,2071.000,-338.000,-769.000,0.000,-58.000,-180.000,-180.000,1.000,1.000,"2071,-338,-769,0,-58,-180,-180,1,1"
2026-08-01 05:17:33.384878,69.286,607,2089.000,-338.000,-871.000,0.000,-54.000,-180.000,-180.000,1.000,1.000,"2089,-338,-871,0,-54,-180,-180,1,1"
2026-08-01 05:17:33.490473,69.391,608,2107.000,-338.000,-915.000,0.000,-39.000,-180.000,-180.000,1.000,1.000,"2107,-338,-915,0,-39,-180,-180,1,1"
2026-08-01 05:17:33.592446,69.493,609,2125.000,-338.000,-933.000,0.000,-26.000,-180.000,-180.000,1.000,1.000,"2125,-338,-933,0,-26,-180,-180,1,1"
2026-08-01 05:17:33.696699,69.598,610,2143.000,-338.000,-941.000,0.000,-16.000,-180.000,-180.000,1.000,1.000,"2143,-338,-941,0,-16,-180,-180,1,1"
2026-08-01 05:17:33.799746,69.701,611,2160.000,843.000,-528.000,0.000,93.000,-180.000,-180.000,1.000,1.000,"2160,843,-528,0,93,-180,-180,1,1"
2026-08-01 05:17:33.903297,69.804,612,2178.000,-338.000,-770.000,0.000,1.000,-180.000,-180.000,1.000,1.000,"2178,-338,-770,0,1,-180,-180,1,1"
2026-08-01 05:17:34.007119,69.908,613,2196.000,-338.000,-872.000,0.000,-20.000,-180.000,-180.000,1.000,1.000,"2196,-338,-872,0,-20,-180,-180,1,1"
2026-08-01 05:17:34.110922,70.012,614,2214.000,-338.000,-915.000,0.000,-20.000,-180.000,-180.000,1.000,1.000,"2214,-338,-915,0,-20,-180,-180,1,1"
2026-08-01 05:17:34.214629,70.115,615,2231.000,-338.000,-681.000,0.000,23.000,-180.000,-180.000,1.000,1.000,"2231,-338,-681,0,23,-180,-180,1,1"
2026-08-01 05:17:34.318194,70.219,616,2248.000,-338.000,-455.000,0.000,75.000,-180.000,-180.000,1.000,1.000,"2248,-338,-455,0,75,-180,-180,1,1"
2026-08-01 05:17:34.422171,70.323,617,2266.000,-338.000,-739.000,0.000,-17.000,-180.000,-180.000,1.000,1.000,"2266,-338,-739,0,-17,-180,-180,1,1"
2026-08-01 05:17:34.525707,70.427,618,2284.000,-338.000,-859.000,0.000,-35.000,-180.000,-180.000,1.000,1.000,"2284,-338,-859,0,-35,-180,-180,1,1"
2026-08-01 05:17:34.629457,70.530,619,2301.000,-326.000,-905.000,0.000,-29.000,-180.000,-180.000,1.000,1.000,"2301,-326,-905,0,-29,-180,-180,1,1"
2026-08-01 05:17:34.734053,70.635,620,2314.000,-326.000,-922.000,0.000,-20.000,-180.000,-180.000,1.000,1.000,"2314,-326,-922,0,-20,-180,-180,1,1"
2026-08-01 05:17:34.837441,70.738,621,2332.000,-338.000,-936.000,0.000,-14.000,-180.000,-180.000,1.000,1.000,"2332,-338,-936,0,-14,-180,-180,1,1"
2026-08-01 05:17:34.940766,70.842,622,2350.000,-338.000,-942.000,0.000,-9.000,-180.000,-180.000,1.000,1.000,"2350,-338,-942,0,-9,-180,-180,1,1"
2026-08-01 05:17:35.044410,70.945,623,2368.000,-338.000,-945.000,0.000,-5.000,-180.000,-180.000,1.000,1.000,"2368,-338,-945,0,-5,-180,-180,1,1"
2026-08-01 05:17:35.147936,71.049,624,2386.000,-338.000,-946.000,0.000,-3.000,-180.000,-180.000,1.000,1.000,"2386,-338,-946,0,-3,-180,-180,1,1"
2026-08-01 05:17:35.252704,71.154,625,2404.000,-338.000,-946.000,0.000,-2.000,-180.000,-180.000,1.000,1.000,"2404,-338,-946,0,-2,-180,-180,1,1"
2026-08-01 05:17:35.355250,71.256,626,2421.000,747.000,-567.000,0.000,93.000,-180.000,-180.000,1.000,1.000,"2421,747,-567,0,93,-180,-180,1,1"
2026-08-01 05:17:35.458972,71.360,627,2439.000,-338.000,-786.000,0.000,6.000,-180.000,-180.000,1.000,1.000,"2439,-338,-786,0,6,-180,-180,1,1"
2026-08-01 05:17:35.562893,71.464,628,2456.000,747.000,-499.000,0.000,78.000,-180.000,-180.000,1.000,1.000,"2456,747,-499,0,78,-180,-180,1,1"
2026-08-01 05:17:35.666634,71.567,629,2474.000,-326.000,-753.000,0.000,-9.000,-180.000,-180.000,1.000,1.000,"2474,-326,-753,0,-9,-180,-180,1,1"
2026-08-01 05:17:35.771262,71.672,630,2492.000,-338.000,-865.000,0.000,-29.000,-180.000,-180.000,1.000,1.000,"2492,-338,-865,0,-29,-180,-180,1,1"
2026-08-01 05:17:35.874098,71.775,631,2510.000,-338.000,-912.000,0.000,-26.000,-180.000,-180.000,1.000,1.000,"2510,-338,-912,0,-26,-180,-180,1,1"
2026-08-01 05:17:35.977843,71.879,632,2526.000,-338.000,-685.000,0.000,18.000,-180.000,-180.000,1.000,1.000,"2526,-338,-685,0,18,-180,-180,1,1"
2026-08-01 05:17:36.081696,71.983,633,2543.000,747.000,-456.000,0.000,73.000,-180.000,-180.000,1.000,1.000,"2543,747,-456,0,73,-180,-180,1,1"
2026-08-01 05:17:36.185355,72.086,634,2560.000,-338.000,-739.000,0.000,-18.000,-180.000,-180.000,1.000,1.000,"2560,-338,-739,0,-18,-180,-180,1,1"
2026-08-01 05:17:36.288969,72.190,635,2578.000,-338.000,-859.000,0.000,-35.000,-180.000,-180.000,1.000,1.000,"2578,-338,-859,0,-35,-180,-180,1,1"
2026-08-01 05:17:36.392694,72.294,636,2596.000,-338.000,-910.000,0.000,-30.000,-180.000,-180.000,1.000,1.000,"2596,-338,-910,0,-30,-180,-180,1,1"
2026-08-01 05:17:36.496740,72.398,637,2613.000,-350.000,-688.000,0.000,15.000,-180.000,-180.000,1.000,1.000,"2613,-350,-688,0,15,-180,-180,1,1"
2026-08-01 05:17:36.600010,72.501,638,2630.000,-338.000,-591.000,0.000,14.000,-180.000,-180.000,1.000,1.000,"2630,-338,-591,0,14,-180,-180,1,1"
2026-08-01 05:17:36.703862,72.605,639,2648.000,-338.000,-796.000,0.000,-35.000,-180.000,-180.000,1.000,1.000,"2648,-338,-796,0,-35,-180,-180,1,1"
2026-08-01 05:17:36.807994,72.709,640,2666.000,-338.000,-883.000,0.000,-38.000,-180.000,-180.000,1.000,1.000,"2666,-338,-883,0,-38,-180,-180,1,1"
2026-08-01 05:17:36.911416,72.812,641,2684.000,-338.000,-920.000,0.000,-29.000,-180.000,-180.000,1.000,1.000,"2684,-338,-920,0,-29,-180,-180,1,1"
2026-08-01 05:17:37.014899,72.916,642,2701.000,747.000,-555.000,0.000,75.000,-180.000,-180.000,1.000,1.000,"2701,747,-555,0,75,-180,-180,1,1"
2026-08-01 05:17:37.118795,73.020,643,2717.000,747.000,-152.000,0.000,127.000,-180.000,-180.000,1.000,1.000,"2717,747,-152,0,127,-180,-180,1,1"
2026-08-01 05:17:37.222560,73.123,644,2734.000,-338.000,-364.000,0.000,12.000,-180.000,-180.000,1.000,1.000,"2734,-338,-364,0,12,-180,-180,1,1"
2026-08-01 05:17:37.326339,73.227,645,2751.000,-338.000,-454.000,0.000,-26.000,-180.000,-180.000,1.000,1.000,"2751,-338,-454,0,-26,-180,-180,1,1"
2026-08-01 05:17:37.429849,73.331,646,2768.000,747.000,-361.000,0.000,19.000,-180.000,-180.000,1.000,1.000,"2768,747,-361,0,19,-180,-180,1,1"
2026-08-01 05:17:37.532664,73.433,647,2783.000,747.000,-70.000,0.000,72.000,-180.000,-180.000,1.000,1.000,"2783,747,-70,0,72,-180,-180,1,1"
2026-08-01 05:17:37.637242,73.538,648,2800.000,747.000,-196.000,0.000,28.000,-180.000,-180.000,1.000,1.000,"2800,747,-196,0,28,-180,-180,1,1"
2026-08-01 05:17:37.741360,73.642,649,2816.000,-338.000,-383.000,0.000,-37.000,-180.000,-180.000,1.000,1.000,"2816,-338,-383,0,-37,-180,-180,1,1"
2026-08-01 05:17:37.844798,73.746,650,2834.000,-338.000,-708.000,0.000,-90.000,-180.000,-180.000,1.000,1.000,"2834,-338,-708,0,-90,-180,-180,1,1"
2026-08-01 05:17:37.948709,73.850,651,2851.000,747.000,-466.000,0.000,14.000,-180.000,-180.000,1.000,1.000,"2851,747,-466,0,14,-180,-180,1,1"
2026-08-01 05:17:38.051990,73.953,652,2866.000,747.000,-117.000,0.000,82.000,-180.000,-180.000,1.000,1.000,"2866,747,-117,0,82,-180,-180,1,1"
2026-08-01 05:17:38.157153,74.058,653,2881.000,747.000,30.000,0.000,77.000,-180.000,-180.000,1.000,1.000,"2881,747,30,0,77,-180,-180,1,1"
2026-08-01 05:17:38.260400,74.161,654,2896.000,747.000,95.000,0.000,57.000,-95.000,-103.000,1.000,1.000,"2896,747,95,0,57,-95,-103,1,1"
2026-08-01 05:17:38.364005,74.265,655,2911.000,747.000,119.000,0.000,37.000,-16.000,-16.000,1.000,1.000,"2911,747,119,0,37,-16,-16,1,1"
2026-08-01 05:17:38.467310,74.368,656,2926.000,747.000,130.000,0.000,23.000,34.000,34.000,1.000,1.000,"2926,747,130,0,23,34,34,1,1"
2026-08-01 05:17:38.569644,74.470,657,2941.000,759.000,138.000,0.000,15.000,65.000,65.000,1.000,1.000,"2941,759,138,0,15,65,65,1,1"
2026-08-01 05:17:38.673046,74.574,658,2956.000,747.000,138.000,0.000,8.000,85.000,85.000,1.000,1.000,"2956,747,138,0,8,85,85,1,1"
2026-08-01 05:17:38.775243,74.676,659,2971.000,747.000,138.000,0.000,4.000,96.000,96.000,1.000,1.000,"2971,747,138,0,4,96,96,1,1"
2026-08-01 05:17:38.878341,74.779,660,2986.000,735.000,133.000,0.000,1.000,102.000,102.000,1.000,1.000,"2986,735,133,0,1,102,102,1,1"
2026-08-01 05:17:38.981375,74.882,661,3001.000,711.000,118.000,0.000,-2.000,102.000,102.000,1.000,1.000,"3001,711,118,0,-2,102,102,1,1"
2026-08-01 05:17:39.084941,74.986,662,3016.000,674.000,93.000,0.000,-7.000,95.000,95.000,1.000,1.000,"3016,674,93,0,-7,95,95,1,1"
2026-08-01 05:17:39.187781,75.089,663,3031.000,614.000,55.000,0.000,-12.000,82.000,82.000,1.000,1.000,"3031,614,55,0,-12,82,82,1,1"
2026-08-01 05:17:39.290970,75.192,664,3046.000,554.000,0.000,0.000,-19.000,59.000,59.000,1.000,1.000,"3046,554,0,0,-19,59,59,1,1"
2026-08-01 05:17:39.392638,75.293,665,3061.000,482.000,-62.000,0.000,-24.000,25.000,25.000,1.000,1.000,"3061,482,-62,0,-24,25,25,1,1"
2026-08-01 05:17:39.494876,75.396,666,3076.000,385.000,-139.000,0.000,-31.000,-17.000,-17.000,1.000,1.000,"3076,385,-139,0,-31,-17,-17,1,1"
2026-08-01 05:17:39.598339,75.499,667,3091.000,313.000,-213.000,0.000,-34.000,-67.000,-67.000,1.000,1.000,"3091,313,-213,0,-34,-67,-67,1,1"
2026-08-01 05:17:39.702961,75.604,668,3106.000,228.000,-296.000,0.000,-37.000,-123.000,-123.000,1.000,1.000,"3106,228,-296,0,-37,-123,-123,1,1"
2026-08-01 05:17:39.807664,75.708,669,3121.000,132.000,-386.000,0.000,-41.000,-180.000,-180.000,1.000,1.000,"3121,132,-386,0,-41,-180,-180,1,1"
2026-08-01 05:17:39.910075,75.811,670,3134.000,72.000,-465.000,0.000,-40.000,-180.000,-180.000,1.000,1.000,"3134,72,-465,0,-40,-180,-180,1,1"
2026-08-01 05:17:40.014498,75.915,671,3146.000,12.000,-530.000,0.000,-37.000,-180.000,-180.000,1.000,1.000,"3146,12,-530,0,-37,-180,-180,1,1"
2026-08-01 05:17:40.117407,76.018,672,3159.000,-1.000,-579.000,0.000,-31.000,-180.000,-180.000,1.000,1.000,"3159,-1,-579,0,-31,-180,-180,1,1"
2026-08-01 05:17:40.222528,76.123,673,3173.000,-25.000,-605.000,0.000,-23.000,-180.000,-180.000,1.000,1.000,"3173,-25,-605,0,-23,-180,-180,1,1"
2026-08-01 05:17:40.324993,76.226,674,3188.000,-25.000,-621.000,0.000,-16.000,-180.000,-180.000,1.000,1.000,"3188,-25,-621,0,-16,-180,-180,1,1"
2026-08-01 05:17:40.428726,76.330,675,3201.000,-13.000,-619.000,0.000,-8.000,-180.000,-180.000,1.000,1.000,"3201,-13,-619,0,-8,-180,-180,1,1"
2026-08-01 05:17:40.531593,76.432,676,3213.000,24.000,-605.000,0.000,-1.000,-180.000,-180.000,1.000,1.000,"3213,24,-605,0,-1,-180,-180,1,1"
2026-08-01 05:17:40.637186,76.538,677,3225.000,84.000,-567.000,0.000,7.000,-180.000,-180.000,1.000,1.000,"3225,84,-567,0,7,-180,-180,1,1"
2026-08-01 05:17:40.739833,76.641,678,3239.000,132.000,-523.000,0.000,14.000,-180.000,-180.000,1.000,1.000,"3239,132,-523,0,14,-180,-180,1,1"
2026-08-01 05:17:40.843625,76.744,679,3254.000,228.000,-452.000,0.000,23.000,-180.000,-180.000,1.000,1.000,"3254,228,-452,0,23,-180,-180,1,1"
2026-08-01 05:17:40.947199,76.848,680,3269.000,337.000,-364.000,0.000,32.000,-180.000,-180.000,1.000,1.000,"3269,337,-364,0,32,-180,-180,1,1"
2026-08-01 05:17:41.051868,76.953,681,3284.000,409.000,-285.000,0.000,36.000,-180.000,-180.000,1.000,1.000,"3284,409,-285,0,36,-180,-180,1,1"
2026-08-01 05:17:41.154788,77.056,682,3299.000,506.000,-194.000,0.000,40.000,-180.000,-180.000,1.000,1.000,"3299,506,-194,0,40,-180,-180,1,1"
2026-08-01 05:17:41.258410,77.159,683,3314.000,602.000,-102.000,0.000,43.000,-180.000,-180.000,1.000,1.000,"3314,602,-102,0,43,-180,-180,1,1"
2026-08-01 05:17:41.361359,77.262,684,3329.000,687.000,-16.000,0.000,43.000,-142.000,-142.000,1.000,1.000,"3329,687,-16,0,43,-142,-142,1,1"
2026-08-01 05:17:41.465881,77.367,685,3344.000,795.000,67.000,0.000,42.000,-73.000,-73.000,1.000,1.000,"3344,795,67,0,42,-73,-73,1,1"
2026-08-01 05:17:41.568725,77.470,686,3354.000,867.000,169.000,0.000,45.000,-2.000,-2.000,1.000,1.000,"3354,867,169,0,45,-2,-2,1,1"
2026-08-01 05:17:41.671563,77.572,687,3369.000,940.000,257.000,0.000,44.000,71.000,71.000,1.000,1.000,"3369,940,257,0,44,71,71,1,1"
2026-08-01 05:17:41.774968,77.676,688,3386.000,1024.000,342.000,0.000,43.000,143.000,143.000,1.000,1.000,"3386,1024,342,0,43,143,143,1,1"
2026-08-01 05:17:41.878622,77.779,689,3404.000,1108.000,427.000,0.000,42.000,180.000,180.000,1.000,1.000,"3404,1108,427,0,42,180,180,1,1"
2026-08-01 05:17:41.982207,77.883,690,3422.000,1145.000,487.000,0.000,36.000,180.000,180.000,1.000,1.000,"3422,1145,487,0,36,180,180,1,1"
2026-08-01 05:17:42.086152,77.987,691,3440.000,1157.000,522.000,0.000,28.000,180.000,180.000,1.000,1.000,"3440,1157,522,0,28,180,180,1,1"
2026-08-01 05:17:42.190019,78.091,692,3458.000,1157.000,537.000,0.000,19.000,180.000,180.000,1.000,1.000,"3458,1157,537,0,19,180,180,1,1"
2026-08-01 05:17:42.293484,78.194,693,3476.000,1133.000,529.000,0.000,9.000,180.000,180.000,1.000,1.000,"3476,1133,529,0,9,180,180,1,1"
2026-08-01 05:17:42.396538,78.297,694,3494.000,1108.000,511.000,0.000,1.000,180.000,180.000,1.000,1.000,"3494,1108,511,0,1,180,180,1,1"
2026-08-01 05:17:42.499573,78.400,695,3512.000,1024.000,461.000,0.000,-10.000,180.000,180.000,1.000,1.000,"3512,1024,461,0,-10,180,180,1,1"
2026-08-01 05:17:42.604222,78.505,696,3527.000,916.000,380.000,0.000,-23.000,180.000,180.000,1.000,1.000,"3527,916,380,0,-23,180,180,1,1"
2026-08-01 05:17:42.707844,78.609,697,3542.000,831.000,297.000,0.000,-31.000,180.000,180.000,1.000,1.000,"3542,831,297,0,-31,180,180,1,1"
2026-08-01 05:17:42.811490,78.712,698,3557.000,699.000,185.000,0.000,-41.000,180.000,180.000,1.000,1.000,"3557,699,185,0,-41,180,180,1,1"
2026-08-01 05:17:42.915842,78.817,699,3572.000,566.000,61.000,0.000,-50.000,180.000,180.000,1.000,1.000,"3572,566,61,0,-50,180,180,1,1"
2026-08-01 05:17:43.019377,78.920,700,3587.000,409.000,-72.000,0.000,-57.000,115.000,115.000,1.000,1.000,"3587,409,-72,0,-57,115,115,1,1"
2026-08-01 05:17:43.123732,79.025,701,3601.000,84.000,-287.000,0.000,-80.000,12.000,25.000,1.000,1.000,"3601,84,-287,0,-80,12,25,1,1"
2026-08-01 05:17:43.224209,79.125,702,3614.000,48.000,-464.000,0.000,-81.000,-126.000,-65.000,1.000,1.000,"3614,48,-464,0,-81,-126,-65,1,1"
2026-08-01 05:17:43.329056,79.230,703,3629.000,-145.000,-618.000,0.000,-79.000,-180.000,-155.000,1.000,1.000,"3629,-145,-618,0,-79,-180,-155,1,1"
2026-08-01 05:17:43.432884,79.334,704,3647.000,-302.000,-776.000,0.000,-78.000,-180.000,-180.000,1.000,1.000,"3647,-302,-776,0,-78,-180,-180,1,1"
2026-08-01 05:17:43.536393,79.437,705,3665.000,-471.000,-935.000,0.000,-79.000,-180.000,-180.000,1.000,1.000,"3665,-471,-935,0,-79,-180,-180,1,1"
2026-08-01 05:17:43.640338,79.541,706,3683.000,-591.000,-1079.000,0.000,-75.000,-180.000,-180.000,1.000,1.000,"3683,-591,-1079,0,-75,-180,-180,1,1"
2026-08-01 05:17:43.744013,79.645,707,3701.000,-676.000,-1195.000,0.000,-67.000,-180.000,-180.000,1.000,1.000,"3701,-676,-1195,0,-67,-180,-180,1,1"
2026-08-01 05:17:43.848327,79.749,708,3719.000,-748.000,-1283.000,0.000,-56.000,-180.000,-180.000,1.000,1.000,"3719,-748,-1283,0,-56,-180,-180,1,1"
2026-08-01 05:17:43.951623,79.852,709,3737.000,-808.000,-1360.000,0.000,-48.000,-180.000,-180.000,1.000,1.000,"3737,-808,-1360,0,-48,-180,-180,1,1"
2026-08-01 05:17:44.055156,79.956,710,3755.000,-820.000,-1397.000,0.000,-35.000,-180.000,-180.000,1.000,1.000,"3755,-820,-1397,0,-35,-180,-180,1,1"
2026-08-01 05:17:44.158810,80.060,711,3773.000,-772.000,-1396.000,0.000,-19.000,-180.000,-180.000,1.000,1.000,"3773,-772,-1396,0,-19,-180,-180,1,1"
2026-08-01 05:17:44.262558,80.163,712,3791.000,-724.000,-1365.000,0.000,-3.000,-180.000,-180.000,1.000,1.000,"3791,-724,-1365,0,-3,-180,-180,1,1"
2026-08-01 05:17:44.366213,80.267,713,3809.000,-651.000,-1310.000,0.000,9.000,-180.000,-180.000,1.000,1.000,"3809,-651,-1310,0,9,-180,-180,1,1"
2026-08-01 05:17:44.470649,80.371,714,3827.000,-555.000,-1231.000,0.000,22.000,-180.000,-180.000,1.000,1.000,"3827,-555,-1231,0,22,-180,-180,1,1"
2026-08-01 05:17:44.573693,80.474,715,3845.000,-459.000,-1145.000,0.000,31.000,-180.000,-180.000,1.000,1.000,"3845,-459,-1145,0,31,-180,-180,1,1"
2026-08-01 05:17:44.677519,80.578,716,3863.000,-314.000,-1027.000,0.000,43.000,-180.000,-180.000,1.000,1.000,"3863,-314,-1027,0,43,-180,-180,1,1"
2026-08-01 05:17:44.781050,80.682,717,3881.000,-169.000,-891.000,0.000,53.000,-180.000,-180.000,1.000,1.000,"3881,-169,-891,0,53,-180,-180,1,1"
2026-08-01 05:17:44.884452,80.785,718,3896.000,-1.000,-739.000,0.000,63.000,-180.000,-180.000,1.000,1.000,"3896,-1,-739,0,63,-180,-180,1,1"
2026-08-01 05:17:44.988286,80.889,719,3910.000,192.000,-539.000,0.000,77.000,-180.000,-180.000,1.000,1.000,"3910,192,-539,0,77,-180,-180,1,1"
2026-08-01 05:17:45.092925,80.994,720,3925.000,530.000,-322.000,0.000,92.000,-180.000,-180.000,1.000,1.000,"3925,530,-322,0,92,-180,-180,1,1"
2026-08-01 05:17:45.195905,81.097,721,3940.000,699.000,-128.000,0.000,95.000,-180.000,-180.000,1.000,1.000,"3940,699,-128,0,95,-180,-180,1,1"
2026-08-01 05:17:45.300065,81.201,722,3955.000,735.000,4.000,0.000,82.000,-180.000,-180.000,1.000,1.000,"3955,735,4,0,82,-180,-180,1,1"
2026-08-01 05:17:45.402906,81.304,723,3970.000,940.000,165.000,0.000,82.000,-114.000,-134.000,1.000,1.000,"3970,940,165,0,82,-114,-134,1,1"
2026-08-01 05:17:45.507342,81.408,724,3987.000,1108.000,360.000,0.000,87.000,25.000,-44.000,1.000,1.000,"3987,1108,360,0,87,25,-44,1,1"
2026-08-01 05:17:45.610988,81.512,725,4005.000,1229.000,515.000,0.000,81.000,167.000,46.000,1.000,1.000,"4005,1229,515,0,81,167,46,1,1"
2026-08-01 05:17:45.715044,81.616,726,4023.000,1253.000,589.000,0.000,61.000,180.000,136.000,1.000,1.000,"4023,1253,589,0,61,180,136,1,1"
2026-08-01 05:17:45.818375,81.719,727,4041.000,1205.000,604.000,0.000,37.000,180.000,180.000,1.000,1.000,"4041,1205,604,0,37,180,180,1,1"
2026-08-01 05:17:45.922823,81.824,728,4059.000,1193.000,595.000,0.000,18.000,180.000,180.000,1.000,1.000,"4059,1193,595,0,18,180,180,1,1"
2026-08-01 05:17:46.025783,81.927,729,4077.000,1133.000,559.000,0.000,2.000,180.000,180.000,1.000,1.000,"4077,1133,559,0,2,180,180,1,1"
2026-08-01 05:17:46.128371,82.029,730,4095.000,1060.000,507.000,0.000,-10.000,180.000,180.000,1.000,1.000,"4095,1060,507,0,-10,180,180,1,1"
2026-08-01 05:17:46.233627,82.134,731,4112.000,964.000,433.000,0.000,-22.000,180.000,180.000,1.000,1.000,"4112,964,433,0,-22,180,180,1,1"
2026-08-01 05:17:46.338135,82.239,732,4127.000,867.000,348.000,0.000,-31.000,180.000,180.000,1.000,1.000,"4127,867,348,0,-31,180,180,1,1"
2026-08-01 05:17:46.441353,82.342,733,4142.000,723.000,234.000,0.000,-43.000,180.000,180.000,1.000,1.000,"4142,723,234,0,-43,180,180,1,1"
2026-08-01 05:17:46.544819,82.446,734,4157.000,578.000,103.000,0.000,-53.000,180.000,180.000,1.000,1.000,"4157,578,103,0,-53,180,180,1,1"
2026-08-01 05:17:46.649090,82.550,735,4172.000,409.000,-49.000,0.000,-63.000,151.000,151.000,1.000,1.000,"4172,409,-49,0,-63,151,151,1,1"
2026-08-01 05:17:46.752866,82.654,736,4187.000,241.000,-233.000,0.000,-74.000,37.000,61.000,1.000,1.000,"4187,241,-233,0,-74,37,61,1,1"
2026-08-01 05:17:46.856010,82.757,737,4201.000,60.000,-385.000,0.000,-76.000,-80.000,-29.000,1.000,1.000,"4201,60,-385,0,-76,-80,-29,1,1"
2026-08-01 05:17:46.959252,82.860,738,4216.000,-121.000,-557.000,0.000,-80.000,-180.000,-119.000,1.000,1.000,"4216,-121,-557,0,-80,-180,-119,1,1"
2026-08-01 05:17:47.063875,82.965,739,4234.000,-290.000,-732.000,0.000,-83.000,-180.000,-180.000,1.000,1.000,"4234,-290,-732,0,-83,-180,-180,1,1"
2026-08-01 05:17:47.166658,83.067,740,4252.000,-471.000,-908.000,0.000,-85.000,-180.000,-180.000,1.000,1.000,"4252,-471,-908,0,-85,-180,-180,1,1"
2026-08-01 05:17:47.270510,83.171,741,4270.000,-603.000,-1023.000,0.000,-76.000,-180.000,-180.000,1.000,1.000,"4270,-603,-1023,0,-76,-180,-180,1,1"
2026-08-01 05:17:47.374179,83.275,742,4288.000,-736.000,-1187.000,0.000,-78.000,-180.000,-180.000,1.000,1.000,"4288,-736,-1187,0,-78,-180,-180,1,1"
2026-08-01 05:17:47.478008,83.379,743,4306.000,-808.000,-1306.000,0.000,-70.000,-180.000,-180.000,1.000,1.000,"4306,-808,-1306,0,-70,-180,-180,1,1"
2026-08-01 05:17:47.581611,83.482,744,4324.000,-844.000,-1385.000,0.000,-56.000,-180.000,-180.000,1.000,1.000,"4324,-844,-1385,0,-56,-180,-180,1,1"
2026-08-01 05:17:47.685406,83.586,745,4342.000,-893.000,-1326.000,0.000,-26.000,-180.000,-180.000,1.000,1.000,"4342,-893,-1326,0,-26,-180,-180,1,1"
2026-08-01 05:17:47.789288,83.690,746,4360.000,-868.000,-1413.000,0.000,-33.000,-180.000,-180.000,1.000,1.000,"4360,-868,-1413,0,-33,-180,-180,1,1"
2026-08-01 05:17:47.892719,83.794,747,4378.000,-844.000,-1321.000,0.000,-5.000,-180.000,-180.000,1.000,1.000,"4378,-844,-1321,0,-5,-180,-180,1,1"
2026-08-01 05:17:47.997222,83.898,748,4396.000,-796.000,-1377.000,0.000,-14.000,-180.000,-180.000,1.000,1.000,"4396,-796,-1377,0,-14,-180,-180,1,1"
2026-08-01 05:17:48.101170,84.002,749,4414.000,-724.000,-1362.000,0.000,-4.000,-180.000,-180.000,1.000,1.000,"4414,-724,-1362,0,-4,-180,-180,1,1"
2026-08-01 05:17:48.203850,84.105,750,4432.000,-615.000,-1296.000,0.000,12.000,-180.000,-180.000,1.000,1.000,"4432,-615,-1296,0,12,-180,-180,1,1"
2026-08-01 05:17:48.307961,84.209,751,4450.000,-495.000,-1204.000,0.000,27.000,-180.000,-180.000,1.000,1.000,"4450,-495,-1204,0,27,-180,-180,1,1"
2026-08-01 05:17:48.411395,84.312,752,4468.000,-362.000,-1088.000,0.000,41.000,-180.000,-180.000,1.000,1.000,"4468,-362,-1088,0,41,-180,-180,1,1"
2026-08-01 05:17:48.515172,84.416,753,4486.000,-205.000,-954.000,0.000,53.000,-180.000,-180.000,1.000,1.000,"4486,-205,-954,0,53,-180,-180,1,1"
2026-08-01 05:17:48.617691,84.519,754,4501.000,-1.000,-788.000,0.000,67.000,-180.000,-180.000,1.000,1.000,"4501,-1,-788,0,67,-180,-180,1,1"
2026-08-01 05:17:48.722253,84.623,755,4515.000,301.000,-571.000,0.000,87.000,-180.000,-180.000,1.000,1.000,"4515,301,-571,0,87,-180,-180,1,1"
2026-08-01 05:17:48.826101,84.727,756,4531.000,385.000,-535.000,0.000,66.000,-180.000,-180.000,1.000,1.000,"4531,385,-535,0,66,-180,-180,1,1"
2026-08-01 05:17:48.929892,84.831,757,4546.000,711.000,-189.000,0.000,111.000,-180.000,-180.000,1.000,1.000,"4546,711,-189,0,111,-180,-180,1,1"
2026-08-01 05:17:49.033688,84.934,758,4561.000,771.000,13.000,0.000,106.000,-180.000,-180.000,1.000,1.000,"4561,771,13,0,106,-180,-180,1,1"
2026-08-01 05:17:49.137148,85.038,759,4576.000,964.000,213.000,0.000,101.000,-134.000,-135.000,1.000,1.000,"4576,964,213,0,101,-134,-135,1,1"
2026-08-01 05:17:49.241200,85.142,760,4594.000,1253.000,100.000,0.000,54.000,-82.000,-82.000,1.000,1.000,"4594,1253,100,0,54,-82,-82,1,1"
2026-08-01 05:17:49.344739,85.246,761,4612.000,-338.000,-142.000,0.000,-42.000,11.000,8.000,1.000,1.000,"4612,-338,-142,0,-42,11,8,1,1"
2026-08-01 05:17:49.448554,85.349,762,4630.000,1253.000,311.000,0.000,72.000,31.000,31.000,1.000,1.000,"4630,1253,311,0,72,31,31,1,1"
2026-08-01 05:17:49.551368,85.452,763,4648.000,1217.000,486.000,0.000,77.000,157.000,121.000,1.000,1.000,"4648,1217,486,0,77,157,121,1,1"
2026-08-01 05:17:49.655067,85.556,764,4660.000,1169.000,534.000,0.000,53.000,180.000,180.000,1.000,1.000,"4660,1169,534,0,53,180,180,1,1"
2026-08-01 05:17:49.758826,85.660,765,4678.000,1120.000,520.000,0.000,27.000,180.000,180.000,1.000,1.000,"4678,1120,520,0,27,180,180,1,1"
2026-08-01 05:17:49.862795,85.764,766,4696.000,1036.000,472.000,0.000,4.000,180.000,180.000,1.000,1.000,"4696,1036,472,0,4,180,180,1,1"
2026-08-01 05:17:49.966197,85.867,767,4712.000,952.000,405.000,0.000,-11.000,180.000,180.000,1.000,1.000,"4712,952,405,0,-11,180,180,1,1"
2026-08-01 05:17:50.070008,85.971,768,4727.000,867.000,325.000,0.000,-23.000,180.000,180.000,1.000,1.000,"4727,867,325,0,-23,180,180,1,1"
2026-08-01 05:17:50.173963,86.075,769,4742.000,735.000,224.000,0.000,-35.000,180.000,180.000,1.000,1.000,"4742,735,224,0,-35,180,180,1,1"
2026-08-01 05:17:50.278149,86.179,770,4757.000,602.000,107.000,0.000,-45.000,180.000,180.000,1.000,1.000,"4757,602,107,0,-45,180,180,1,1"
2026-08-01 05:17:50.381018,86.282,771,4772.000,349.000,-69.000,0.000,-65.000,140.000,140.000,1.000,1.000,"4772,349,-69,0,-65,140,140,1,1"
2026-08-01 05:17:50.484838,86.386,772,4787.000,289.000,-203.000,0.000,-65.000,34.000,50.000,1.000,1.000,"4787,289,-203,0,-65,34,50,1,1"
2026-08-01 05:17:50.588415,86.489,773,4803.000,96.000,-480.000,0.000,-90.000,-114.000,-40.000,1.000,1.000,"4803,96,-480,0,-90,-114,-40,1,1"
2026-08-01 05:17:50.692053,86.593,774,4817.000,-85.000,-587.000,0.000,-74.000,-180.000,-130.000,1.000,1.000,"4817,-85,-587,0,-74,-180,-130,1,1"
2026-08-01 05:17:50.796615,86.697,775,4835.000,-410.000,-790.000,0.000,-87.000,-180.000,-180.000,1.000,1.000,"4835,-410,-790,0,-87,-180,-180,1,1"
2026-08-01 05:17:50.899621,86.800,776,4853.000,-422.000,-918.000,0.000,-77.000,-180.000,-180.000,1.000,1.000,"4853,-422,-918,0,-77,-180,-180,1,1"
2026-08-01 05:17:51.004628,86.905,777,4871.000,-350.000,-939.000,0.000,-47.000,-180.000,-180.000,1.000,1.000,"4871,-350,-939,0,-47,-180,-180,1,1"
2026-08-01 05:17:51.107095,87.008,778,4889.000,-676.000,-1130.000,0.000,-68.000,-180.000,-180.000,1.000,1.000,"4889,-676,-1130,0,-68,-180,-180,1,1"
2026-08-01 05:17:51.210848,87.112,779,4907.000,-772.000,-1269.000,0.000,-68.000,-180.000,-180.000,1.000,1.000,"4907,-772,-1269,0,-68,-180,-180,1,1"
2026-08-01 05:17:51.314746,87.216,780,4925.000,-796.000,-1347.000,0.000,-54.000,-180.000,-180.000,1.000,1.000,"4925,-796,-1347,0,-54,-180,-180,1,1"
2026-08-01 05:17:51.418237,87.319,781,4943.000,-844.000,-1403.000,0.000,-42.000,-180.000,-180.000,1.000,1.000,"4943,-844,-1403,0,-42,-180,-180,1,1"
2026-08-01 05:17:51.522665,87.423,782,4961.000,-820.000,-1420.000,0.000,-27.000,-180.000,-180.000,1.000,1.000,"4961,-820,-1420,0,-27,-180,-180,1,1"
2026-08-01 05:17:51.625800,87.527,783,4979.000,-772.000,-1403.000,0.000,-11.000,-180.000,-180.000,1.000,1.000,"4979,-772,-1403,0,-11,-180,-180,1,1"
2026-08-01 05:17:51.729551,87.630,784,4997.000,-748.000,-1382.000,0.000,-1.000,-180.000,-180.000,1.000,1.000,"4997,-748,-1382,0,-1,-180,-180,1,1"
2026-08-01 05:17:51.833091,87.734,785,5015.000,-651.000,-1317.000,0.000,13.000,-180.000,-180.000,1.000,1.000,"5015,-651,-1317,0,13,-180,-180,1,1"
2026-08-01 05:17:51.937034,87.838,786,5033.000,-555.000,-1234.000,0.000,25.000,-180.000,-180.000,1.000,1.000,"5033,-555,-1234,0,25,-180,-180,1,1"
2026-08-01 05:17:52.040609,87.941,787,5051.000,-422.000,-1130.000,0.000,36.000,-180.000,-180.000,1.000,1.000,"5051,-422,-1130,0,36,-180,-180,1,1"
2026-08-01 05:17:52.144270,88.045,788,5069.000,-290.000,-1007.000,0.000,47.000,-180.000,-180.000,1.000,1.000,"5069,-290,-1007,0,47,-180,-180,1,1"
2026-08-01 05:17:52.248224,88.149,789,5087.000,-121.000,-863.000,0.000,58.000,-180.000,-180.000,1.000,1.000,"5087,-121,-863,0,58,-180,-180,1,1"
2026-08-01 05:17:52.351218,88.252,790,5101.000,24.000,-711.000,0.000,65.000,-180.000,-180.000,1.000,1.000,"5101,24,-711,0,65,-180,-180,1,1"
2026-08-01 05:17:52.455603,88.356,791,5115.000,325.000,-475.000,0.000,87.000,-180.000,-180.000,1.000,1.000,"5115,325,-475,0,87,-180,-180,1,1"
2026-08-01 05:17:52.559440,88.460,792,5130.000,554.000,-246.000,0.000,98.000,-180.000,-180.000,1.000,1.000,"5130,554,-246,0,98,-180,-180,1,1"
2026-08-01 05:17:52.662566,88.563,793,5145.000,783.000,-19.000,0.000,104.000,-180.000,-180.000,1.000,1.000,"5145,783,-19,0,104,-180,-180,1,1"
2026-08-01 05:17:52.766694,88.668,794,5160.000,795.000,85.000,0.000,81.000,-177.000,-177.000,1.000,1.000,"5160,795,85,0,81,-177,-177,1,1"
2026-08-01 05:17:52.870312,88.771,795,5175.000,952.000,225.000,0.000,76.000,-48.000,-87.000,1.000,1.000,"5175,952,225,0,76,-48,-87,1,1"
2026-08-01 05:17:52.974001,88.875,796,5193.000,1253.000,434.000,0.000,89.000,80.000,3.000,1.000,1.000,"5193,1253,434,0,89,80,3,1,1"
2026-08-01 05:17:53.076897,88.978,797,5211.000,1229.000,541.000,0.000,72.000,180.000,93.000,1.000,1.000,"5211,1229,541,0,72,180,93,1,1"
2026-08-01 05:17:53.181006,89.082,798,5229.000,1229.000,584.000,0.000,50.000,180.000,180.000,1.000,1.000,"5229,1229,584,0,50,180,180,1,1"
2026-08-01 05:17:53.285135,89.186,799,5247.000,1193.000,584.000,0.000,28.000,180.000,180.000,1.000,1.000,"5247,1193,584,0,28,180,180,1,1"
2026-08-01 05:17:53.389261,89.290,800,5265.000,1145.000,567.000,0.000,11.000,180.000,180.000,1.000,1.000,"5265,1145,567,0,11,180,180,1,1"
2026-08-01 05:17:53.492602,89.393,801,5283.000,1084.000,525.000,0.000,-3.000,180.000,180.000,1.000,1.000,"5283,1084,525,0,-3,180,180,1,1"
2026-08-01 05:17:53.594278,89.495,802,5301.000,1012.000,462.000,0.000,-15.000,180.000,180.000,1.000,1.000,"5301,1012,462,0,-15,180,180,1,1"
2026-08-01 05:17:53.699787,89.601,803,5316.000,916.000,381.000,0.000,-26.000,180.000,180.000,1.000,1.000,"5316,916,381,0,-26,180,180,1,1"
2026-08-01 05:17:53.802884,89.704,804,5331.000,819.000,287.000,0.000,-35.000,180.000,180.000,1.000,1.000,"5331,819,287,0,-35,180,180,1,1"
2026-08-01 05:17:53.907326,89.808,805,5346.000,674.000,170.000,0.000,-45.000,180.000,180.000,1.000,1.000,"5346,674,170,0,-45,180,180,1,1"
2026-08-01 05:17:54.010800,89.912,806,5361.000,506.000,9.000,0.000,-59.000,180.000,180.000,1.000,1.000,"5361,506,9,0,-59,180,180,1,1"
2026-08-01 05:17:54.114343,90.015,807,5376.000,192.000,-209.000,0.000,-81.000,76.000,90.000,1.000,1.000,"5376,192,-209,0,-81,76,90,1,1"
2026-08-01 05:17:54.216768,90.118,808,5390.000,12.000,-405.000,0.000,-89.000,-57.000,0.000,1.000,1.000,"5390,12,-405,0,-89,-57,0,1,1"
2026-08-01 05:17:54.319333,90.220,809,5404.000,-193.000,-571.000,0.000,-88.000,-180.000,-90.000,1.000,1.000,"5404,-193,-571,0,-88,-180,-90,1,1"
2026-08-01 05:17:54.423386,90.324,810,5422.000,-230.000,-698.000,0.000,-78.000,-180.000,-180.000,1.000,1.000,"5422,-230,-698,0,-78,-180,-180,1,1"
2026-08-01 05:17:54.527854,90.429,811,5440.000,-410.000,-856.000,0.000,-79.000,-180.000,-180.000,1.000,1.000,"5440,-410,-856,0,-79,-180,-180,1,1"
2026-08-01 05:17:54.630673,90.531,812,5458.000,-374.000,-978.000,0.000,-67.000,-180.000,-180.000,1.000,1.000,"5458,-374,-978,0,-67,-180,-180,1,1"
2026-08-01 05:17:54.734374,90.635,813,5476.000,-676.000,-1144.000,0.000,-73.000,-180.000,-180.000,1.000,1.000,"5476,-676,-1144,0,-73,-180,-180,1,1"
2026-08-01 05:17:54.838152,90.739,814,5494.000,-784.000,-1274.000,0.000,-69.000,-180.000,-180.000,1.000,1.000,"5494,-784,-1274,0,-69,-180,-180,1,1"
2026-08-01 05:17:54.941870,90.843,815,5512.000,-856.000,-1376.000,0.000,-61.000,-180.000,-180.000,1.000,1.000,"5512,-856,-1376,0,-61,-180,-180,1,1"
2026-08-01 05:17:55.045662,90.946,816,5530.000,-880.000,-1438.000,0.000,-47.000,-180.000,-180.000,1.000,1.000,"5530,-880,-1438,0,-47,-180,-180,1,1"
2026-08-01 05:17:55.149349,91.050,817,5548.000,-893.000,-1475.000,0.000,-34.000,-180.000,-180.000,1.000,1.000,"5548,-893,-1475,0,-34,-180,-180,1,1"
2026-08-01 05:17:55.253145,91.154,818,5566.000,-868.000,-1476.000,0.000,-19.000,-180.000,-180.000,1.000,1.000,"5566,-868,-1476,0,-19,-180,-180,1,1"
2026-08-01 05:17:55.356669,91.257,819,5584.000,-820.000,-1457.000,0.000,-6.000,-180.000,-180.000,1.000,1.000,"5584,-820,-1457,0,-6,-180,-180,1,1"
2026-08-01 05:17:55.460180,91.361,820,5602.000,-772.000,-1418.000,0.000,4.000,-180.000,-180.000,1.000,1.000,"5602,-772,-1418,0,4,-180,-180,1,1"
2026-08-01 05:17:55.564103,91.465,821,5620.000,-651.000,-1343.000,0.000,19.000,-180.000,-180.000,1.000,1.000,"5620,-651,-1343,0,19,-180,-180,1,1"
2026-08-01 05:17:55.667743,91.569,822,5638.000,-555.000,-1256.000,0.000,30.000,-180.000,-180.000,1.000,1.000,"5638,-555,-1256,0,30,-180,-180,1,1"
2026-08-01 05:17:55.771547,91.672,823,5656.000,-410.000,-1141.000,0.000,42.000,-180.000,-180.000,1.000,1.000,"5656,-410,-1141,0,42,-180,-180,1,1"
2026-08-01 05:17:55.875227,91.776,824,5674.000,-278.000,-1019.000,0.000,51.000,-180.000,-180.000,1.000,1.000,"5674,-278,-1019,0,51,-180,-180,1,1"
2026-08-01 05:17:55.978779,91.880,825,5691.000,-97.000,-862.000,0.000,63.000,-180.000,-180.000,1.000,1.000,"5691,-97,-862,0,63,-180,-180,1,1"
2026-08-01 05:17:56.082466,91.983,826,5705.000,180.000,-658.000,0.000,81.000,-180.000,-180.000,1.000,1.000,"5705,180,-658,0,81,-180,-180,1,1"
2026-08-01 05:17:56.186106,92.087,827,5720.000,289.000,-474.000,0.000,85.000,-180.000,-180.000,1.000,1.000,"5720,289,-474,0,85,-180,-180,1,1"
2026-08-01 05:17:56.289874,92.191,828,5735.000,482.000,-268.000,0.000,91.000,-180.000,-180.000,1.000,1.000,"5735,482,-268,0,91,-180,-180,1,1"
2026-08-01 05:17:56.393074,92.294,829,5750.000,662.000,-71.000,0.000,92.000,-180.000,-180.000,1.000,1.000,"5750,662,-71,0,92,-180,-180,1,1"
2026-08-01 05:17:56.497737,92.399,830,5765.000,867.000,90.000,0.000,88.000,-180.000,-180.000,1.000,1.000,"5765,867,90,0,88,-180,-180,1,1"
2026-08-01 05:17:56.601954,92.503,831,5781.000,1036.000,257.000,0.000,86.000,-53.000,-90.000,1.000,1.000,"5781,1036,257,0,86,-53,-90,1,1"
2026-08-01 05:17:56.705205,92.606,832,5799.000,1253.000,475.000,0.000,95.000,94.000,0.000,1.000,1.000,"5799,1253,475,0,95,94,0,1,1"
2026-08-01 05:17:56.807932,92.709,833,5817.000,1253.000,572.000,0.000,74.000,180.000,90.000,1.000,1.000,"5817,1253,572,0,74,180,90,1,1"
2026-08-01 05:17:56.911602,92.812,834,5835.000,1229.000,605.000,0.000,48.000,180.000,180.000,1.000,1.000,"5835,1229,605,0,48,180,180,1,1"
2026-08-01 05:17:57.015329,92.916,835,5853.000,1133.000,582.000,0.000,21.000,180.000,180.000,1.000,1.000,"5853,1133,582,0,21,180,180,1,1"
2026-08-01 05:17:57.118967,93.020,836,5871.000,1084.000,531.000,0.000,0.000,180.000,180.000,1.000,1.000,"5871,1084,531,0,0,180,180,1,1"
2026-08-01 05:17:57.222258,93.123,837,5889.000,1012.000,471.000,0.000,-13.000,180.000,180.000,1.000,1.000,"5889,1012,471,0,-13,180,180,1,1"
2026-08-01 05:17:57.327743,93.229,838,5905.000,916.000,395.000,0.000,-24.000,180.000,180.000,1.000,1.000,"5905,916,395,0,-24,180,180,1,1"
2026-08-01 05:17:57.430721,93.332,839,5920.000,819.000,321.000,0.000,-29.000,180.000,180.000,1.000,1.000,"5920,819,321,0,-29,180,180,1,1"
2026-08-01 05:17:57.534362,93.435,840,5935.000,687.000,209.000,0.000,-40.000,180.000,180.000,1.000,1.000,"5935,687,209,0,-40,180,180,1,1"
2026-08-01 05:17:57.638194,93.539,841,5950.000,421.000,84.000,0.000,-50.000,180.000,180.000,1.000,1.000,"5950,421,84,0,-50,180,180,1,1"
2026-08-01 05:17:57.741578,93.642,842,5963.000,433.000,-54.000,0.000,-58.000,131.000,132.000,1.000,1.000,"5963,433,-54,0,-58,131,132,1,1"
2026-08-01 05:17:57.845036,93.746,843,5975.000,144.000,-253.000,0.000,-77.000,29.000,42.000,1.000,1.000,"5975,144,-253,0,-77,29,42,1,1"
2026-08-01 05:17:57.949058,93.850,844,5989.000,72.000,-400.000,0.000,-75.000,-93.000,-48.000,1.000,1.000,"5989,72,-400,0,-75,-93,-48,1,1"
2026-08-01 05:17:58.052325,93.953,845,6004.000,-121.000,-577.000,0.000,-80.000,-180.000,-138.000,1.000,1.000,"6004,-121,-577,0,-80,-180,-138,1,1"
2026-08-01 05:17:58.156420,94.057,846,6022.000,-302.000,-753.000,0.000,-83.000,-180.000,-180.000,1.000,1.000,"6022,-302,-753,0,-83,-180,-180,1,1"
2026-08-01 05:17:58.260336,94.161,847,6040.000,-471.000,-925.000,0.000,-84.000,-180.000,-180.000,1.000,1.000,"6040,-471,-925,0,-84,-180,-180,1,1"
2026-08-01 05:17:58.363655,94.264,848,6058.000,-603.000,-1082.000,0.000,-81.000,-180.000,-180.000,1.000,1.000,"6058,-603,-1082,0,-81,-180,-180,1,1"
2026-08-01 05:17:58.467539,94.368,849,6076.000,-724.000,-1216.000,0.000,-74.000,-180.000,-180.000,1.000,1.000,"6076,-724,-1216,0,-74,-180,-180,1,1"
2026-08-01 05:17:58.571135,94.472,850,6094.000,-796.000,-1319.000,0.000,-64.000,-180.000,-180.000,1.000,1.000,"6094,-796,-1319,0,-64,-180,-180,1,1"
2026-08-01 05:17:58.674745,94.576,851,6112.000,-844.000,-1391.000,0.000,-51.000,-180.000,-180.000,1.000,1.000,"6112,-844,-1391,0,-51,-180,-180,1,1"
2026-08-01 05:17:58.778469,94.679,852,6130.000,-844.000,-1429.000,0.000,-37.000,-180.000,-180.000,1.000,1.000,"6130,-844,-1429,0,-37,-180,-180,1,1"
2026-08-01 05:17:58.882409,94.783,853,6148.000,-844.000,-1443.000,0.000,-23.000,-180.000,-180.000,1.000,1.000,"6148,-844,-1443,0,-23,-180,-180,1,1"
2026-08-01 05:17:58.985994,94.887,854,6166.000,-820.000,-1434.000,0.000,-11.000,-180.000,-180.000,1.000,1.000,"6166,-820,-1434,0,-11,-180,-180,1,1"
2026-08-01 05:17:59.089368,94.990,855,6184.000,-772.000,-1403.000,0.000,0.000,-180.000,-180.000,1.000,1.000,"6184,-772,-1403,0,0,-180,-180,1,1"
2026-08-01 05:17:59.193332,95.094,856,6202.000,-676.000,-1343.000,0.000,13.000,-180.000,-180.000,1.000,1.000,"6202,-676,-1343,0,13,-180,-180,1,1"
2026-08-01 05:17:59.296846,95.198,857,6220.000,-579.000,-1264.000,0.000,24.000,-180.000,-180.000,1.000,1.000,"6220,-579,-1264,0,24,-180,-180,1,1"
2026-08-01 05:17:59.401213,95.302,858,6238.000,-471.000,-1163.000,0.000,35.000,-180.000,-180.000,1.000,1.000,"6238,-471,-1163,0,35,-180,-180,1,1"
2026-08-01 05:17:59.504645,95.405,859,6256.000,-314.000,-1035.000,0.000,47.000,-180.000,-180.000,1.000,1.000,"6256,-314,-1035,0,47,-180,-180,1,1"
2026-08-01 05:17:59.607972,95.509,860,6274.000,-181.000,-896.000,0.000,56.000,-180.000,-180.000,1.000,1.000,"6274,-181,-896,0,56,-180,-180,1,1"
2026-08-01 05:17:59.711015,95.612,861,6288.000,-1.000,-744.000,0.000,64.000,-180.000,-180.000,1.000,1.000,"6288,-1,-744,0,64,-180,-180,1,1"
2026-08-01 05:17:59.815344,95.716,862,6303.000,192.000,-549.000,0.000,77.000,-180.000,-180.000,1.000,1.000,"6303,192,-549,0,77,-180,-180,1,1"
2026-08-01 05:17:59.919123,95.820,863,6318.000,385.000,-342.000,0.000,86.000,-180.000,-180.000,1.000,1.000,"6318,385,-342,0,86,-180,-180,1,1"
2026-08-01 05:18:00.023466,95.924,864,6333.000,711.000,-132.000,0.000,95.000,-180.000,-180.000,1.000,1.000,"6333,711,-132,0,95,-180,-180,1,1"
2026-08-01 05:18:00.126979,96.028,865,6348.000,759.000,22.000,0.000,87.000,-180.000,-180.000,1.000,1.000,"6348,759,22,0,87,-180,-180,1,1"
2026-08-01 05:18:00.229574,96.130,866,6363.000,940.000,189.000,0.000,85.000,-103.000,-128.000,1.000,1.000,"6363,940,189,0,85,-103,-128,1,1"
2026-08-01 05:18:00.335411,96.236,867,6381.000,1253.000,408.000,0.000,96.000,35.000,-38.000,1.000,1.000,"6381,1253,408,0,96,35,-38,1,1"
2026-08-01 05:18:00.439052,96.340,868,6399.000,1253.000,544.000,0.000,83.000,180.000,52.000,1.000,1.000,"6399,1253,544,0,83,180,52,1,1"
2026-08-01 05:18:00.541799,96.443,869,6417.000,1205.000,585.000,0.000,54.000,180.000,142.000,1.000,1.000,"6417,1205,585,0,54,180,142,1,1"
2026-08-01 05:18:00.646834,96.548,870,6435.000,1181.000,577.000,0.000,29.000,180.000,180.000,1.000,1.000,"6435,1181,577,0,29,180,180,1,1"
2026-08-01 05:18:00.749606,96.650,871,6453.000,1108.000,529.000,0.000,6.000,180.000,180.000,1.000,1.000,"6453,1108,529,0,6,180,180,1,1"
2026-08-01 05:18:00.852845,96.754,872,6471.000,1036.000,475.000,0.000,-8.000,180.000,180.000,1.000,1.000,"6471,1036,475,0,-8,180,180,1,1"
2026-08-01 05:18:00.957619,96.858,873,6487.000,940.000,389.000,0.000,-22.000,180.000,180.000,1.000,1.000,"6487,940,389,0,-22,180,180,1,1"
2026-08-01 05:18:01.060358,96.961,874,6502.000,843.000,307.000,0.000,-30.000,180.000,180.000,1.000,1.000,"6502,843,307,0,-30,180,180,1,1"
2026-08-01 05:18:01.164458,97.065,875,6517.000,711.000,197.000,0.000,-41.000,180.000,180.000,1.000,1.000,"6517,711,197,0,-41,180,180,1,1"
2026-08-01 05:18:01.268690,97.170,876,6532.000,578.000,76.000,0.000,-49.000,180.000,180.000,1.000,1.000,"6532,578,76,0,-49,180,180,1,1"
2026-08-01 05:18:01.372059,97.273,877,6547.000,409.000,-66.000,0.000,-59.000,123.000,123.000,1.000,1.000,"6547,409,-66,0,-59,123,123,1,1"
2026-08-01 05:18:01.476100,97.377,878,6562.000,132.000,-292.000,0.000,-81.000,11.000,33.000,1.000,1.000,"6562,132,-292,0,-81,11,33,1,1"
2026-08-01 05:18:01.578586,97.479,879,6575.000,-37.000,-482.000,0.000,-87.000,-124.000,-57.000,1.000,1.000,"6575,-37,-482,0,-87,-124,-57,1,1"
2026-08-01 05:18:01.682492,97.583,880,6590.000,-121.000,-614.000,0.000,-77.000,-180.000,-147.000,1.000,1.000,"6590,-121,-614,0,-77,-180,-147,1,1"
2026-08-01 05:18:01.787319,97.688,881,6608.000,-447.000,-822.000,0.000,-90.000,-180.000,-180.000,1.000,1.000,"6608,-447,-822,0,-90,-180,-180,1,1"
2026-08-01 05:18:01.890276,97.791,882,6626.000,-471.000,-952.000,0.000,-79.000,-180.000,-180.000,1.000,1.000,"6626,-471,-952,0,-79,-180,-180,1,1"
2026-08-01 05:18:01.993839,97.895,883,6644.000,-603.000,-1091.000,0.000,-74.000,-180.000,-180.000,1.000,1.000,"6644,-603,-1091,0,-74,-180,-180,1,1"
2026-08-01 05:18:02.097641,97.998,884,6662.000,-700.000,-1208.000,0.000,-67.000,-180.000,-180.000,1.000,1.000,"6662,-700,-1208,0,-67,-180,-180,1,1"
2026-08-01 05:18:02.201327,98.102,885,6680.000,-772.000,-1302.000,0.000,-58.000,-180.000,-180.000,1.000,1.000,"6680,-772,-1302,0,-58,-180,-180,1,1"
2026-08-01 05:18:02.305152,98.206,886,6698.000,-808.000,-1365.000,0.000,-46.000,-180.000,-180.000,1.000,1.000,"6698,-808,-1365,0,-46,-180,-180,1,1"
2026-08-01 05:18:02.409104,98.310,887,6716.000,-820.000,-1402.000,0.000,-33.000,-180.000,-180.000,1.000,1.000,"6716,-820,-1402,0,-33,-180,-180,1,1"
2026-08-01 05:18:02.512609,98.413,888,6734.000,-808.000,-1413.000,0.000,-21.000,-180.000,-180.000,1.000,1.000,"6734,-808,-1413,0,-21,-180,-180,1,1"
2026-08-01 05:18:02.616275,98.517,889,6752.000,-772.000,-1400.000,0.000,-8.000,-180.000,-180.000,1.000,1.000,"6752,-772,-1400,0,-8,-180,-180,1,1"
2026-08-01 05:18:02.719874,98.621,890,6770.000,-676.000,-1350.000,0.000,6.000,-180.000,-180.000,1.000,1.000,"6770,-676,-1350,0,6,-180,-180,1,1"
2026-08-01 05:18:02.823539,98.724,891,6788.000,-615.000,-1288.000,0.000,17.000,-180.000,-180.000,1.000,1.000,"6788,-615,-1288,0,17,-180,-180,1,1"
2026-08-01 05:18:02.928357,98.829,892,6806.000,-483.000,-1191.000,0.000,31.000,-180.000,-180.000,1.000,1.000,"6806,-483,-1191,0,31,-180,-180,1,1"
2026-08-01 05:18:03.031318,98.932,893,6824.000,-374.000,-1090.000,0.000,40.000,-180.000,-180.000,1.000,1.000,"6824,-374,-1090,0,40,-180,-180,1,1"
2026-08-01 05:18:03.135414,99.036,894,6842.000,-205.000,-936.000,0.000,55.000,-180.000,-180.000,1.000,1.000,"6842,-205,-936,0,55,-180,-180,1,1"
2026-08-01 05:18:03.238198,99.139,895,6858.000,-49.000,-805.000,0.000,60.000,-180.000,-180.000,1.000,1.000,"6858,-49,-805,0,60,-180,-180,1,1"
2026-08-01 05:18:03.342900,99.244,896,6871.000,253.000,-603.000,0.000,80.000,-180.000,-180.000,1.000,1.000,"6871,253,-603,0,80,-180,-180,1,1"
2026-08-01 05:18:03.445691,99.347,897,6887.000,337.000,-565.000,0.000,62.000,-180.000,-180.000,1.000,1.000,"6887,337,-565,0,62,-180,-180,1,1"
2026-08-01 05:18:03.549464,99.450,898,6902.000,530.000,-317.000,0.000,89.000,-180.000,-180.000,1.000,1.000,"6902,530,-317,0,89,-180,-180,1,1"
2026-08-01 05:18:03.653054,99.554,899,6917.000,699.000,-109.000,0.000,96.000,-180.000,-180.000,1.000,1.000,"6917,699,-109,0,96,-180,-180,1,1"
2026-08-01 05:18:03.757966,99.659,900,6932.000,867.000,75.000,0.000,94.000,-180.000,-180.000,1.000,1.000,"6932,867,75,0,94,-180,-180,1,1"
2026-08-01 05:18:03.859903,99.761,901,6949.000,1060.000,259.000,0.000,94.000,-75.000,-104.000,1.000,1.000,"6949,1060,259,0,94,-75,-104,1,1"
2026-08-01 05:18:03.964803,99.866,902,6967.000,1253.000,451.000,0.000,95.000,74.000,-14.000,1.000,1.000,"6967,1253,451,0,95,74,-14,1,1"
2026-08-01 05:18:04.068670,99.969,903,6985.000,1253.000,562.000,0.000,77.000,180.000,76.000,1.000,1.000,"6985,1253,562,0,77,180,76,1,1"
2026-08-01 05:18:04.172321,100.073,904,7003.000,1205.000,581.000,0.000,47.000,180.000,166.000,1.000,1.000,"7003,1205,581,0,47,180,166,1,1"
2026-08-01 05:18:04.276017,100.177,905,7021.000,1181.000,578.000,0.000,25.000,180.000,180.000,1.000,1.000,"7021,1181,578,0,25,180,180,1,1"
2026-08-01 05:18:04.381318,100.282,906,7039.000,1108.000,543.000,0.000,6.000,180.000,180.000,1.000,1.000,"7039,1108,543,0,6,180,180,1,1"
2026-08-01 05:18:04.483913,100.385,907,7057.000,1060.000,495.000,0.000,-6.000,180.000,180.000,1.000,1.000,"7057,1060,495,0,-6,180,180,1,1"
2026-08-01 05:18:04.587057,100.488,908,7073.000,964.000,428.000,0.000,-18.000,180.000,180.000,1.000,1.000,"7073,964,428,0,-18,180,180,1,1"
2026-08-01 05:18:04.690961,100.592,909,7088.000,879.000,347.000,0.000,-28.000,180.000,180.000,1.000,1.000,"7088,879,347,0,-28,180,180,1,1"
2026-08-01 05:18:04.794948,100.696,910,7103.000,735.000,241.000,0.000,-39.000,180.000,180.000,1.000,1.000,"7103,735,241,0,-39,180,180,1,1"
2026-08-01 05:18:04.899234,100.800,911,7118.000,602.000,120.000,0.000,-49.000,180.000,180.000,1.000,1.000,"7118,602,120,0,-49,180,180,1,1"
2026-08-01 05:18:05.002193,100.903,912,7133.000,325.000,-58.000,0.000,-68.000,159.000,159.000,1.000,1.000,"7133,325,-58,0,-68,159,159,1,1"
2026-08-01 05:18:05.105095,101.006,913,7149.000,-338.000,-401.000,0.000,-121.000,43.000,69.000,1.000,1.000,"7149,-338,-401,0,-121,43,69,1,1"
2026-08-01 05:18:05.208344,101.109,914,7162.000,96.000,-460.000,0.000,-81.000,-125.000,-21.000,1.000,1.000,"7162,96,-460,0,-81,-125,-21,1,1"
2026-08-01 05:18:05.312888,101.214,915,7177.000,-73.000,-566.000,0.000,-69.000,-180.000,-111.000,1.000,1.000,"7177,-73,-566,0,-69,-180,-111,1,1"
2026-08-01 05:18:05.417658,101.318,916,7195.000,-410.000,-767.000,0.000,-85.000,-180.000,-180.000,1.000,1.000,"7195,-410,-767,0,-85,-180,-180,1,1"
2026-08-01 05:18:05.520802,101.422,917,7213.000,-434.000,-935.000,0.000,-82.000,-180.000,-180.000,1.000,1.000,"7213,-434,-935,0,-82,-180,-180,1,1"
2026-08-01 05:18:05.624390,101.525,918,7231.000,-555.000,-1050.000,0.000,-72.000,-180.000,-180.000,1.000,1.000,"7231,-555,-1050,0,-72,-180,-180,1,1"
2026-08-01 05:18:05.728161,101.629,919,7249.000,-676.000,-1172.000,0.000,-67.000,-180.000,-180.000,1.000,1.000,"7249,-676,-1172,0,-67,-180,-180,1,1"
2026-08-01 05:18:05.831740,101.733,920,7267.000,-748.000,-1273.000,0.000,-59.000,-180.000,-180.000,1.000,1.000,"7267,-748,-1273,0,-59,-180,-180,1,1"
2026-08-01 05:18:05.935603,101.836,921,7285.000,-808.000,-1348.000,0.000,-49.000,-180.000,-180.000,1.000,1.000,"7285,-808,-1348,0,-49,-180,-180,1,1"
2026-08-01 05:18:06.039209,101.940,922,7303.000,-808.000,-1385.000,0.000,-36.000,-180.000,-180.000,1.000,1.000,"7303,-808,-1385,0,-36,-180,-180,1,1"
2026-08-01 05:18:06.142953,102.044,923,7321.000,-808.000,-1403.000,0.000,-24.000,-180.000,-180.000,1.000,1.000,"7321,-808,-1403,0,-24,-180,-180,1,1"
2026-08-01 05:18:06.246554,102.147,924,7339.000,-772.000,-1395.000,0.000,-11.000,-180.000,-180.000,1.000,1.000,"7339,-772,-1395,0,-11,-180,-180,1,1"
2026-08-01 05:18:06.350176,102.251,925,7357.000,-700.000,-1356.000,0.000,2.000,-180.000,-180.000,1.000,1.000,"7357,-700,-1356,0,2,-180,-180,1,1"
2026-08-01 05:18:06.454131,102.355,926,7375.000,-615.000,-1290.000,0.000,15.000,-180.000,-180.000,1.000,1.000,"7375,-615,-1290,0,15,-180,-180,1,1"
2026-08-01 05:18:06.557668,102.458,927,7393.000,-507.000,-1206.000,0.000,27.000,-180.000,-180.000,1.000,1.000,"7393,-507,-1206,0,27,-180,-180,1,1"
2026-08-01 05:18:06.661411,102.562,928,7411.000,-386.000,-1123.000,0.000,33.000,-180.000,-180.000,1.000,1.000,"7411,-386,-1123,0,33,-180,-180,1,1"
2026-08-01 05:18:06.765306,102.666,929,7429.000,-266.000,-1015.000,0.000,42.000,-180.000,-180.000,1.000,1.000,"7429,-266,-1015,0,42,-180,-180,1,1"
2026-08-01 05:18:06.868712,102.770,930,7446.000,-97.000,-886.000,0.000,51.000,-180.000,-180.000,1.000,1.000,"7446,-97,-886,0,51,-180,-180,1,1"
2026-08-01 05:18:06.971921,102.873,931,7459.000,72.000,-737.000,0.000,61.000,-180.000,-180.000,1.000,1.000,"7459,72,-737,0,61,-180,-180,1,1"
2026-08-01 05:18:07.076904,102.978,932,7474.000,192.000,-538.000,0.000,75.000,-180.000,-180.000,1.000,1.000,"7474,192,-538,0,75,-180,-180,1,1"
2026-08-01 05:18:07.179832,103.081,933,7485.000,385.000,-367.000,0.000,79.000,-180.000,-180.000,1.000,1.000,"7485,385,-367,0,79,-180,-180,1,1"
2026-08-01 05:18:07.284840,103.186,934,7504.000,-338.000,-510.000,0.000,3.000,-180.000,-180.000,1.000,1.000,"7504,-338,-510,0,3,-180,-180,1,1"
2026-08-01 05:18:07.387532,103.288,935,7517.000,747.000,-149.000,0.000,79.000,-180.000,-180.000,1.000,1.000,"7517,747,-149,0,79,-180,-180,1,1"
2026-08-01 05:18:07.491330,103.392,936,7532.000,916.000,107.000,0.000,99.000,-180.000,-180.000,1.000,1.000,"7532,916,107,0,99,-180,-180,1,1"
2026-08-01 05:18:07.593948,103.495,937,7550.000,1120.000,324.000,0.000,102.000,-49.000,-90.000,1.000,1.000,"7550,1120,324,0,102,-49,-90,1,1"
2026-08-01 05:18:07.698736,103.600,938,7568.000,1253.000,508.000,0.000,97.000,115.000,0.000,1.000,1.000,"7568,1253,508,0,97,115,0,1,1"
2026-08-01 05:18:07.801866,103.703,939,7586.000,1253.000,586.000,0.000,71.000,180.000,90.000,1.000,1.000,"7586,1253,586,0,71,180,90,1,1"
2026-08-01 05:18:07.905269,103.806,940,7604.000,1217.000,607.000,0.000,43.000,180.000,180.000,1.000,1.000,"7604,1217,607,0,43,180,180,1,1"
2026-08-01 05:18:08.010081,103.911,941,7622.000,1181.000,586.000,0.000,20.000,180.000,180.000,1.000,1.000,"7622,1181,586,0,20,180,180,1,1"
2026-08-01 05:18:08.113228,104.014,942,7640.000,1133.000,556.000,0.000,4.000,180.000,180.000,1.000,1.000,"7640,1133,556,0,4,180,180,1,1"
2026-08-01 05:18:08.216555,104.117,943,7658.000,1084.000,517.000,0.000,-6.000,180.000,180.000,1.000,1.000,"7658,1084,517,0,-6,180,180,1,1"
2026-08-01 05:18:08.319552,104.220,944,7676.000,1000.000,447.000,0.000,-18.000,180.000,180.000,1.000,1.000,"7676,1000,447,0,-18,180,180,1,1"
2026-08-01 05:18:08.424562,104.325,945,7691.000,916.000,371.000,0.000,-26.000,180.000,180.000,1.000,1.000,"7691,916,371,0,-26,180,180,1,1"
2026-08-01 05:18:08.528062,104.429,946,7706.000,795.000,272.000,0.000,-36.000,180.000,180.000,1.000,1.000,"7706,795,272,0,-36,180,180,1,1"
2026-08-01 05:18:08.631851,104.533,947,7721.000,650.000,144.000,0.000,-48.000,180.000,180.000,1.000,1.000,"7721,650,144,0,-48,180,180,1,1"
2026-08-01 05:18:08.735675,104.636,948,7736.000,506.000,6.000,0.000,-56.000,175.000,175.000,1.000,1.000,"7736,506,6,0,-56,175,175,1,1"
2026-08-01 05:18:08.838219,104.739,949,7751.000,337.000,-143.000,0.000,-64.000,78.000,85.000,1.000,1.000,"7751,337,-143,0,-64,78,85,1,1"
2026-08-01 05:18:08.941647,104.842,950,7767.000,-37.000,-381.000,0.000,-89.000,-35.000,-5.000,1.000,1.000,"7767,-37,-381,0,-89,-35,-5,1,1"
2026-08-01 05:18:09.045102,104.946,951,7780.000,-49.000,-530.000,0.000,-82.000,-176.000,-95.000,1.000,1.000,"7780,-49,-530,0,-82,-176,-95,1,1"
2026-08-01 05:18:09.149007,105.050,952,7798.000,-242.000,-701.000,0.000,-83.000,-180.000,-180.000,1.000,1.000,"7798,-242,-701,0,-83,-180,-180,1,1"
2026-08-01 05:18:09.252890,105.154,953,7816.000,-555.000,-954.000,0.000,-101.000,-180.000,-180.000,1.000,1.000,"7816,-555,-954,0,-101,-180,-180,1,1"
2026-08-01 05:18:09.356382,105.257,954,7834.000,-338.000,-950.000,0.000,-56.000,-180.000,-180.000,1.000,1.000,"7834,-338,-950,0,-56,-180,-180,1,1"
2026-08-01 05:18:09.460163,105.361,955,7852.000,-350.000,-952.000,0.000,-32.000,-180.000,-180.000,1.000,1.000,"7852,-350,-952,0,-32,-180,-180,1,1"
2026-08-01 05:18:09.564122,105.465,956,7870.000,-338.000,-949.000,0.000,-17.000,-180.000,-180.000,1.000,1.000,"7870,-338,-949,0,-17,-180,-180,1,1"
2026-08-01 05:18:09.667845,105.569,957,7888.000,-338.000,-948.000,0.000,-9.000,-180.000,-180.000,1.000,1.000,"7888,-338,-948,0,-9,-180,-180,1,1"
2026-08-01 05:18:09.771472,105.672,958,7906.000,-326.000,-1069.000,0.000,-23.000,-180.000,-180.000,1.000,1.000,"7906,-326,-1069,0,-23,-180,-180,1,1"
2026-08-01 05:18:09.874859,105.776,959,7924.000,-338.000,-998.000,0.000,1.000,-180.000,-180.000,1.000,1.000,"7924,-338,-998,0,1,-180,-180,1,1"
2026-08-01 05:18:09.978624,105.879,960,7942.000,-338.000,-968.000,0.000,7.000,-180.000,-180.000,1.000,1.000,"7942,-338,-968,0,7,-180,-180,1,1"
2026-08-01 05:18:10.082445,105.983,961,7960.000,-338.000,-956.000,0.000,6.000,-180.000,-180.000,1.000,1.000,"7960,-338,-956,0,6,-180,-180,1,1"
2026-08-01 05:18:10.186111,106.087,962,7978.000,-338.000,-950.000,0.000,4.000,-180.000,-180.000,1.000,1.000,"7978,-338,-950,0,4,-180,-180,1,1"
2026-08-01 05:18:10.290119,106.191,963,7996.000,-338.000,-948.000,0.000,3.000,-180.000,-180.000,1.000,1.000,"7996,-338,-948,0,3,-180,-180,1,1"
2026-08-01 05:18:10.393406,106.294,964,8014.000,-350.000,-951.000,0.000,0.000,-180.000,-180.000,1.000,1.000,"8014,-350,-951,0,0,-180,-180,1,1"
2026-08-01 05:18:10.497675,106.398,965,8032.000,-338.000,-979.000,0.000,-3.000,-180.000,-180.000,1.000,1.000,"8032,-338,-979,0,-3,-180,-180,1,1"
2026-08-01 05:18:10.601092,106.502,966,8050.000,-278.000,-936.000,0.000,7.000,-180.000,-180.000,1.000,1.000,"8050,-278,-936,0,7,-180,-180,1,1"
2026-08-01 05:18:10.704721,106.606,967,8067.000,-97.000,-817.000,0.000,30.000,-180.000,-180.000,1.000,1.000,"8067,-97,-817,0,30,-180,-180,1,1"
2026-08-01 05:18:10.807750,106.709,968,8080.000,96.000,-663.000,0.000,51.000,-180.000,-180.000,1.000,1.000,"8080,96,-663,0,51,-180,-180,1,1"
2026-08-01 05:18:10.912156,106.813,969,8096.000,433.000,-557.000,0.000,61.000,-180.000,-180.000,1.000,1.000,"8096,433,-557,0,61,-180,-180,1,1"
2026-08-01 05:18:11.016045,106.917,970,8112.000,494.000,-491.000,0.000,59.000,-180.000,-180.000,1.000,1.000,"8112,494,-491,0,59,-180,-180,1,1"
2026-08-01 05:18:11.120525,107.021,971,8129.000,699.000,-391.000,0.000,68.000,-180.000,-180.000,1.000,1.000,"8129,699,-391,0,68,-180,-180,1,1"
2026-08-01 05:18:11.223358,107.124,972,8144.000,891.000,-18.000,0.000,118.000,-180.000,-180.000,1.000,1.000,"8144,891,-18,0,118,-180,-180,1,1"
2026-08-01 05:18:11.328222,107.229,973,8160.000,1060.000,236.000,0.000,121.000,-176.000,-176.000,1.000,1.000,"8160,1060,236,0,121,-176,-176,1,1"
2026-08-01 05:18:11.430765,107.332,974,8178.000,-338.000,-118.000,0.000,-25.000,-16.000,-86.000,1.000,1.000,"8178,-338,-118,0,-25,-16,-86,1,1"
2026-08-01 05:18:11.534600,107.435,975,8196.000,1253.000,321.000,0.000,78.000,21.000,4.000,1.000,1.000,"8196,1253,321,0,78,21,4,1,1"
2026-08-01 05:18:11.638737,107.540,976,8214.000,1181.000,471.000,0.000,75.000,150.000,94.000,1.000,1.000,"8214,1181,471,0,75,150,94,1,1"
2026-08-01 05:18:11.741375,107.642,977,8232.000,1181.000,535.000,0.000,55.000,180.000,180.000,1.000,1.000,"8232,1181,535,0,55,180,180,1,1"
2026-08-01 05:18:11.845884,107.747,978,8250.000,1133.000,534.000,0.000,30.000,180.000,180.000,1.000,1.000,"8250,1133,534,0,30,180,180,1,1"
2026-08-01 05:18:11.948961,107.850,979,8268.000,1084.000,508.000,0.000,11.000,180.000,180.000,1.000,1.000,"8268,1084,508,0,11,180,180,1,1"
2026-08-01 05:18:12.052897,107.954,980,8286.000,1012.000,458.000,0.000,-4.000,180.000,180.000,1.000,1.000,"8286,1012,458,0,-4,180,180,1,1"
2026-08-01 05:18:12.157290,108.058,981,8301.000,928.000,388.000,0.000,-18.000,180.000,180.000,1.000,1.000,"8301,928,388,0,-18,180,180,1,1"
2026-08-01 05:18:12.259935,108.161,982,8316.000,831.000,306.000,0.000,-28.000,180.000,180.000,1.000,1.000,"8316,831,306,0,-28,180,180,1,1"
2026-08-01 05:18:12.363816,108.265,983,8331.000,687.000,193.000,0.000,-41.000,180.000,180.000,1.000,1.000,"8331,687,193,0,-41,180,180,1,1"
2026-08-01 05:18:12.467410,108.368,984,8346.000,458.000,43.000,0.000,-57.000,180.000,180.000,1.000,1.000,"8346,458,43,0,-57,180,180,1,1"
2026-08-01 05:18:12.572197,108.473,985,8362.000,397.000,-84.000,0.000,-60.000,114.000,116.000,1.000,1.000,"8362,397,-84,0,-60,114,116,1,1"
2026-08-01 05:18:12.674870,108.576,986,8379.000,216.000,-388.000,0.000,-91.000,-36.000,26.000,1.000,1.000,"8379,216,-388,0,-91,-36,26,1,1"
2026-08-01 05:18:12.778246,108.679,987,8393.000,-109.000,-551.000,0.000,-87.000,-178.000,-64.000,1.000,1.000,"8393,-109,-551,0,-87,-178,-64,1,1"
2026-08-01 05:18:12.882327,108.783,988,8409.000,-157.000,-642.000,0.000,-70.000,-180.000,-154.000,1.000,1.000,"8409,-157,-642,0,-70,-180,-154,1,1"
2026-08-01 05:18:12.985774,108.887,989,8427.000,-350.000,-795.000,0.000,-73.000,-180.000,-180.000,1.000,1.000,"8427,-350,-795,0,-73,-180,-180,1,1"
2026-08-01 05:18:13.089601,108.990,990,8445.000,-639.000,-996.000,0.000,-87.000,-180.000,-180.000,1.000,1.000,"8445,-639,-996,0,-87,-180,-180,1,1"
2026-08-01 05:18:13.193474,109.094,991,8463.000,-627.000,-1112.000,0.000,-75.000,-180.000,-180.000,1.000,1.000,"8463,-627,-1112,0,-75,-180,-180,1,1"
2026-08-01 05:18:13.298050,109.199,992,8481.000,-724.000,-1223.000,0.000,-66.000,-180.000,-180.000,1.000,1.000,"8481,-724,-1223,0,-66,-180,-180,1,1"
2026-08-01 05:18:13.400816,109.302,993,8499.000,-772.000,-1308.000,0.000,-56.000,-180.000,-180.000,1.000,1.000,"8499,-772,-1308,0,-56,-180,-180,1,1"
2026-08-01 05:18:13.504605,109.405,994,8517.000,-796.000,-1364.000,0.000,-43.000,-180.000,-180.000,1.000,1.000,"8517,-796,-1364,0,-43,-180,-180,1,1"
2026-08-01 05:18:13.608370,109.509,995,8535.000,-820.000,-1401.000,0.000,-32.000,-180.000,-180.000,1.000,1.000,"8535,-820,-1401,0,-32,-180,-180,1,1"
2026-08-01 05:18:13.711949,109.613,996,8553.000,-772.000,-1400.000,0.000,-17.000,-180.000,-180.000,1.000,1.000,"8553,-772,-1400,0,-17,-180,-180,1,1"
2026-08-01 05:18:13.816101,109.717,997,8571.000,-748.000,-1380.000,0.000,-5.000,-180.000,-180.000,1.000,1.000,"8571,-748,-1380,0,-5,-180,-180,1,1"
2026-08-01 05:18:13.920338,109.821,998,8589.000,-663.000,-1326.000,0.000,9.000,-180.000,-180.000,1.000,1.000,"8589,-663,-1326,0,9,-180,-180,1,1"
2026-08-01 05:18:14.023495,109.924,999,8607.000,-555.000,-1249.000,0.000,22.000,-180.000,-180.000,1.000,1.000,"8607,-555,-1249,0,22,-180,-180,1,1"
2026-08-01 05:18:14.127182,110.028,1000,8625.000,-447.000,-1137.000,0.000,36.000,-180.000,-180.000,1.000,1.000,"8625,-447,-1137,0,36,-180,-180,1,1"
2026-08-01 05:18:14.230542,110.131,1001,8643.000,-314.000,-1030.000,0.000,44.000,-180.000,-180.000,1.000,1.000,"8643,-314,-1030,0,44,-180,-180,1,1"
2026-08-01 05:18:17.484667,113.385,1002,501.000,1012.000,14.000,0.000,3.000,0.000,0.000,1.000,1.000,"501,1012,14,0,3,0,0,1,1"
2026-08-01 05:18:17.588155,113.489,1003,519.000,1000.000,25.000,0.000,4.000,7.000,7.000,1.000,1.000,"519,1000,25,0,4,7,7,1,1"
2026-08-01 05:18:17.690568,113.591,1004,537.000,1000.000,27.000,0.000,2.000,13.000,13.000,1.000,1.000,"537,1000,27,0,2,13,13,1,1"
2026-08-01 05:18:17.792783,113.694,1005,554.000,988.000,26.000,0.000,1.000,18.000,18.000,1.000,1.000,"554,988,26,0,1,18,18,1,1"
2026-08-01 05:18:17.895742,113.797,1006,572.000,1000.000,28.000,0.000,0.000,19.000,19.000,1.000,1.000,"572,1000,28,0,0,19,19,1,1"
2026-08-01 05:18:17.998181,113.899,1007,590.000,1000.000,28.000,0.000,0.000,21.000,21.000,1.000,1.000,"590,1000,28,0,0,21,21,1,1"
2026-08-01 05:18:18.101504,114.002,1008,605.000,988.000,21.000,0.000,-1.000,20.000,20.000,1.000,1.000,"605,988,21,0,-1,20,20,1,1"
2026-08-01 05:18:18.203939,114.105,1009,620.000,952.000,0.000,0.000,-5.000,16.000,16.000,1.000,1.000,"620,952,0,0,-5,16,16,1,1"
2026-08-01 05:18:18.306609,114.207,1010,635.000,928.000,-22.000,0.000,-7.000,6.000,6.000,1.000,1.000,"635,928,-22,0,-7,6,6,1,1"
2026-08-01 05:18:18.409593,114.310,1011,650.000,879.000,-59.000,0.000,-12.000,-10.000,-10.000,1.000,1.000,"650,879,-59,0,-12,-10,-10,1,1"
2026-08-01 05:18:18.514131,114.415,1012,665.000,855.000,-89.000,0.000,-13.000,-30.000,-30.000,1.000,1.000,"665,855,-89,0,-13,-30,-30,1,1"
2026-08-01 05:18:18.618225,114.519,1013,680.000,771.000,-142.000,0.000,-19.000,-55.000,-55.000,1.000,1.000,"680,771,-142,0,-19,-55,-55,1,1"
2026-08-01 05:18:18.720978,114.622,1014,695.000,711.000,-204.000,0.000,-24.000,-90.000,-90.000,1.000,1.000,"695,711,-204,0,-24,-90,-90,1,1"
2026-08-01 05:18:18.824709,114.726,1015,710.000,650.000,-266.000,0.000,-27.000,-131.000,-131.000,1.000,1.000,"710,650,-266,0,-27,-131,-131,1,1"
2026-08-01 05:18:18.927942,114.829,1016,725.000,578.000,-334.000,0.000,-29.000,-177.000,-177.000,1.000,1.000,"725,578,-334,0,-29,-177,-177,1,1"
2026-08-01 05:18:19.031663,114.932,1017,740.000,506.000,-404.000,0.000,-32.000,-180.000,-180.000,1.000,1.000,"740,506,-404,0,-32,-180,-180,1,1"
2026-08-01 05:18:19.135439,115.036,1018,755.000,470.000,-457.000,0.000,-29.000,-180.000,-180.000,1.000,1.000,"755,470,-457,0,-29,-180,-180,1,1"
2026-08-01 05:18:19.239204,115.140,1019,770.000,385.000,-520.000,0.000,-30.000,-180.000,-180.000,1.000,1.000,"770,385,-520,0,-30,-180,-180,1,1"
2026-08-01 05:18:19.342923,115.244,1020,785.000,361.000,-566.000,0.000,-27.000,-180.000,-180.000,1.000,1.000,"785,361,-566,0,-27,-180,-180,1,1"
2026-08-01 05:18:19.446691,115.348,1021,800.000,337.000,-600.000,0.000,-22.000,-180.000,-180.000,1.000,1.000,"800,337,-600,0,-22,-180,-180,1,1"
2026-08-01 05:18:19.550382,115.451,1022,815.000,325.000,-626.000,0.000,-18.000,-180.000,-180.000,1.000,1.000,"815,325,-626,0,-18,-180,-180,1,1"
2026-08-01 05:18:19.653982,115.555,1023,830.000,337.000,-630.000,0.000,-11.000,-180.000,-180.000,1.000,1.000,"830,337,-630,0,-11,-180,-180,1,1"
2026-08-01 05:18:19.757600,115.658,1024,845.000,337.000,-635.000,0.000,-7.000,-180.000,-180.000,1.000,1.000,"845,337,-635,0,-7,-180,-180,1,1"
2026-08-01 05:18:19.862359,115.763,1025,860.000,373.000,-621.000,0.000,0.000,-180.000,-180.000,1.000,1.000,"860,373,-621,0,0,-180,-180,1,1"
2026-08-01 05:18:19.966046,115.867,1026,875.000,385.000,-606.000,0.000,3.000,-180.000,-180.000,1.000,1.000,"875,385,-606,0,3,-180,-180,1,1"
2026-08-01 05:18:20.069721,115.971,1027,890.000,433.000,-572.000,0.000,9.000,-180.000,-180.000,1.000,1.000,"890,433,-572,0,9,-180,-180,1,1"
2026-08-01 05:18:20.172767,116.074,1028,905.000,482.000,-529.000,0.000,14.000,-180.000,-180.000,1.000,1.000,"905,482,-529,0,14,-180,-180,1,1"
2026-08-01 05:18:20.275420,116.176,1029,920.000,506.000,-497.000,0.000,15.000,-180.000,-180.000,1.000,1.000,"920,506,-497,0,15,-180,-180,1,1"
2026-08-01 05:18:20.380262,116.281,1030,935.000,566.000,-455.000,0.000,18.000,-180.000,-180.000,1.000,1.000,"935,566,-455,0,18,-180,-180,1,1"
2026-08-01 05:18:20.483892,116.385,1031,950.000,602.000,-410.000,0.000,20.000,-180.000,-180.000,1.000,1.000,"950,602,-410,0,20,-180,-180,1,1"
2026-08-01 05:18:20.588116,116.489,1032,965.000,674.000,-353.000,0.000,23.000,-180.000,-180.000,1.000,1.000,"965,674,-353,0,23,-180,-180,1,1"
2026-08-01 05:18:20.690802,116.592,1033,980.000,711.000,-307.000,0.000,23.000,-180.000,-180.000,1.000,1.000,"980,711,-307,0,23,-180,-180,1,1"
2026-08-01 05:18:20.794222,116.695,1034,995.000,747.000,-267.000,0.000,22.000,-180.000,-180.000,1.000,1.000,"995,747,-267,0,22,-180,-180,1,1"
2026-08-01 05:18:20.899130,116.800,1035,1010.000,819.000,-214.000,0.000,24.000,-180.000,-180.000,1.000,1.000,"1010,819,-214,0,24,-180,-180,1,1"
2026-08-01 05:18:21.002359,116.903,1036,1025.000,867.000,-158.000,0.000,26.000,-180.000,-180.000,1.000,1.000,"1025,867,-158,0,26,-180,-180,1,1"
2026-08-01 05:18:21.106303,117.007,1037,1040.000,903.000,-114.000,0.000,24.000,-165.000,-165.000,1.000,1.000,"1040,903,-114,0,24,-165,-165,1,1"
2026-08-01 05:18:21.208953,117.110,1038,1055.000,928.000,-75.000,0.000,22.000,-127.000,-127.000,1.000,1.000,"1055,928,-75,0,22,-127,-127,1,1"
2026-08-01 05:18:21.314334,117.215,1039,1070.000,964.000,-38.000,0.000,20.000,-92.000,-92.000,1.000,1.000,"1070,964,-38,0,20,-92,-92,1,1"
2026-08-01 05:18:21.418657,117.319,1040,1088.000,1024.000,11.000,0.000,22.000,-57.000,-57.000,1.000,1.000,"1088,1024,11,0,22,-57,-57,1,1"
2026-08-01 05:18:21.521588,117.422,1041,1106.000,1048.000,46.000,0.000,20.000,-23.000,-23.000,1.000,1.000,"1106,1048,46,0,20,-23,-23,1,1"
2026-08-01 05:18:21.625232,117.526,1042,1124.000,1084.000,76.000,0.000,18.000,6.000,6.000,1.000,1.000,"1124,1084,76,0,18,6,6,1,1"
2026-08-01 05:18:21.727921,117.629,1043,1142.000,1084.000,97.000,0.000,14.000,34.000,34.000,1.000,1.000,"1142,1084,97,0,14,34,34,1,1"
2026-08-01 05:18:21.830355,117.731,1044,1160.000,1084.000,106.000,0.000,10.000,54.000,54.000,1.000,1.000,"1160,1084,106,0,10,54,54,1,1"
2026-08-01 05:18:21.934620,117.835,1045,1178.000,1060.000,101.000,0.000,4.000,68.000,68.000,1.000,1.000,"1178,1060,101,0,4,68,68,1,1"
2026-08-01 05:18:22.036689,117.938,1046,1196.000,1036.000,86.000,0.000,-1.000,72.000,72.000,1.000,1.000,"1196,1036,86,0,-1,72,72,1,1"
2026-08-01 05:18:22.139833,118.041,1047,1214.000,1000.000,55.000,0.000,-7.000,66.000,66.000,1.000,1.000,"1214,1000,55,0,-7,66,66,1,1"
2026-08-01 05:18:22.242092,118.143,1048,1229.000,916.000,22.000,0.000,-11.000,51.000,51.000,1.000,1.000,"1229,916,22,0,-11,51,51,1,1"
2026-08-01 05:18:22.346024,118.247,1049,1239.000,891.000,-31.000,0.000,-18.000,29.000,29.000,1.000,1.000,"1239,891,-31,0,-18,29,29,1,1"
2026-08-01 05:18:22.447889,118.349,1050,1254.000,819.000,-90.000,0.000,-23.000,-2.000,-2.000,1.000,1.000,"1254,819,-90,0,-23,-2,-2,1,1"
2026-08-01 05:18:22.549883,118.451,1051,1269.000,723.000,-170.000,0.000,-30.000,-43.000,-43.000,1.000,1.000,"1269,723,-170,0,-30,-43,-43,1,1"
2026-08-01 05:18:22.653507,118.554,1052,1284.000,638.000,-253.000,0.000,-35.000,-95.000,-95.000,1.000,1.000,"1284,638,-253,0,-35,-95,-95,1,1"
2026-08-01 05:18:22.758053,118.659,1053,1299.000,554.000,-342.000,0.000,-39.000,-156.000,-156.000,1.000,1.000,"1299,554,-342,0,-39,-156,-156,1,1"
2026-08-01 05:18:22.861470,118.762,1054,1314.000,433.000,-444.000,0.000,-44.000,-180.000,-180.000,1.000,1.000,"1314,433,-444,0,-44,-180,-180,1,1"
2026-08-01 05:18:22.965245,118.866,1055,1329.000,325.000,-549.000,0.000,-47.000,-180.000,-180.000,1.000,1.000,"1329,325,-549,0,-47,-180,-180,1,1"
2026-08-01 05:18:23.069104,118.970,1056,1344.000,241.000,-642.000,0.000,-47.000,-180.000,-180.000,1.000,1.000,"1344,241,-642,0,-47,-180,-180,1,1"
2026-08-01 05:18:23.172858,119.074,1057,1359.000,144.000,-741.000,0.000,-47.000,-180.000,-180.000,1.000,1.000,"1359,144,-741,0,-47,-180,-180,1,1"
2026-08-01 05:18:23.276352,119.177,1058,1373.000,96.000,-812.000,0.000,-42.000,-180.000,-180.000,1.000,1.000,"1373,96,-812,0,-42,-180,-180,1,1"
2026-08-01 05:18:23.380198,119.281,1059,1385.000,60.000,-869.000,0.000,-35.000,-180.000,-180.000,1.000,1.000,"1385,60,-869,0,-35,-180,-180,1,1"
2026-08-01 05:18:23.483887,119.385,1060,1397.000,36.000,-907.000,0.000,-28.000,-180.000,-180.000,1.000,1.000,"1397,36,-907,0,-28,-180,-180,1,1"
2026-08-01 05:18:23.587512,119.488,1061,1409.000,24.000,-930.000,0.000,-20.000,-180.000,-180.000,1.000,1.000,"1409,24,-930,0,-20,-180,-180,1,1"
2026-08-01 05:18:23.691218,119.592,1062,1421.000,48.000,-928.000,0.000,-11.000,-180.000,-180.000,1.000,1.000,"1421,48,-928,0,-11,-180,-180,1,1"
2026-08-01 05:18:23.794566,119.695,1063,1433.000,84.000,-912.000,0.000,-2.000,-180.000,-180.000,1.000,1.000,"1433,84,-912,0,-2,-180,-180,1,1"
2026-08-01 05:18:23.898256,119.799,1064,1447.000,120.000,-877.000,0.000,6.000,-180.000,-180.000,1.000,1.000,"1447,120,-877,0,6,-180,-180,1,1"
2026-08-01 05:18:24.002589,119.903,1065,1462.000,192.000,-831.000,0.000,13.000,-180.000,-180.000,1.000,1.000,"1462,192,-831,0,13,-180,-180,1,1"
2026-08-01 05:18:24.106382,120.007,1066,1477.000,241.000,-778.000,0.000,19.000,-180.000,-180.000,1.000,1.000,"1477,241,-778,0,19,-180,-180,1,1"
