timestamp,time_s,line_index,rx,raw,ball,target,vel,cmd,rod,lost,run,raw_text
2026-08-01 05:47:57.094427,0.000,1,9379.000,783.000,12.000,0.000,102.000,-180.000,-180.000,0.000,1.000,"9379,783,12,0,102,-180,-180,0,1"
2026-08-01 05:47:57.198081,0.104,2,9394.000,831.000,175.000,0.000,93.000,-139.000,-139.000,0.000,1.000,"9394,831,175,0,93,-139,-139,0,1"
2026-08-01 05:47:57.302944,0.209,3,9410.000,1012.000,348.000,0.000,89.000,8.000,-49.000,0.000,1.000,"9410,1012,348,0,89,8,-49,0,1"
2026-08-01 05:48:02.024925,4.930,4,719.000,301.000,313.000,0.000,78.000,15.000,15.000,0.000,1.000,"719,301,313,0,78,15,15,0,1"
2026-08-01 05:48:02.127065,5.033,5,732.000,325.000,661.000,0.000,118.000,175.000,105.000,0.000,1.000,"732,325,661,0,118,175,105,0,1"
2026-08-01 05:48:02.231214,5.137,6,747.000,373.000,836.000,0.000,103.000,180.000,180.000,0.000,1.000,"747,373,836,0,103,180,180,0,1"
2026-08-01 05:48:02.334689,5.240,7,762.000,385.000,919.000,0.000,76.000,180.000,180.000,0.000,1.000,"762,385,919,0,76,180,180,0,1"
2026-08-01 05:48:02.437359,5.343,8,777.000,397.000,962.000,0.000,51.000,180.000,180.000,0.000,1.000,"777,397,962,0,51,180,180,0,1"
2026-08-01 05:48:02.539870,5.445,9,792.000,397.000,982.000,0.000,33.000,180.000,180.000,0.000,1.000,"792,397,982,0,33,180,180,0,1"
2026-08-01 05:48:02.642548,5.548,10,807.000,397.000,985.000,0.000,19.000,180.000,180.000,0.000,1.000,"807,397,985,0,19,180,180,0,1"
2026-08-01 05:48:02.745832,5.651,11,822.000,385.000,983.000,0.000,10.000,180.000,180.000,0.000,1.000,"822,385,983,0,10,180,180,0,1"
2026-08-01 05:48:02.848105,5.754,12,837.000,337.000,959.000,0.000,0.000,180.000,180.000,0.000,1.000,"837,337,959,0,0,180,180,0,1"
2026-08-01 05:48:02.951138,5.857,13,852.000,289.000,921.000,0.000,-7.000,180.000,180.000,0.000,1.000,"852,289,921,0,-7,180,180,0,1"
2026-08-01 05:48:03.053809,5.959,14,867.000,228.000,871.000,0.000,-15.000,180.000,180.000,0.000,1.000,"867,228,871,0,-15,180,180,0,1"
2026-08-01 05:48:03.157914,6.063,15,882.000,144.000,800.000,0.000,-24.000,180.000,180.000,0.000,1.000,"882,144,800,0,-24,180,180,0,1"
2026-08-01 05:48:03.262352,6.168,16,895.000,72.000,729.000,0.000,-28.000,180.000,180.000,0.000,1.000,"895,72,729,0,-28,180,180,0,1"
2026-08-01 05:48:03.364877,6.270,17,908.000,-13.000,647.000,0.000,-33.000,180.000,180.000,0.000,1.000,"908,-13,647,0,-33,180,180,0,1"
2026-08-01 05:48:03.467752,6.373,18,924.000,-109.000,560.000,0.000,-37.000,180.000,180.000,0.000,1.000,"924,-109,560,0,-37,180,180,0,1"
2026-08-01 05:48:03.571473,6.477,19,942.000,-218.000,460.000,0.000,-42.000,180.000,180.000,0.000,1.000,"942,-218,460,0,-42,180,180,0,1"
2026-08-01 05:48:03.675803,6.581,20,960.000,-338.000,354.000,0.000,-47.000,180.000,180.000,0.000,1.000,"960,-338,354,0,-47,180,180,0,1"
2026-08-01 05:48:03.779689,6.685,21,978.000,-434.000,248.000,0.000,-49.000,180.000,180.000,0.000,1.000,"978,-434,248,0,-49,180,180,0,1"
2026-08-01 05:48:03.882629,6.788,22,996.000,-555.000,139.000,0.000,-51.000,180.000,180.000,0.000,1.000,"996,-555,139,0,-51,180,180,0,1"
2026-08-01 05:48:03.986625,6.892,23,1014.000,-651.000,38.000,0.000,-51.000,180.000,180.000,0.000,1.000,"1014,-651,38,0,-51,180,180,0,1"
2026-08-01 05:48:04.088830,6.994,24,1032.000,-748.000,-63.000,0.000,-50.000,101.000,101.000,0.000,1.000,"1032,-748,-63,0,-50,101,101,0,1"
2026-08-01 05:48:04.194334,7.100,25,1050.000,-820.000,-150.000,0.000,-47.000,21.000,21.000,0.000,1.000,"1050,-820,-150,0,-47,21,21,0,1"
2026-08-01 05:48:04.297517,7.203,26,1068.000,-893.000,-229.000,0.000,-43.000,-52.000,-52.000,0.000,1.000,"1068,-893,-229,0,-43,-52,-52,0,1"
2026-08-01 05:48:04.401075,7.307,27,1086.000,-989.000,-307.000,0.000,-42.000,-119.000,-119.000,0.000,1.000,"1086,-989,-307,0,-42,-119,-119,0,1"
2026-08-01 05:48:04.505358,7.411,28,1107.000,-1037.000,-379.000,0.000,-39.000,-180.000,-180.000,0.000,1.000,"1107,-1037,-379,0,-39,-180,-180,0,1"
2026-08-01 05:48:04.608597,7.514,29,1128.000,-1025.000,-410.000,0.000,-28.000,-180.000,-180.000,0.000,1.000,"1128,-1025,-410,0,-28,-180,-180,0,1"
2026-08-01 05:48:04.712306,7.618,30,1149.000,-1025.000,-421.000,0.000,-18.000,-180.000,-180.000,0.000,1.000,"1149,-1025,-421,0,-18,-180,-180,0,1"
2026-08-01 05:48:04.815994,7.722,31,1170.000,-1049.000,-434.000,0.000,-13.000,-180.000,-180.000,0.000,1.000,"1170,-1049,-434,0,-13,-180,-180,0,1"
2026-08-01 05:48:04.919391,7.825,32,1190.000,-989.000,-421.000,0.000,-4.000,-180.000,-180.000,0.000,1.000,"1190,-989,-421,0,-4,-180,-180,0,1"
2026-08-01 05:48:05.023140,7.929,33,1208.000,-917.000,-374.000,0.000,8.000,-180.000,-180.000,0.000,1.000,"1208,-917,-374,0,8,-180,-180,0,1"
2026-08-01 05:48:05.126978,8.033,34,1226.000,-820.000,-304.000,0.000,20.000,-180.000,-180.000,0.000,1.000,"1226,-820,-304,0,20,-180,-180,0,1"
2026-08-01 05:48:05.230867,8.136,35,1244.000,-700.000,-207.000,0.000,33.000,-180.000,-180.000,0.000,1.000,"1244,-700,-207,0,33,-180,-180,0,1"
2026-08-01 05:48:05.334299,8.240,36,1262.000,-555.000,-85.000,0.000,45.000,-180.000,-180.000,0.000,1.000,"1262,-555,-85,0,45,-180,-180,0,1"
2026-08-01 05:48:05.437381,8.343,37,1280.000,-386.000,62.000,0.000,58.000,-125.000,-125.000,0.000,1.000,"1280,-386,62,0,58,-125,-125,0,1"
2026-08-01 05:48:05.542105,8.448,38,1298.000,-218.000,217.000,0.000,67.000,-27.000,-35.000,0.000,1.000,"1298,-218,217,0,67,-27,-35,0,1"
2026-08-01 05:48:05.646269,8.552,39,1314.000,-37.000,387.000,0.000,75.000,83.000,55.000,0.000,1.000,"1314,-37,387,0,75,83,55,0,1"
2026-08-01 05:48:05.748939,8.655,40,1327.000,168.000,572.000,0.000,83.000,180.000,145.000,0.000,1.000,"1327,168,572,0,83,180,145,0,1"
2026-08-01 05:48:05.852534,8.758,41,1342.000,361.000,761.000,0.000,89.000,180.000,180.000,0.000,1.000,"1342,361,761,0,89,180,180,0,1"
2026-08-01 05:48:05.955931,8.861,42,1357.000,518.000,940.000,0.000,89.000,180.000,180.000,0.000,1.000,"1357,518,940,0,89,180,180,0,1"
2026-08-01 05:48:06.059784,8.965,43,1372.000,674.000,1108.000,0.000,87.000,180.000,180.000,0.000,1.000,"1372,674,1108,0,87,180,180,0,1"
2026-08-01 05:48:06.163468,9.069,44,1387.000,807.000,1256.000,0.000,81.000,180.000,180.000,0.000,1.000,"1387,807,1256,0,81,180,180,0,1"
2026-08-01 05:48:06.267185,9.173,45,1402.000,891.000,1384.000,0.000,73.000,180.000,180.000,0.000,1.000,"1402,891,1384,0,73,180,180,0,1"
2026-08-01 05:48:06.370800,9.276,46,1417.000,952.000,1464.000,0.000,59.000,180.000,180.000,0.000,1.000,"1417,952,1464,0,59,180,180,0,1"
2026-08-01 05:48:06.475290,9.381,47,1432.000,964.000,1519.000,0.000,44.000,180.000,180.000,0.000,1.000,"1432,964,1519,0,44,180,180,0,1"
2026-08-01 05:48:06.577312,9.483,48,1450.000,1012.000,1568.000,0.000,35.000,180.000,180.000,0.000,1.000,"1450,1012,1568,0,35,180,180,0,1"
2026-08-01 05:48:06.682467,9.588,49,1467.000,964.000,1574.000,0.000,20.000,180.000,180.000,0.000,1.000,"1467,964,1574,0,20,180,180,0,1"
2026-08-01 05:48:06.785608,9.691,50,1482.000,952.000,1561.000,0.000,8.000,180.000,180.000,0.000,1.000,"1482,952,1561,0,8,180,180,0,1"
2026-08-01 05:48:06.889963,9.796,51,1497.000,891.000,1527.000,0.000,-2.000,180.000,180.000,0.000,1.000,"1497,891,1527,0,-2,180,180,0,1"
2026-08-01 05:48:06.992443,9.898,52,1512.000,807.000,1469.000,0.000,-14.000,180.000,180.000,0.000,1.000,"1512,807,1469,0,-14,180,180,0,1"
2026-08-01 05:48:07.096124,10.002,53,1527.000,687.000,1380.000,0.000,-28.000,180.000,180.000,0.000,1.000,"1527,687,1380,0,-28,180,180,0,1"
2026-08-01 05:48:07.200142,10.106,54,1542.000,554.000,1269.000,0.000,-40.000,180.000,180.000,0.000,1.000,"1542,554,1269,0,-40,180,180,0,1"
2026-08-01 05:48:07.303196,10.209,55,1557.000,409.000,1138.000,0.000,-51.000,180.000,180.000,0.000,1.000,"1557,409,1138,0,-51,180,180,0,1"
2026-08-01 05:48:07.407389,10.313,56,1572.000,289.000,1014.000,0.000,-56.000,180.000,180.000,0.000,1.000,"1572,289,1014,0,-56,180,180,0,1"
2026-08-01 05:48:07.511758,10.417,57,1587.000,108.000,859.000,0.000,-66.000,180.000,180.000,0.000,1.000,"1587,108,859,0,-66,180,180,0,1"
2026-08-01 05:48:07.616149,10.522,58,1601.000,-85.000,685.000,0.000,-75.000,180.000,180.000,0.000,1.000,"1601,-85,685,0,-75,180,180,0,1"
2026-08-01 05:48:07.718599,10.624,59,1619.000,-266.000,510.000,0.000,-81.000,180.000,180.000,0.000,1.000,"1619,-266,510,0,-81,180,180,0,1"
2026-08-01 05:48:07.821920,10.727,60,1637.000,-434.000,303.000,0.000,-89.000,180.000,180.000,0.000,1.000,"1637,-434,303,0,-89,180,180,0,1"
2026-08-01 05:48:07.926030,10.832,61,1655.000,-615.000,114.000,0.000,-90.000,180.000,180.000,0.000,1.000,"1655,-615,114,0,-90,180,180,0,1"
2026-08-01 05:48:08.029727,10.935,62,1673.000,-772.000,-31.000,0.000,-82.000,180.000,180.000,0.000,1.000,"1673,-772,-31,0,-82,180,180,0,1"
2026-08-01 05:48:08.133156,11.039,63,1691.000,-917.000,-176.000,0.000,-78.000,95.000,113.000,0.000,1.000,"1691,-917,-176,0,-78,95,113,0,1"
2026-08-01 05:48:08.237627,11.143,64,1712.000,-1025.000,-322.000,0.000,-75.000,-32.000,23.000,0.000,1.000,"1712,-1025,-322,0,-75,-32,23,0,1"
2026-08-01 05:48:08.342187,11.248,65,1733.000,-1049.000,-392.000,0.000,-57.000,-141.000,-67.000,0.000,1.000,"1733,-1049,-392,0,-57,-141,-67,0,1"
2026-08-01 05:48:08.445431,11.351,66,1754.000,-1025.000,-425.000,0.000,-39.000,-180.000,-157.000,0.000,1.000,"1754,-1025,-425,0,-39,-180,-157,0,1"
2026-08-01 05:48:08.550021,11.456,67,1775.000,-1001.000,-420.000,0.000,-20.000,-180.000,-180.000,0.000,1.000,"1775,-1001,-420,0,-20,-180,-180,0,1"
2026-08-01 05:48:08.652982,11.559,68,1789.000,-977.000,-400.000,0.000,-7.000,-180.000,-180.000,0.000,1.000,"1789,-977,-400,0,-7,-180,-180,0,1"
2026-08-01 05:48:08.756646,11.662,69,1805.000,-941.000,-365.000,0.000,3.000,-180.000,-180.000,0.000,1.000,"1805,-941,-365,0,3,-180,-180,0,1"
2026-08-01 05:48:08.860467,11.766,70,1823.000,-868.000,-311.000,0.000,13.000,-180.000,-180.000,0.000,1.000,"1823,-868,-311,0,13,-180,-180,0,1"
2026-08-01 05:48:08.963887,11.869,71,1841.000,-772.000,-238.000,0.000,23.000,-180.000,-180.000,0.000,1.000,"1841,-772,-238,0,23,-180,-180,0,1"
2026-08-01 05:48:09.067409,11.973,72,1859.000,-651.000,-143.000,0.000,33.000,-180.000,-180.000,0.000,1.000,"1859,-651,-143,0,33,-180,-180,0,1"
2026-08-01 05:48:09.171200,12.077,73,1877.000,-447.000,14.000,0.000,53.000,-148.000,-148.000,0.000,1.000,"1877,-447,14,0,53,-148,-148,0,1"
2026-08-01 05:48:09.275546,12.181,74,1895.000,-362.000,127.000,0.000,54.000,-62.000,-62.000,0.000,1.000,"1895,-362,127,0,54,-62,-62,0,1"
2026-08-01 05:48:09.378921,12.284,75,1913.000,-193.000,270.000,0.000,61.000,30.000,28.000,0.000,1.000,"1913,-193,270,0,61,30,28,0,1"
2026-08-01 05:48:09.482626,12.388,76,1928.000,-1.000,435.000,0.000,71.000,134.000,118.000,0.000,1.000,"1928,-1,435,0,71,134,118,0,1"
2026-08-01 05:48:09.584236,12.490,77,1941.000,277.000,647.000,0.000,87.000,180.000,180.000,0.000,1.000,"1941,277,647,0,87,180,180,0,1"
2026-08-01 05:48:09.688388,12.594,78,1956.000,325.000,794.000,0.000,80.000,180.000,180.000,0.000,1.000,"1956,325,794,0,80,180,180,0,1"
2026-08-01 05:48:09.792042,12.698,79,1971.000,482.000,949.000,0.000,79.000,180.000,180.000,0.000,1.000,"1971,482,949,0,79,180,180,0,1"
2026-08-01 05:48:09.896060,12.802,80,1986.000,638.000,1097.000,0.000,76.000,180.000,180.000,0.000,1.000,"1986,638,1097,0,76,180,180,0,1"
2026-08-01 05:48:09.999243,12.905,81,2001.000,723.000,1219.000,0.000,69.000,180.000,180.000,0.000,1.000,"2001,723,1219,0,69,180,180,0,1"
2026-08-01 05:48:10.103101,13.009,82,2016.000,831.000,1331.000,0.000,63.000,180.000,180.000,0.000,1.000,"2016,831,1331,0,63,180,180,0,1"
2026-08-01 05:48:10.206854,13.112,83,2031.000,879.000,1411.000,0.000,52.000,180.000,180.000,0.000,1.000,"2031,879,1411,0,52,180,180,0,1"
2026-08-01 05:48:10.310611,13.216,84,2046.000,928.000,1470.000,0.000,42.000,180.000,180.000,0.000,1.000,"2046,928,1470,0,42,180,180,0,1"
2026-08-01 05:48:10.415149,13.321,85,2061.000,903.000,1487.000,0.000,27.000,180.000,180.000,0.000,1.000,"2061,903,1487,0,27,180,180,0,1"
2026-08-01 05:48:10.518308,13.424,86,2076.000,867.000,1473.000,0.000,12.000,180.000,180.000,0.000,1.000,"2076,867,1473,0,12,180,180,0,1"
2026-08-01 05:48:10.621387,13.527,87,2091.000,843.000,1456.000,0.000,3.000,180.000,180.000,0.000,1.000,"2091,843,1456,0,3,180,180,0,1"
2026-08-01 05:48:10.724469,13.630,88,2106.000,747.000,1393.000,0.000,-11.000,180.000,180.000,0.000,1.000,"2106,747,1393,0,-11,180,180,0,1"
2026-08-01 05:48:10.827736,13.733,89,2121.000,674.000,1325.000,0.000,-21.000,180.000,180.000,0.000,1.000,"2121,674,1325,0,-21,180,180,0,1"
2026-08-01 05:48:10.933115,13.839,90,2136.000,542.000,1230.000,0.000,-32.000,180.000,180.000,0.000,1.000,"2136,542,1230,0,-32,180,180,0,1"
2026-08-01 05:48:11.035791,13.941,91,2151.000,421.000,1121.000,0.000,-42.000,180.000,180.000,0.000,1.000,"2151,421,1121,0,-42,180,180,0,1"
2026-08-01 05:48:11.139989,14.046,92,2166.000,289.000,995.000,0.000,-51.000,180.000,180.000,0.000,1.000,"2166,289,995,0,-51,180,180,0,1"
2026-08-01 05:48:11.244171,14.150,93,2181.000,132.000,852.000,0.000,-59.000,180.000,180.000,0.000,1.000,"2181,132,852,0,-59,180,180,0,1"
2026-08-01 05:48:11.348304,14.254,94,2194.000,-25.000,700.000,0.000,-66.000,180.000,180.000,0.000,1.000,"2194,-25,700,0,-66,180,180,0,1"
2026-08-01 05:48:11.450301,14.356,95,2211.000,-205.000,538.000,0.000,-72.000,180.000,180.000,0.000,1.000,"2211,-205,538,0,-72,180,180,0,1"
2026-08-01 05:48:11.554836,14.460,96,2229.000,-471.000,340.000,0.000,-85.000,180.000,180.000,0.000,1.000,"2229,-471,340,0,-85,180,180,0,1"
2026-08-01 05:48:11.658133,14.564,97,2247.000,-519.000,172.000,0.000,-82.000,180.000,180.000,0.000,1.000,"2247,-519,172,0,-82,180,180,0,1"
2026-08-01 05:48:11.762777,14.668,98,2265.000,-700.000,29.000,0.000,-77.000,180.000,180.000,0.000,1.000,"2265,-700,29,0,-77,180,180,0,1"
2026-08-01 05:48:11.864937,14.771,99,2283.000,-796.000,-97.000,0.000,-71.000,134.000,135.000,0.000,1.000,"2283,-796,-97,0,-71,134,135,0,1"
2026-08-01 05:48:11.969712,14.875,100,2301.000,-953.000,-239.000,0.000,-70.000,19.000,45.000,0.000,1.000,"2301,-953,-239,0,-70,19,45,0,1"
2026-08-01 05:48:12.073326,14.979,101,2321.000,-1025.000,-348.000,0.000,-62.000,-90.000,-45.000,0.000,1.000,"2321,-1025,-348,0,-62,-90,-45,0,1"
2026-08-01 05:48:12.177202,15.083,102,2342.000,-1061.000,-407.000,0.000,-48.000,-180.000,-135.000,0.000,1.000,"2342,-1061,-407,0,-48,-180,-135,0,1"
2026-08-01 05:48:12.281029,15.187,103,2363.000,-1037.000,-426.000,0.000,-31.000,-180.000,-180.000,0.000,1.000,"2363,-1037,-426,0,-31,-180,-180,0,1"
2026-08-01 05:48:12.384674,15.290,104,2384.000,-1025.000,-430.000,0.000,-18.000,-180.000,-180.000,0.000,1.000,"2384,-1025,-430,0,-18,-180,-180,0,1"
2026-08-01 05:48:12.488200,15.394,105,2403.000,-941.000,-386.000,0.000,0.000,-180.000,-180.000,0.000,1.000,"2403,-941,-386,0,0,-180,-180,0,1"
2026-08-01 05:48:12.591721,15.497,106,2421.000,-893.000,-340.000,0.000,9.000,-180.000,-180.000,0.000,1.000,"2421,-893,-340,0,9,-180,-180,0,1"
2026-08-01 05:48:12.695565,15.601,107,2439.000,-796.000,-267.000,0.000,21.000,-180.000,-180.000,0.000,1.000,"2439,-796,-267,0,21,-180,-180,0,1"
2026-08-01 05:48:12.799374,15.705,108,2457.000,-688.000,-174.000,0.000,32.000,-180.000,-180.000,0.000,1.000,"2457,-688,-174,0,32,-180,-180,0,1"
2026-08-01 05:48:12.902920,15.808,109,2475.000,-555.000,-71.000,0.000,41.000,-180.000,-180.000,0.000,1.000,"2475,-555,-71,0,41,-180,-180,0,1"
2026-08-01 05:48:13.005960,15.912,110,2493.000,-386.000,68.000,0.000,54.000,-107.000,-107.000,0.000,1.000,"2493,-386,68,0,54,-107,-107,0,1"
2026-08-01 05:48:13.111272,16.017,111,2511.000,-218.000,214.000,0.000,63.000,-18.000,-19.000,0.000,1.000,"2511,-218,214,0,63,-18,-19,0,1"
2026-08-01 05:48:13.214563,16.120,112,2527.000,-49.000,379.000,0.000,72.000,86.000,71.000,0.000,1.000,"2527,-49,379,0,72,86,71,0,1"
2026-08-01 05:48:13.318136,16.224,113,2540.000,144.000,554.000,0.000,79.000,180.000,161.000,0.000,1.000,"2540,144,554,0,79,180,161,0,1"
2026-08-01 05:48:19.514926,22.420,114,949.000,518.000,508.000,0.000,127.000,25.000,25.000,0.000,1.000,"949,518,508,0,127,25,25,0,1"
2026-08-01 05:48:19.617926,22.523,115,963.000,518.000,1053.000,0.000,187.000,180.000,115.000,0.000,1.000,"963,518,1053,0,187,180,115,0,1"
2026-08-01 05:48:19.721267,22.627,116,978.000,542.000,1294.000,0.000,156.000,180.000,180.000,0.000,1.000,"978,542,1294,0,156,180,180,0,1"
2026-08-01 05:48:19.825296,22.731,117,993.000,506.000,1381.000,0.000,106.000,180.000,180.000,0.000,1.000,"993,506,1381,0,106,180,180,0,1"
2026-08-01 05:48:19.928660,22.834,118,1008.000,506.000,1415.000,0.000,66.000,180.000,180.000,0.000,1.000,"1008,506,1415,0,66,180,180,0,1"
2026-08-01 05:48:20.032132,22.938,119,1023.000,433.000,1393.000,0.000,32.000,180.000,180.000,0.000,1.000,"1023,433,1393,0,32,180,180,0,1"
2026-08-01 05:48:20.135808,23.041,120,1038.000,385.000,1350.000,0.000,9.000,180.000,180.000,0.000,1.000,"1038,385,1350,0,9,180,180,0,1"
2026-08-01 05:48:20.241159,23.147,121,1053.000,289.000,1287.000,0.000,-8.000,180.000,180.000,0.000,1.000,"1053,289,1287,0,-8,180,180,0,1"
2026-08-01 05:48:20.342441,23.248,122,1068.000,204.000,1206.000,0.000,-22.000,180.000,180.000,0.000,1.000,"1068,204,1206,0,-22,180,180,0,1"
2026-08-01 05:48:20.446423,23.352,123,1083.000,120.000,1126.000,0.000,-30.000,180.000,180.000,0.000,1.000,"1083,120,1126,0,-30,180,180,0,1"
2026-08-01 05:48:20.551192,23.457,124,1095.000,-1.000,1020.000,0.000,-39.000,180.000,180.000,0.000,1.000,"1095,-1,1020,0,-39,180,180,0,1"
2026-08-01 05:48:20.653250,23.559,125,1111.000,-121.000,908.000,0.000,-46.000,180.000,180.000,0.000,1.000,"1111,-121,908,0,-46,180,180,0,1"
2026-08-01 05:48:20.756768,23.662,126,1129.000,-230.000,796.000,0.000,-50.000,180.000,180.000,0.000,1.000,"1129,-230,796,0,-50,180,180,0,1"
2026-08-01 05:48:20.860651,23.766,127,1147.000,-362.000,677.000,0.000,-54.000,180.000,180.000,0.000,1.000,"1147,-362,677,0,-54,180,180,0,1"
2026-08-01 05:48:20.964572,23.870,128,1165.000,-483.000,557.000,0.000,-56.000,180.000,180.000,0.000,1.000,"1165,-483,557,0,-56,180,180,0,1"
2026-08-01 05:48:21.068029,23.974,129,1183.000,-603.000,437.000,0.000,-57.000,180.000,180.000,0.000,1.000,"1183,-603,437,0,-57,180,180,0,1"
2026-08-01 05:48:21.171691,24.077,130,1201.000,-724.000,311.000,0.000,-59.000,180.000,180.000,0.000,1.000,"1201,-724,311,0,-59,180,180,0,1"
2026-08-01 05:48:21.275406,24.181,131,1219.000,-808.000,212.000,0.000,-55.000,180.000,180.000,0.000,1.000,"1219,-808,212,0,-55,180,180,0,1"
2026-08-01 05:48:21.379317,24.285,132,1237.000,-917.000,108.000,0.000,-53.000,180.000,180.000,0.000,1.000,"1237,-917,108,0,-53,180,180,0,1"
2026-08-01 05:48:21.484347,24.390,133,1255.000,-965.000,27.000,0.000,-47.000,163.000,163.000,0.000,1.000,"1255,-965,27,0,-47,163,163,0,1"
2026-08-01 05:48:21.588391,24.494,134,1275.000,-1061.000,-58.000,0.000,-45.000,88.000,88.000,0.000,1.000,"1275,-1061,-58,0,-45,88,88,0,1"
2026-08-01 05:48:21.691368,24.597,135,1296.000,-1049.000,-94.000,0.000,-32.000,22.000,22.000,0.000,1.000,"1296,-1049,-94,0,-32,22,22,0,1"
2026-08-01 05:48:21.795289,24.701,136,1317.000,-1061.000,-110.000,0.000,-21.000,-22.000,-22.000,0.000,1.000,"1317,-1061,-110,0,-21,-22,-22,0,1"
2026-08-01 05:48:21.898744,24.804,137,1338.000,-1037.000,-108.000,0.000,-11.000,-51.000,-51.000,0.000,1.000,"1338,-1037,-108,0,-11,-51,-51,0,1"
2026-08-01 05:48:22.002382,24.908,138,1359.000,-1037.000,-105.000,0.000,-5.000,-66.000,-66.000,0.000,1.000,"1359,-1037,-105,0,-5,-66,-66,0,1"
2026-08-01 05:48:22.106914,25.012,139,1380.000,-1013.000,-92.000,0.000,0.000,-72.000,-72.000,0.000,1.000,"1380,-1013,-92,0,0,-72,-72,0,1"
2026-08-01 05:48:22.210004,25.116,140,1398.000,-965.000,-59.000,0.000,6.000,-68.000,-68.000,0.000,1.000,"1398,-965,-59,0,6,-68,-68,0,1"
2026-08-01 05:48:22.314811,25.220,141,1416.000,-917.000,-20.000,0.000,12.000,-54.000,-54.000,0.000,1.000,"1416,-917,-20,0,12,-54,-54,0,1"
2026-08-01 05:48:22.417489,25.323,142,1434.000,-844.000,37.000,0.000,19.000,-29.000,-29.000,0.000,1.000,"1434,-844,37,0,19,-29,-29,0,1"
2026-08-01 05:48:22.520773,25.426,143,1452.000,-772.000,104.000,0.000,25.000,6.000,6.000,0.000,1.000,"1452,-772,104,0,25,6,6,0,1"
2026-08-01 05:48:22.623748,25.529,144,1470.000,-676.000,192.000,0.000,33.000,54.000,54.000,0.000,1.000,"1470,-676,192,0,33,54,54,0,1"
2026-08-01 05:48:22.726684,25.632,145,1488.000,-555.000,294.000,0.000,40.000,114.000,114.000,0.000,1.000,"1488,-555,294,0,40,114,114,0,1"
2026-08-01 05:48:22.831306,25.737,146,1506.000,-410.000,416.000,0.000,49.000,180.000,180.000,0.000,1.000,"1506,-410,416,0,49,180,180,0,1"
2026-08-01 05:48:22.934752,25.840,147,1524.000,-314.000,525.000,0.000,51.000,180.000,180.000,0.000,1.000,"1524,-314,525,0,51,180,180,0,1"
2026-08-01 05:48:23.038198,25.944,148,1542.000,-193.000,644.000,0.000,54.000,180.000,180.000,0.000,1.000,"1542,-193,644,0,54,180,180,0,1"
2026-08-01 05:48:23.142492,26.048,149,1559.000,-97.000,747.000,0.000,52.000,180.000,180.000,0.000,1.000,"1559,-97,747,0,52,180,180,0,1"
2026-08-01 05:48:23.245117,26.151,150,1573.000,-1.000,846.000,0.000,51.000,180.000,180.000,0.000,1.000,"1573,-1,846,0,51,180,180,0,1"
2026-08-01 05:48:23.348639,26.254,151,1585.000,48.000,913.000,0.000,43.000,180.000,180.000,0.000,1.000,"1585,48,913,0,43,180,180,0,1"
2026-08-01 05:48:23.451109,26.357,152,1599.000,120.000,989.000,0.000,40.000,180.000,180.000,0.000,1.000,"1599,120,989,0,40,180,180,0,1"
2026-08-01 05:48:23.554659,26.460,153,1614.000,156.000,1044.000,0.000,34.000,180.000,180.000,0.000,1.000,"1614,156,1044,0,34,180,180,0,1"
2026-08-01 05:48:23.659079,26.565,154,1629.000,204.000,1090.000,0.000,29.000,180.000,180.000,0.000,1.000,"1629,204,1090,0,29,180,180,0,1"
2026-08-01 05:48:23.761995,26.668,155,1644.000,192.000,1110.000,0.000,21.000,180.000,180.000,0.000,1.000,"1644,192,1110,0,21,180,180,0,1"
2026-08-01 05:48:23.865705,26.771,156,1659.000,216.000,1133.000,0.000,16.000,180.000,180.000,0.000,1.000,"1659,216,1133,0,16,180,180,0,1"
2026-08-01 05:48:23.969305,26.875,157,1674.000,192.000,1131.000,0.000,8.000,180.000,180.000,0.000,1.000,"1674,192,1131,0,8,180,180,0,1"
2026-08-01 05:48:24.073048,26.979,158,1689.000,168.000,1117.000,0.000,1.000,180.000,180.000,0.000,1.000,"1689,168,1117,0,1,180,180,0,1"
2026-08-01 05:48:24.178349,27.084,159,1704.000,144.000,1097.000,0.000,-3.000,180.000,180.000,0.000,1.000,"1704,144,1097,0,-3,180,180,0,1"
2026-08-01 05:48:24.280854,27.186,160,1719.000,108.000,1070.000,0.000,-7.000,180.000,180.000,0.000,1.000,"1719,108,1070,0,-7,180,180,0,1"
2026-08-01 05:48:24.384254,27.290,161,1731.000,48.000,1030.000,0.000,-13.000,180.000,180.000,0.000,1.000,"1731,48,1030,0,-13,180,180,0,1"
2026-08-01 05:48:24.487879,27.393,162,1743.000,-1.000,979.000,0.000,-18.000,180.000,180.000,0.000,1.000,"1743,-1,979,0,-18,180,180,0,1"
2026-08-01 05:48:24.591684,27.497,163,1758.000,-73.000,924.000,0.000,-22.000,180.000,180.000,0.000,1.000,"1758,-73,924,0,-22,180,180,0,1"
2026-08-01 05:48:24.694655,27.600,164,1775.000,-121.000,865.000,0.000,-25.000,180.000,180.000,0.000,1.000,"1775,-121,865,0,-25,180,180,0,1"
2026-08-01 05:48:24.797728,27.703,165,1793.000,-218.000,790.000,0.000,-31.000,180.000,180.000,0.000,1.000,"1793,-218,790,0,-31,180,180,0,1"
2026-08-01 05:48:24.901763,27.807,166,1811.000,-290.000,716.000,0.000,-33.000,180.000,180.000,0.000,1.000,"1811,-290,716,0,-33,180,180,0,1"
2026-08-01 05:48:25.005302,27.911,167,1829.000,-386.000,630.000,0.000,-37.000,180.000,180.000,0.000,1.000,"1829,-386,630,0,-37,180,180,0,1"
2026-08-01 05:48:25.108917,28.014,168,1847.000,-459.000,554.000,0.000,-38.000,180.000,180.000,0.000,1.000,"1847,-459,554,0,-38,180,180,0,1"
2026-08-01 05:48:25.212642,28.118,169,1865.000,-555.000,469.000,0.000,-40.000,180.000,180.000,0.000,1.000,"1865,-555,469,0,-40,180,180,0,1"
2026-08-01 05:48:25.316728,28.222,170,1883.000,-627.000,386.000,0.000,-41.000,180.000,180.000,0.000,1.000,"1883,-627,386,0,-41,180,180,0,1"
2026-08-01 05:48:25.420582,28.326,171,1901.000,-700.000,309.000,0.000,-40.000,180.000,180.000,0.000,1.000,"1901,-700,309,0,-40,180,180,0,1"
2026-08-01 05:48:25.523953,28.430,172,1919.000,-772.000,238.000,0.000,-38.000,180.000,180.000,0.000,1.000,"1919,-772,238,0,-38,180,180,0,1"
2026-08-01 05:48:25.628024,28.534,173,1937.000,-820.000,177.000,0.000,-35.000,180.000,180.000,0.000,1.000,"1937,-820,177,0,-35,180,180,0,1"
2026-08-01 05:48:25.731156,28.637,174,1955.000,-893.000,109.000,0.000,-34.000,180.000,180.000,0.000,1.000,"1955,-893,109,0,-34,180,180,0,1"
2026-08-01 05:48:25.836428,28.742,175,1973.000,-917.000,61.000,0.000,-30.000,139.000,139.000,0.000,1.000,"1973,-917,61,0,-30,139,139,0,1"
2026-08-01 05:48:25.939684,28.845,176,1991.000,-989.000,5.000,0.000,-29.000,92.000,92.000,0.000,1.000,"1991,-989,5,0,-29,92,92,0,1"
2026-08-01 05:48:26.042745,28.948,177,2010.000,-1013.000,-37.000,0.000,-26.000,47.000,47.000,0.000,1.000,"2010,-1013,-37,0,-26,47,47,0,1"
2026-08-01 05:48:26.146467,29.052,178,2031.000,-1037.000,-70.000,0.000,-21.000,9.000,9.000,0.000,1.000,"2031,-1037,-70,0,-21,9,9,0,1"
2026-08-01 05:48:26.248580,29.154,179,2052.000,-1037.000,-89.000,0.000,-16.000,-22.000,-22.000,0.000,1.000,"2052,-1037,-89,0,-16,-22,-22,0,1"
2026-08-01 05:48:26.352358,29.258,180,2073.000,-1061.000,-102.000,0.000,-11.000,-46.000,-46.000,0.000,1.000,"2073,-1061,-102,0,-11,-46,-46,0,1"
2026-08-01 05:48:26.455951,29.362,181,2094.000,-1037.000,-108.000,0.000,-7.000,-64.000,-64.000,0.000,1.000,"2094,-1037,-108,0,-7,-64,-64,0,1"
2026-08-01 05:48:26.560515,29.466,182,2113.000,-1025.000,-101.000,0.000,-2.000,-73.000,-73.000,0.000,1.000,"2113,-1025,-101,0,-2,-73,-73,0,1"
2026-08-01 05:48:26.663740,29.569,183,2128.000,-977.000,-75.000,0.000,4.000,-73.000,-73.000,0.000,1.000,"2128,-977,-75,0,4,-73,-73,0,1"
2026-08-01 05:48:26.768284,29.674,184,2151.000,-941.000,-38.000,0.000,10.000,-62.000,-62.000,0.000,1.000,"2151,-941,-38,0,10,-62,-62,0,1"
2026-08-01 05:48:26.871915,29.777,185,2164.000,-893.000,0.000,0.000,14.000,-43.000,-43.000,0.000,1.000,"2164,-893,0,0,14,-43,-43,0,1"
2026-08-01 05:48:26.974120,29.880,186,2182.000,-832.000,56.000,0.000,20.000,-15.000,-15.000,0.000,1.000,"2182,-832,56,0,20,-15,-15,0,1"
2026-08-01 05:48:27.078059,29.984,187,2200.000,-736.000,129.000,0.000,27.000,21.000,21.000,0.000,1.000,"2200,-736,129,0,27,21,21,0,1"
2026-08-01 05:48:27.181225,30.087,188,2218.000,-627.000,221.000,0.000,35.000,70.000,70.000,0.000,1.000,"2218,-627,221,0,35,70,70,0,1"
2026-08-01 05:48:27.283395,30.189,189,2236.000,-531.000,315.000,0.000,40.000,130.000,130.000,0.000,1.000,"2236,-531,315,0,40,130,130,0,1"
2026-08-01 05:48:27.386781,30.292,190,2254.000,-398.000,431.000,0.000,48.000,180.000,180.000,0.000,1.000,"2254,-398,431,0,48,180,180,0,1"
2026-08-01 05:48:27.490414,30.396,191,2272.000,-302.000,539.000,0.000,50.000,180.000,180.000,0.000,1.000,"2272,-302,539,0,50,180,180,0,1"
2026-08-01 05:48:27.594792,30.500,192,2290.000,-193.000,647.000,0.000,51.000,180.000,180.000,0.000,1.000,"2290,-193,647,0,51,180,180,0,1"
2026-08-01 05:48:27.698862,30.604,193,2307.000,-97.000,751.000,0.000,51.000,180.000,180.000,0.000,1.000,"2307,-97,751,0,51,180,180,0,1"
2026-08-01 05:48:27.803025,30.709,194,2322.000,-13.000,841.000,0.000,48.000,180.000,180.000,0.000,1.000,"2322,-13,841,0,48,180,180,0,1"
2026-08-01 05:48:27.905474,30.811,195,2334.000,48.000,917.000,0.000,43.000,180.000,180.000,0.000,1.000,"2334,48,917,0,43,180,180,0,1"
2026-08-01 05:48:28.008926,30.914,196,2346.000,96.000,976.000,0.000,37.000,180.000,180.000,0.000,1.000,"2346,96,976,0,37,180,180,0,1"
2026-08-01 05:48:28.111914,31.017,197,2361.000,144.000,1029.000,0.000,32.000,180.000,180.000,0.000,1.000,"2361,144,1029,0,32,180,180,0,1"
2026-08-01 05:48:28.214866,31.120,198,2376.000,156.000,1064.000,0.000,25.000,180.000,180.000,0.000,1.000,"2376,156,1064,0,25,180,180,0,1"
2026-08-01 05:48:28.318452,31.224,199,2391.000,180.000,1093.000,0.000,20.000,180.000,180.000,0.000,1.000,"2391,180,1093,0,20,180,180,0,1"
2026-08-01 05:48:28.422520,31.328,200,2406.000,168.000,1098.000,0.000,12.000,180.000,180.000,0.000,1.000,"2406,168,1098,0,12,180,180,0,1"
2026-08-01 05:48:28.525848,31.431,201,2421.000,156.000,1096.000,0.000,6.000,180.000,180.000,0.000,1.000,"2421,156,1096,0,6,180,180,0,1"
2026-08-01 05:48:28.629667,31.535,202,2436.000,132.000,1081.000,0.000,0.000,180.000,180.000,0.000,1.000,"2436,132,1081,0,0,180,180,0,1"
2026-08-01 05:48:28.733067,31.639,203,2451.000,108.000,1061.000,0.000,-4.000,180.000,180.000,0.000,1.000,"2451,108,1061,0,-4,180,180,0,1"
2026-08-01 05:48:28.836619,31.742,204,2463.000,48.000,1021.000,0.000,-11.000,180.000,180.000,0.000,1.000,"2463,48,1021,0,-11,180,180,0,1"
2026-08-01 05:48:28.940428,31.846,205,2475.000,24.000,984.000,0.000,-14.000,180.000,180.000,0.000,1.000,"2475,24,984,0,-14,180,180,0,1"
2026-08-01 05:48:29.044619,31.950,206,2489.000,-49.000,932.000,0.000,-19.000,180.000,180.000,0.000,1.000,"2489,-49,932,0,-19,180,180,0,1"
2026-08-01 05:48:29.148786,32.054,207,2504.000,-97.000,877.000,0.000,-22.000,180.000,180.000,0.000,1.000,"2504,-97,877,0,-22,180,180,0,1"
2026-08-01 05:48:29.250726,32.156,208,2522.000,-193.000,804.000,0.000,-28.000,180.000,180.000,0.000,1.000,"2522,-193,804,0,-28,180,180,0,1"
2026-08-01 05:48:29.353994,32.260,209,2540.000,-266.000,736.000,0.000,-31.000,180.000,180.000,0.000,1.000,"2540,-266,736,0,-31,180,180,0,1"
2026-08-01 05:48:29.457708,32.363,210,2558.000,-338.000,660.000,0.000,-33.000,180.000,180.000,0.000,1.000,"2558,-338,660,0,-33,180,180,0,1"
2026-08-01 05:48:29.561547,32.467,211,2576.000,-410.000,587.000,0.000,-34.000,180.000,180.000,0.000,1.000,"2576,-410,587,0,-34,180,180,0,1"
2026-08-01 05:48:29.665653,32.571,212,2594.000,-495.000,504.000,0.000,-37.000,180.000,180.000,0.000,1.000,"2594,-495,504,0,-37,180,180,0,1"
2026-08-01 05:48:29.768944,32.675,213,2612.000,-579.000,423.000,0.000,-38.000,180.000,180.000,0.000,1.000,"2612,-579,423,0,-38,180,180,0,1"
2026-08-01 05:48:29.872975,32.779,214,2630.000,-651.000,347.000,0.000,-38.000,180.000,180.000,0.000,1.000,"2630,-651,347,0,-38,180,180,0,1"
2026-08-01 05:48:29.976412,32.882,215,2648.000,-724.000,276.000,0.000,-37.000,180.000,180.000,0.000,1.000,"2648,-724,276,0,-37,180,180,0,1"
2026-08-01 05:48:30.080003,32.986,216,2666.000,-796.000,201.000,0.000,-36.000,180.000,180.000,0.000,1.000,"2666,-796,201,0,-36,180,180,0,1"
2026-08-01 05:48:30.183979,33.090,217,2684.000,-844.000,145.000,0.000,-33.000,180.000,180.000,0.000,1.000,"2684,-844,145,0,-33,180,180,0,1"
2026-08-01 05:48:30.288715,33.194,218,2702.000,-893.000,90.000,0.000,-30.000,164.000,164.000,0.000,1.000,"2702,-893,90,0,-30,164,164,0,1"
2026-08-01 05:48:30.392327,33.298,219,2720.000,-953.000,35.000,0.000,-29.000,116.000,116.000,0.000,1.000,"2720,-953,35,0,-29,116,116,0,1"
2026-08-01 05:48:30.496043,33.402,220,2738.000,-965.000,0.000,0.000,-24.000,72.000,72.000,0.000,1.000,"2738,-965,0,0,-24,72,72,0,1"
2026-08-01 05:48:30.598556,33.504,221,2756.000,-989.000,-26.000,0.000,-19.000,37.000,37.000,0.000,1.000,"2756,-989,-26,0,-19,37,37,0,1"
2026-08-01 05:48:30.702427,33.608,222,2776.000,-1013.000,-48.000,0.000,-16.000,9.000,9.000,0.000,1.000,"2776,-1013,-48,0,-16,9,9,0,1"
2026-08-01 05:48:30.804113,33.710,223,2796.000,-989.000,-57.000,0.000,-10.000,-13.000,-13.000,0.000,1.000,"2796,-989,-57,0,-10,-13,-13,0,1"
2026-08-01 05:48:30.908934,33.815,224,2815.000,-977.000,-54.000,0.000,-5.000,-28.000,-28.000,0.000,1.000,"2815,-977,-54,0,-5,-28,-28,0,1"
2026-08-01 05:48:31.012497,33.918,225,2833.000,-953.000,-36.000,0.000,1.000,-32.000,-32.000,0.000,1.000,"2833,-953,-36,0,1,-32,-32,0,1"
2026-08-01 05:48:31.115987,34.022,226,2851.000,-917.000,-11.000,0.000,6.000,-28.000,-28.000,0.000,1.000,"2851,-917,-11,0,6,-28,-28,0,1"
2026-08-01 05:48:31.219827,34.125,227,2869.000,-868.000,23.000,0.000,11.000,-15.000,-15.000,0.000,1.000,"2869,-868,23,0,11,-15,-15,0,1"
2026-08-01 05:48:31.323618,34.229,228,2887.000,-832.000,60.000,0.000,14.000,3.000,3.000,0.000,1.000,"2887,-832,60,0,14,3,3,0,1"
2026-08-01 05:48:31.426486,34.332,229,2905.000,-772.000,108.000,0.000,19.000,29.000,29.000,0.000,1.000,"2905,-772,108,0,19,29,29,0,1"
2026-08-01 05:48:31.529588,34.435,230,2923.000,-700.000,167.000,0.000,24.000,61.000,61.000,0.000,1.000,"2923,-700,167,0,24,61,61,0,1"
2026-08-01 05:48:31.631818,34.537,231,2941.000,-627.000,234.000,0.000,28.000,101.000,101.000,0.000,1.000,"2941,-627,234,0,28,101,101,0,1"
2026-08-01 05:48:31.735420,34.641,232,2959.000,-555.000,306.000,0.000,32.000,149.000,149.000,0.000,1.000,"2959,-555,306,0,32,149,149,0,1"
2026-08-01 05:48:31.839092,34.745,233,2977.000,-447.000,391.000,0.000,37.000,180.000,180.000,0.000,1.000,"2977,-447,391,0,37,180,180,0,1"
2026-08-01 05:48:31.943416,34.849,234,2995.000,-386.000,476.000,0.000,39.000,180.000,180.000,0.000,1.000,"2995,-386,476,0,39,180,180,0,1"
2026-08-01 05:48:32.046456,34.952,235,3013.000,-314.000,548.000,0.000,37.000,180.000,180.000,0.000,1.000,"3013,-314,548,0,37,180,180,0,1"
2026-08-01 05:48:32.150247,35.056,236,3031.000,-266.000,612.000,0.000,35.000,180.000,180.000,0.000,1.000,"3031,-266,612,0,35,180,180,0,1"
2026-08-01 05:48:32.254702,35.160,237,3049.000,-230.000,656.000,0.000,29.000,180.000,180.000,0.000,1.000,"3049,-230,656,0,29,180,180,0,1"
2026-08-01 05:48:32.358071,35.264,238,3067.000,-193.000,702.000,0.000,26.000,180.000,180.000,0.000,1.000,"3067,-193,702,0,26,180,180,0,1"
2026-08-01 05:48:32.462029,35.368,239,3085.000,-169.000,733.000,0.000,21.000,180.000,180.000,0.000,1.000,"3085,-169,733,0,21,180,180,0,1"
2026-08-01 05:48:32.565239,35.471,240,3103.000,-145.000,759.000,0.000,18.000,180.000,180.000,0.000,1.000,"3103,-145,759,0,18,180,180,0,1"
2026-08-01 05:48:32.668945,35.575,241,3121.000,-145.000,776.000,0.000,13.000,180.000,180.000,0.000,1.000,"3121,-145,776,0,13,180,180,0,1"
2026-08-01 05:48:32.772315,35.678,242,3139.000,-157.000,783.000,0.000,9.000,180.000,180.000,0.000,1.000,"3139,-157,783,0,9,180,180,0,1"
2026-08-01 05:48:32.876116,35.782,243,3157.000,-169.000,778.000,0.000,3.000,180.000,180.000,0.000,1.000,"3157,-169,778,0,3,180,180,0,1"
2026-08-01 05:48:32.980084,35.886,244,3175.000,-193.000,770.000,0.000,0.000,180.000,180.000,0.000,1.000,"3175,-193,770,0,0,180,180,0,1"
2026-08-01 05:48:33.083551,35.989,245,3187.000,-193.000,753.000,0.000,-3.000,180.000,180.000,0.000,1.000,"3187,-193,753,0,-3,180,180,0,1"
2026-08-01 05:48:33.187708,36.093,246,3205.000,-218.000,731.000,0.000,-6.000,180.000,180.000,0.000,1.000,"3205,-218,731,0,-6,180,180,0,1"
2026-08-01 05:48:33.290480,36.196,247,3223.000,-266.000,700.000,0.000,-10.000,180.000,180.000,0.000,1.000,"3223,-266,700,0,-10,180,180,0,1"
2026-08-01 05:48:33.394543,36.300,248,3241.000,-290.000,667.000,0.000,-12.000,180.000,180.000,0.000,1.000,"3241,-290,667,0,-12,180,180,0,1"
2026-08-01 05:48:33.497255,36.403,249,3259.000,-338.000,631.000,0.000,-15.000,180.000,180.000,0.000,1.000,"3259,-338,631,0,-15,180,180,0,1"
2026-08-01 05:48:33.600863,36.506,250,3277.000,-386.000,583.000,0.000,-18.000,180.000,180.000,0.000,1.000,"3277,-386,583,0,-18,180,180,0,1"
2026-08-01 05:48:33.704628,36.610,251,3295.000,-410.000,551.000,0.000,-17.000,180.000,180.000,0.000,1.000,"3295,-410,551,0,-17,180,180,0,1"
2026-08-01 05:48:33.808338,36.714,252,3313.000,-447.000,517.000,0.000,-17.000,180.000,180.000,0.000,1.000,"3313,-447,517,0,-17,180,180,0,1"
2026-08-01 05:48:33.912076,36.818,253,3331.000,-483.000,479.000,0.000,-17.000,180.000,180.000,0.000,1.000,"3331,-483,479,0,-17,180,180,0,1"
2026-08-01 05:48:34.017356,36.923,254,3349.000,-531.000,440.000,0.000,-18.000,180.000,180.000,0.000,1.000,"3349,-531,440,0,-18,180,180,0,1"
2026-08-01 05:48:34.119990,37.026,255,3367.000,-567.000,400.000,0.000,-19.000,180.000,180.000,0.000,1.000,"3367,-567,400,0,-19,180,180,0,1"
2026-08-01 05:48:34.223852,37.129,256,3385.000,-579.000,377.000,0.000,-15.000,180.000,180.000,0.000,1.000,"3385,-579,377,0,-15,180,180,0,1"
2026-08-01 05:48:34.327660,37.233,257,3403.000,-615.000,346.000,0.000,-15.000,180.000,180.000,0.000,1.000,"3403,-615,346,0,-15,180,180,0,1"
2026-08-01 05:48:34.431708,37.337,258,3421.000,-639.000,319.000,0.000,-14.000,180.000,180.000,0.000,1.000,"3421,-639,319,0,-14,180,180,0,1"
2026-08-01 05:48:34.535797,37.441,259,3439.000,-676.000,283.000,0.000,-15.000,180.000,180.000,0.000,1.000,"3439,-676,283,0,-15,180,180,0,1"
2026-08-01 05:48:34.638458,37.544,260,3457.000,-700.000,260.000,0.000,-14.000,180.000,180.000,0.000,1.000,"3457,-700,260,0,-14,180,180,0,1"
2026-08-01 05:48:34.742118,37.648,261,3475.000,-724.000,236.000,0.000,-13.000,180.000,180.000,0.000,1.000,"3475,-724,236,0,-13,180,180,0,1"
2026-08-01 05:48:34.846096,37.752,262,3493.000,-736.000,217.000,0.000,-11.000,180.000,180.000,0.000,1.000,"3493,-736,217,0,-11,180,180,0,1"
2026-08-01 05:48:34.949502,37.855,263,3511.000,-748.000,199.000,0.000,-10.000,180.000,180.000,0.000,1.000,"3511,-748,199,0,-10,180,180,0,1"
2026-08-01 05:48:35.054105,37.960,264,3529.000,-748.000,191.000,0.000,-7.000,175.000,175.000,0.000,1.000,"3529,-748,191,0,-7,175,175,0,1"
2026-08-01 05:48:35.157717,38.063,265,3547.000,-748.000,188.000,0.000,-4.000,165.000,165.000,0.000,1.000,"3547,-748,188,0,-4,165,165,0,1"
2026-08-01 05:48:35.262225,38.168,266,3565.000,-748.000,186.000,0.000,-3.000,158.000,158.000,0.000,1.000,"3565,-748,186,0,-3,158,158,0,1"
2026-08-01 05:48:35.366086,38.272,267,3583.000,-748.000,186.000,0.000,-1.000,154.000,154.000,0.000,1.000,"3583,-748,186,0,-1,154,154,0,1"
2026-08-01 05:48:35.468775,38.374,268,3601.000,-748.000,186.000,0.000,-1.000,152.000,152.000,0.000,1.000,"3601,-748,186,0,-1,152,152,0,1"
2026-08-01 05:48:35.572899,38.478,269,3619.000,-748.000,186.000,0.000,0.000,150.000,150.000,0.000,1.000,"3619,-748,186,0,0,150,150,0,1"
2026-08-01 05:48:35.676623,38.582,270,3637.000,-748.000,186.000,0.000,0.000,149.000,149.000,0.000,1.000,"3637,-748,186,0,0,149,149,0,1"
2026-08-01 05:48:35.779926,38.685,271,3655.000,-748.000,186.000,0.000,0.000,149.000,149.000,0.000,1.000,"3655,-748,186,0,0,149,149,0,1"
2026-08-01 05:48:35.884379,38.790,272,3673.000,-748.000,186.000,0.000,0.000,149.000,149.000,0.000,1.000,"3673,-748,186,0,0,149,149,0,1"
2026-08-01 05:48:35.987400,38.893,273,3691.000,-748.000,186.000,0.000,0.000,149.000,149.000,0.000,1.000,"3691,-748,186,0,0,149,149,0,1"
2026-08-01 05:48:36.091622,38.997,274,3709.000,-748.000,186.000,0.000,0.000,148.000,148.000,0.000,1.000,"3709,-748,186,0,0,148,148,0,1"
2026-08-01 05:48:36.195400,39.101,275,3727.000,-748.000,186.000,0.000,0.000,148.000,148.000,0.000,1.000,"3727,-748,186,0,0,148,148,0,1"
2026-08-01 05:48:36.298367,39.204,276,3745.000,-748.000,186.000,0.000,0.000,148.000,148.000,0.000,1.000,"3745,-748,186,0,0,148,148,0,1"
2026-08-01 05:48:36.402219,39.308,277,3763.000,-748.000,186.000,0.000,0.000,148.000,148.000,0.000,1.000,"3763,-748,186,0,0,148,148,0,1"
2026-08-01 05:48:36.505852,39.411,278,3781.000,-748.000,186.000,0.000,0.000,148.000,148.000,0.000,1.000,"3781,-748,186,0,0,148,148,0,1"
2026-08-01 05:48:36.609546,39.515,279,3799.000,-748.000,186.000,0.000,0.000,148.000,148.000,0.000,1.000,"3799,-748,186,0,0,148,148,0,1"
2026-08-01 05:48:36.713558,39.619,280,3817.000,-748.000,186.000,0.000,0.000,148.000,148.000,0.000,1.000,"3817,-748,186,0,0,148,148,0,1"
2026-08-01 05:48:36.817786,39.723,281,3835.000,-748.000,186.000,0.000,0.000,148.000,148.000,0.000,1.000,"3835,-748,186,0,0,148,148,0,1"
2026-08-01 05:48:36.920801,39.826,282,3853.000,-748.000,186.000,0.000,0.000,148.000,148.000,0.000,1.000,"3853,-748,186,0,0,148,148,0,1"
2026-08-01 05:48:37.024391,39.930,283,3871.000,-748.000,186.000,0.000,0.000,148.000,148.000,0.000,1.000,"3871,-748,186,0,0,148,148,0,1"
2026-08-01 05:48:37.128506,40.034,284,3889.000,-748.000,186.000,0.000,0.000,148.000,148.000,0.000,1.000,"3889,-748,186,0,0,148,148,0,1"
2026-08-01 05:48:37.231905,40.137,285,3907.000,-748.000,186.000,0.000,0.000,148.000,148.000,0.000,1.000,"3907,-748,186,0,0,148,148,0,1"
2026-08-01 05:48:37.336222,40.242,286,3925.000,-748.000,186.000,0.000,0.000,148.000,148.000,0.000,1.000,"3925,-748,186,0,0,148,148,0,1"
2026-08-01 05:48:37.439142,40.345,287,3943.000,-748.000,186.000,0.000,0.000,148.000,148.000,0.000,1.000,"3943,-748,186,0,0,148,148,0,1"
2026-08-01 05:48:37.543244,40.449,288,3961.000,-748.000,186.000,0.000,0.000,148.000,148.000,0.000,1.000,"3961,-748,186,0,0,148,148,0,1"
2026-08-01 05:48:37.647493,40.553,289,3979.000,-748.000,188.000,0.000,0.000,149.000,149.000,0.000,1.000,"3979,-748,188,0,0,149,149,0,1"
2026-08-01 05:48:37.750562,40.656,290,3997.000,-736.000,191.000,0.000,0.000,150.000,150.000,0.000,1.000,"3997,-736,191,0,0,150,150,0,1"
2026-08-01 05:48:37.854720,40.760,291,4015.000,-736.000,192.000,0.000,0.000,151.000,151.000,0.000,1.000,"4015,-736,192,0,0,151,151,0,1"
2026-08-01 05:48:37.957909,40.863,292,4033.000,-748.000,188.000,0.000,0.000,151.000,151.000,0.000,1.000,"4033,-748,188,0,0,151,151,0,1"
2026-08-01 05:48:38.061667,40.967,293,4051.000,-748.000,189.000,0.000,0.000,152.000,152.000,0.000,1.000,"4051,-748,189,0,0,152,152,0,1"
2026-08-01 05:48:38.166109,41.072,294,4069.000,-748.000,187.000,0.000,0.000,151.000,151.000,0.000,1.000,"4069,-748,187,0,0,151,151,0,1"
2026-08-01 05:48:38.268976,41.175,295,4087.000,-748.000,186.000,0.000,0.000,150.000,150.000,0.000,1.000,"4087,-748,186,0,0,150,150,0,1"
2026-08-01 05:48:38.373055,41.279,296,4105.000,-748.000,186.000,0.000,0.000,150.000,150.000,0.000,1.000,"4105,-748,186,0,0,150,150,0,1"
2026-08-01 05:48:38.477634,41.383,297,4123.000,-748.000,188.000,0.000,0.000,150.000,150.000,0.000,1.000,"4123,-748,188,0,0,150,150,0,1"
2026-08-01 05:48:38.580406,41.486,298,4141.000,-748.000,187.000,0.000,0.000,150.000,150.000,0.000,1.000,"4141,-748,187,0,0,150,150,0,1"
2026-08-01 05:48:38.684787,41.590,299,4159.000,-748.000,186.000,0.000,0.000,150.000,150.000,0.000,1.000,"4159,-748,186,0,0,150,150,0,1"
2026-08-01 05:48:38.787638,41.693,300,4177.000,-748.000,186.000,0.000,0.000,149.000,149.000,0.000,1.000,"4177,-748,186,0,0,149,149,0,1"
2026-08-01 05:48:38.891793,41.797,301,4195.000,-748.000,186.000,0.000,0.000,149.000,149.000,0.000,1.000,"4195,-748,186,0,0,149,149,0,1"
2026-08-01 05:48:38.995129,41.901,302,4213.000,-748.000,186.000,0.000,0.000,149.000,149.000,0.000,1.000,"4213,-748,186,0,0,149,149,0,1"
2026-08-01 05:48:39.099059,42.005,303,4231.000,-748.000,186.000,0.000,0.000,148.000,148.000,0.000,1.000,"4231,-748,186,0,0,148,148,0,1"
2026-08-01 05:48:39.203109,42.109,304,4249.000,-748.000,186.000,0.000,0.000,148.000,148.000,0.000,1.000,"4249,-748,186,0,0,148,148,0,1"
2026-08-01 05:48:39.306326,42.212,305,4267.000,-748.000,186.000,0.000,0.000,148.000,148.000,0.000,1.000,"4267,-748,186,0,0,148,148,0,1"
2026-08-01 05:48:39.410493,42.316,306,4285.000,-748.000,186.000,0.000,0.000,148.000,148.000,0.000,1.000,"4285,-748,186,0,0,148,148,0,1"
2026-08-01 05:48:39.514199,42.420,307,4303.000,-748.000,186.000,0.000,0.000,148.000,148.000,0.000,1.000,"4303,-748,186,0,0,148,148,0,1"
2026-08-01 05:48:42.769303,45.675,308,522.000,-748.000,0.000,0.000,0.000,0.000,0.000,0.000,1.000,"522,-748,0,0,0,0,0,0,1"
2026-08-01 05:48:42.873109,45.779,309,540.000,-748.000,0.000,0.000,0.000,0.000,0.000,0.000,1.000,"540,-748,0,0,0,0,0,0,1"
2026-08-01 05:48:42.974945,45.881,310,554.000,-748.000,0.000,0.000,0.000,0.000,0.000,0.000,1.000,"554,-748,0,0,0,0,0,0,1"
2026-08-01 05:48:43.077748,45.983,311,571.000,-748.000,0.000,0.000,0.000,0.000,0.000,0.000,1.000,"571,-748,0,0,0,0,0,0,1"
2026-08-01 05:48:43.181039,46.087,312,588.000,-760.000,-6.000,0.000,-1.000,0.000,0.000,0.000,1.000,"588,-760,-6,0,-1,0,0,0,1"
2026-08-01 05:48:43.283468,46.189,313,606.000,-748.000,-12.000,0.000,-1.000,-4.000,-4.000,0.000,1.000,"606,-748,-12,0,-1,-4,-4,0,1"
2026-08-01 05:48:43.385856,46.291,314,624.000,-748.000,-9.000,0.000,0.000,-6.000,-6.000,0.000,1.000,"624,-748,-9,0,0,-6,-6,0,1"
2026-08-01 05:48:43.488878,46.394,315,642.000,-760.000,-14.000,0.000,-1.000,-7.000,-7.000,0.000,1.000,"642,-760,-14,0,-1,-7,-7,0,1"
2026-08-01 05:48:43.592959,46.499,316,660.000,-760.000,-14.000,0.000,0.000,-8.000,-8.000,0.000,1.000,"660,-760,-14,0,0,-8,-8,0,1"
2026-08-01 05:48:43.694927,46.600,317,678.000,-772.000,-21.000,0.000,-2.000,-10.000,-10.000,0.000,1.000,"678,-772,-21,0,-2,-10,-10,0,1"
2026-08-01 05:48:43.798925,46.704,318,696.000,-748.000,-13.000,0.000,0.000,-12.000,-12.000,0.000,1.000,"696,-748,-13,0,0,-12,-12,0,1"
2026-08-01 05:48:43.900789,46.806,319,714.000,-748.000,-9.000,0.000,1.000,-10.000,-10.000,0.000,1.000,"714,-748,-9,0,1,-10,-10,0,1"
2026-08-01 05:48:44.003642,46.909,320,732.000,-760.000,-12.000,0.000,0.000,-9.000,-9.000,0.000,1.000,"732,-760,-12,0,0,-9,-9,0,1"
2026-08-01 05:48:44.107471,47.013,321,750.000,-748.000,-11.000,0.000,0.000,-10.000,-10.000,0.000,1.000,"750,-748,-11,0,0,-10,-10,0,1"
2026-08-01 05:48:44.209286,47.115,322,768.000,-748.000,-11.000,0.000,0.000,-10.000,-10.000,0.000,1.000,"768,-748,-11,0,0,-10,-10,0,1"
2026-08-01 05:48:44.313193,47.219,323,786.000,-760.000,-18.000,0.000,-1.000,-11.000,-11.000,0.000,1.000,"786,-760,-18,0,-1,-11,-11,0,1"
2026-08-01 05:48:44.415718,47.321,324,804.000,-748.000,-14.000,0.000,0.000,-12.000,-12.000,0.000,1.000,"804,-748,-14,0,0,-12,-12,0,1"
2026-08-01 05:48:44.518404,47.424,325,822.000,-772.000,-21.000,0.000,-1.000,-12.000,-12.000,0.000,1.000,"822,-772,-21,0,-1,-12,-12,0,1"
2026-08-01 05:48:44.622043,47.528,326,840.000,-748.000,-18.000,0.000,0.000,-15.000,-15.000,0.000,1.000,"840,-748,-18,0,0,-15,-15,0,1"
2026-08-01 05:48:44.725175,47.631,327,858.000,-748.000,-17.000,0.000,0.000,-15.000,-15.000,0.000,1.000,"858,-748,-17,0,0,-15,-15,0,1"
2026-08-01 05:48:44.827677,47.733,328,876.000,-748.000,-14.000,0.000,1.000,-14.000,-14.000,0.000,1.000,"876,-748,-14,0,1,-14,-14,0,1"
2026-08-01 05:48:44.930391,47.836,329,894.000,-772.000,-18.000,0.000,0.000,-13.000,-13.000,0.000,1.000,"894,-772,-18,0,0,-13,-13,0,1"
2026-08-01 05:48:45.032914,47.938,330,912.000,-748.000,-14.000,0.000,0.000,-13.000,-13.000,0.000,1.000,"912,-748,-14,0,0,-13,-13,0,1"
2026-08-01 05:48:45.135677,48.041,331,930.000,-748.000,-12.000,0.000,0.000,-12.000,-12.000,0.000,1.000,"930,-748,-12,0,0,-12,-12,0,1"
2026-08-01 05:48:45.238679,48.144,332,948.000,-760.000,-13.000,0.000,0.000,-11.000,-11.000,0.000,1.000,"948,-760,-13,0,0,-11,-11,0,1"
2026-08-01 05:48:45.342629,48.248,333,966.000,-760.000,-14.000,0.000,0.000,-10.000,-10.000,0.000,1.000,"966,-760,-14,0,0,-10,-10,0,1"
2026-08-01 05:48:45.445098,48.351,334,984.000,-748.000,-9.000,0.000,0.000,-10.000,-10.000,0.000,1.000,"984,-748,-9,0,0,-10,-10,0,1"
2026-08-01 05:48:45.547944,48.454,335,1002.000,-760.000,-15.000,0.000,0.000,-10.000,-10.000,0.000,1.000,"1002,-760,-15,0,0,-10,-10,0,1"
2026-08-01 05:48:45.651872,48.557,336,1020.000,-748.000,-10.000,0.000,0.000,-10.000,-10.000,0.000,1.000,"1020,-748,-10,0,0,-10,-10,0,1"
2026-08-01 05:48:45.755377,48.661,337,1038.000,-760.000,-15.000,0.000,0.000,-10.000,-10.000,0.000,1.000,"1038,-760,-15,0,0,-10,-10,0,1"
2026-08-01 05:48:45.860072,48.766,338,1056.000,-748.000,-13.000,0.000,0.000,-11.000,-11.000,0.000,1.000,"1056,-748,-13,0,0,-11,-11,0,1"
2026-08-01 05:48:45.962474,48.868,339,1074.000,-760.000,-16.000,0.000,0.000,-11.000,-11.000,0.000,1.000,"1074,-760,-16,0,0,-11,-11,0,1"
2026-08-01 05:48:46.066401,48.972,340,1092.000,-760.000,-17.000,0.000,0.000,-12.000,-12.000,0.000,1.000,"1092,-760,-17,0,0,-12,-12,0,1"
2026-08-01 05:48:46.170058,49.076,341,1110.000,-760.000,-15.000,0.000,0.000,-12.000,-12.000,0.000,1.000,"1110,-760,-15,0,0,-12,-12,0,1"
2026-08-01 05:48:46.273871,49.179,342,1128.000,-760.000,-17.000,0.000,0.000,-12.000,-12.000,0.000,1.000,"1128,-760,-17,0,0,-12,-12,0,1"
2026-08-01 05:48:46.377949,49.284,343,1146.000,-760.000,-15.000,0.000,0.000,-12.000,-12.000,0.000,1.000,"1146,-760,-15,0,0,-12,-12,0,1"
2026-08-01 05:48:46.481089,49.387,344,1164.000,-748.000,-13.000,0.000,0.000,-12.000,-12.000,0.000,1.000,"1164,-748,-13,0,0,-12,-12,0,1"
2026-08-01 05:48:46.585605,49.491,345,1182.000,-748.000,-9.000,0.000,1.000,-11.000,-11.000,0.000,1.000,"1182,-748,-9,0,1,-11,-11,0,1"
2026-08-01 05:48:46.687827,49.593,346,1199.000,-760.000,-15.000,0.000,0.000,-10.000,-10.000,0.000,1.000,"1199,-760,-15,0,0,-10,-10,0,1"
2026-08-01 05:48:46.792148,49.698,347,1214.000,-748.000,-13.000,0.000,0.000,-11.000,-11.000,0.000,1.000,"1214,-748,-13,0,0,-11,-11,0,1"
2026-08-01 05:48:46.895368,49.801,348,1230.000,-760.000,-16.000,0.000,0.000,-11.000,-11.000,0.000,1.000,"1230,-760,-16,0,0,-11,-11,0,1"
2026-08-01 05:48:47.000349,49.906,349,1248.000,-748.000,-13.000,0.000,0.000,-12.000,-12.000,0.000,1.000,"1248,-748,-13,0,0,-12,-12,0,1"
2026-08-01 05:48:47.102114,50.008,350,1266.000,-748.000,-9.000,0.000,1.000,-11.000,-11.000,0.000,1.000,"1266,-748,-9,0,1,-11,-11,0,1"
2026-08-01 05:48:47.205483,50.111,351,1284.000,-748.000,-8.000,0.000,0.000,-9.000,-9.000,0.000,1.000,"1284,-748,-8,0,0,-9,-9,0,1"
2026-08-01 05:48:47.308054,50.214,352,1302.000,-748.000,-7.000,0.000,0.000,-8.000,-8.000,0.000,1.000,"1302,-748,-7,0,0,-8,-8,0,1"
2026-08-01 05:48:47.410770,50.316,353,1320.000,-760.000,-11.000,0.000,0.000,-7.000,-7.000,0.000,1.000,"1320,-760,-11,0,0,-7,-7,0,1"
2026-08-01 05:48:47.514268,50.420,354,1338.000,-760.000,-15.000,0.000,-1.000,-8.000,-8.000,0.000,1.000,"1338,-760,-15,0,-1,-8,-8,0,1"
2026-08-01 05:48:47.616495,50.522,355,1356.000,-760.000,-17.000,0.000,-1.000,-10.000,-10.000,0.000,1.000,"1356,-760,-17,0,-1,-10,-10,0,1"
2026-08-01 05:48:47.720131,50.626,356,1374.000,-748.000,-14.000,0.000,0.000,-12.000,-12.000,0.000,1.000,"1374,-748,-14,0,0,-12,-12,0,1"
2026-08-01 05:48:47.823338,50.729,357,1392.000,-748.000,-12.000,0.000,0.000,-12.000,-12.000,0.000,1.000,"1392,-748,-12,0,0,-12,-12,0,1"
2026-08-01 05:48:47.927535,50.833,358,1410.000,-748.000,-9.000,0.000,1.000,-10.000,-10.000,0.000,1.000,"1410,-748,-9,0,1,-10,-10,0,1"
2026-08-01 05:48:48.029991,50.936,359,1428.000,-748.000,-8.000,0.000,0.000,-9.000,-9.000,0.000,1.000,"1428,-748,-8,0,0,-9,-9,0,1"
2026-08-01 05:48:48.132220,51.038,360,1446.000,-748.000,-7.000,0.000,0.000,-7.000,-7.000,0.000,1.000,"1446,-748,-7,0,0,-7,-7,0,1"
2026-08-01 05:48:48.234994,51.141,361,1464.000,-748.000,-7.000,0.000,0.000,-6.000,-6.000,0.000,1.000,"1464,-748,-7,0,0,-6,-6,0,1"
2026-08-01 05:48:48.338822,51.244,362,1482.000,-748.000,-7.000,0.000,0.000,-6.000,-6.000,0.000,1.000,"1482,-748,-7,0,0,-6,-6,0,1"
2026-08-01 05:48:48.441042,51.347,363,1500.000,-712.000,5.000,0.000,3.000,-5.000,-5.000,0.000,1.000,"1500,-712,5,0,3,-5,-5,0,1"
2026-08-01 05:48:48.542889,51.448,364,1518.000,-700.000,20.000,0.000,5.000,0.000,0.000,0.000,1.000,"1518,-700,20,0,5,0,0,0,1"
2026-08-01 05:48:48.647121,51.553,365,1536.000,-676.000,46.000,0.000,8.000,11.000,11.000,0.000,1.000,"1536,-676,46,0,8,11,11,0,1"
2026-08-01 05:48:48.749364,51.655,366,1554.000,-639.000,70.000,0.000,10.000,25.000,25.000,0.000,1.000,"1554,-639,70,0,10,25,25,0,1"
2026-08-01 05:48:48.851731,51.757,367,1572.000,-591.000,105.000,0.000,13.000,42.000,42.000,0.000,1.000,"1572,-591,105,0,13,42,42,0,1"
2026-08-01 05:48:48.954430,51.860,368,1590.000,-555.000,146.000,0.000,16.000,66.000,66.000,0.000,1.000,"1590,-555,146,0,16,66,66,0,1"
2026-08-01 05:48:49.057047,51.963,369,1608.000,-507.000,186.000,0.000,18.000,93.000,93.000,0.000,1.000,"1608,-507,186,0,18,93,93,0,1"
2026-08-01 05:48:49.160420,52.066,370,1626.000,-434.000,244.000,0.000,23.000,125.000,125.000,0.000,1.000,"1626,-434,244,0,23,125,125,0,1"
2026-08-01 05:48:49.263804,52.169,371,1644.000,-398.000,296.000,0.000,24.000,163.000,163.000,0.000,1.000,"1644,-398,296,0,24,163,163,0,1"
2026-08-01 05:48:49.368762,52.274,372,1662.000,-362.000,338.000,0.000,23.000,180.000,180.000,0.000,1.000,"1662,-362,338,0,23,180,180,0,1"
2026-08-01 05:48:49.471167,52.377,373,1680.000,-302.000,385.000,0.000,23.000,180.000,180.000,0.000,1.000,"1680,-302,385,0,23,180,180,0,1"
2026-08-01 05:48:49.574884,52.480,374,1698.000,-278.000,424.000,0.000,21.000,180.000,180.000,0.000,1.000,"1698,-278,424,0,21,180,180,0,1"
2026-08-01 05:48:49.678613,52.584,375,1716.000,-254.000,458.000,0.000,19.000,180.000,180.000,0.000,1.000,"1716,-254,458,0,19,180,180,0,1"
2026-08-01 05:48:49.783035,52.689,376,1734.000,-242.000,476.000,0.000,15.000,180.000,180.000,0.000,1.000,"1734,-242,476,0,15,180,180,0,1"
2026-08-01 05:48:49.886072,52.792,377,1752.000,-242.000,486.000,0.000,10.000,180.000,180.000,0.000,1.000,"1752,-242,486,0,10,180,180,0,1"
2026-08-01 05:48:49.989492,52.895,378,1770.000,-266.000,479.000,0.000,4.000,180.000,180.000,0.000,1.000,"1770,-266,479,0,4,180,180,0,1"
2026-08-01 05:48:50.093305,52.999,379,1788.000,-278.000,472.000,0.000,0.000,180.000,180.000,0.000,1.000,"1788,-278,472,0,0,180,180,0,1"
2026-08-01 05:48:50.198088,53.104,380,1806.000,-290.000,462.000,0.000,-1.000,180.000,180.000,0.000,1.000,"1806,-290,462,0,-1,180,180,0,1"
2026-08-01 05:48:50.301241,53.207,381,1824.000,-314.000,447.000,0.000,-4.000,180.000,180.000,0.000,1.000,"1824,-314,447,0,-4,180,180,0,1"
2026-08-01 05:48:50.404468,53.310,382,1842.000,-338.000,427.000,0.000,-7.000,180.000,180.000,0.000,1.000,"1842,-338,427,0,-7,180,180,0,1"
2026-08-01 05:48:50.508002,53.414,383,1860.000,-386.000,391.000,0.000,-12.000,180.000,180.000,0.000,1.000,"1860,-386,391,0,-12,180,180,0,1"
2026-08-01 05:48:50.611329,53.517,384,1878.000,-398.000,366.000,0.000,-12.000,180.000,180.000,0.000,1.000,"1878,-398,366,0,-12,180,180,0,1"
2026-08-01 05:48:50.715731,53.621,385,1896.000,-398.000,352.000,0.000,-9.000,180.000,180.000,0.000,1.000,"1896,-398,352,0,-9,180,180,0,1"
2026-08-01 05:48:50.819336,53.725,386,1914.000,-410.000,345.000,0.000,-7.000,180.000,180.000,0.000,1.000,"1914,-410,345,0,-7,180,180,0,1"
2026-08-01 05:48:50.922973,53.829,387,1932.000,-410.000,337.000,0.000,-5.000,180.000,180.000,0.000,1.000,"1932,-410,337,0,-5,180,180,0,1"
2026-08-01 05:48:51.026727,53.932,388,1950.000,-410.000,333.000,0.000,-4.000,180.000,180.000,0.000,1.000,"1950,-410,333,0,-4,180,180,0,1"
2026-08-01 05:48:51.130930,54.036,389,1968.000,-410.000,332.000,0.000,-2.000,180.000,180.000,0.000,1.000,"1968,-410,332,0,-2,180,180,0,1"
2026-08-01 05:48:51.234286,54.140,390,1986.000,-410.000,331.000,0.000,-1.000,180.000,180.000,0.000,1.000,"1986,-410,331,0,-1,180,180,0,1"
2026-08-01 05:48:51.337954,54.244,391,2004.000,-410.000,333.000,0.000,0.000,180.000,180.000,0.000,1.000,"2004,-410,333,0,0,180,180,0,1"
2026-08-01 05:48:51.442019,54.348,392,2020.000,-410.000,332.000,0.000,0.000,180.000,180.000,0.000,1.000,"2020,-410,332,0,0,180,180,0,1"
2026-08-01 05:48:51.545255,54.451,393,2034.000,-410.000,331.000,0.000,0.000,180.000,180.000,0.000,1.000,"2034,-410,331,0,0,180,180,0,1"
2026-08-01 05:48:51.650054,54.556,394,2052.000,-410.000,331.000,0.000,0.000,180.000,180.000,0.000,1.000,"2052,-410,331,0,0,180,180,0,1"
2026-08-01 05:48:51.752677,54.658,395,2070.000,-410.000,331.000,0.000,0.000,180.000,180.000,0.000,1.000,"2070,-410,331,0,0,180,180,0,1"
2026-08-01 05:48:51.856374,54.762,396,2088.000,-398.000,335.000,0.000,0.000,180.000,180.000,0.000,1.000,"2088,-398,335,0,0,180,180,0,1"
2026-08-01 05:48:51.960586,54.866,397,2106.000,-410.000,332.000,0.000,0.000,180.000,180.000,0.000,1.000,"2106,-410,332,0,0,180,180,0,1"
2026-08-01 05:48:52.064293,54.970,398,2124.000,-410.000,331.000,0.000,0.000,180.000,180.000,0.000,1.000,"2124,-410,331,0,0,180,180,0,1"
2026-08-01 05:48:52.168131,55.074,399,2142.000,-410.000,331.000,0.000,0.000,180.000,180.000,0.000,1.000,"2142,-410,331,0,0,180,180,0,1"
2026-08-01 05:48:52.271224,55.177,400,2160.000,-410.000,331.000,0.000,0.000,180.000,180.000,0.000,1.000,"2160,-410,331,0,0,180,180,0,1"
2026-08-01 05:48:52.375076,55.281,401,2178.000,-410.000,331.000,0.000,0.000,180.000,180.000,0.000,1.000,"2178,-410,331,0,0,180,180,0,1"
2026-08-01 05:48:52.479214,55.385,402,2196.000,-410.000,325.000,0.000,0.000,180.000,180.000,0.000,1.000,"2196,-410,325,0,0,180,180,0,1"
2026-08-01 05:48:52.582609,55.488,403,2214.000,-422.000,321.000,0.000,-1.000,180.000,180.000,0.000,1.000,"2214,-422,321,0,-1,180,180,0,1"
2026-08-01 05:48:52.686105,55.592,404,2232.000,-422.000,322.000,0.000,0.000,180.000,180.000,0.000,1.000,"2232,-422,322,0,0,180,180,0,1"
2026-08-01 05:48:52.790054,55.696,405,2250.000,-410.000,327.000,0.000,0.000,180.000,180.000,0.000,1.000,"2250,-410,327,0,0,180,180,0,1"
2026-08-01 05:48:52.894075,55.800,406,2268.000,-410.000,329.000,0.000,0.000,180.000,180.000,0.000,1.000,"2268,-410,329,0,0,180,180,0,1"
2026-08-01 05:48:52.997626,55.903,407,2286.000,-410.000,327.000,0.000,0.000,180.000,180.000,0.000,1.000,"2286,-410,327,0,0,180,180,0,1"
2026-08-01 05:48:53.101258,56.007,408,2304.000,-422.000,325.000,0.000,0.000,180.000,180.000,0.000,1.000,"2304,-422,325,0,0,180,180,0,1"
2026-08-01 05:48:53.204680,56.110,409,2322.000,-410.000,328.000,0.000,0.000,180.000,180.000,0.000,1.000,"2322,-410,328,0,0,180,180,0,1"
2026-08-01 05:48:56.449004,59.355,410,522.000,-410.000,5.000,0.000,1.000,0.000,0.000,0.000,1.000,"522,-410,5,0,1,0,0,0,1"
2026-08-01 05:48:56.551638,59.457,411,540.000,-410.000,15.000,0.000,2.000,4.000,4.000,0.000,1.000,"540,-410,15,0,2,4,4,0,1"
2026-08-01 05:48:56.654017,59.560,412,558.000,-410.000,16.000,0.000,1.000,7.000,7.000,0.000,1.000,"558,-410,16,0,1,7,7,0,1"
2026-08-01 05:48:56.757126,59.663,413,576.000,-410.000,16.000,0.000,1.000,10.000,10.000,0.000,1.000,"576,-410,16,0,1,10,10,0,1"
2026-08-01 05:48:56.859530,59.765,414,594.000,-386.000,27.000,0.000,3.000,12.000,12.000,0.000,1.000,"594,-386,27,0,3,12,12,0,1"
2026-08-01 05:48:56.962114,59.868,415,612.000,-386.000,35.000,0.000,3.000,18.000,18.000,0.000,1.000,"612,-386,35,0,3,18,18,0,1"
2026-08-01 05:48:57.065004,59.971,416,630.000,-386.000,38.000,0.000,2.000,23.000,23.000,0.000,1.000,"630,-386,38,0,2,23,23,0,1"
2026-08-01 05:48:57.167902,60.073,417,642.000,-362.000,51.000,0.000,4.000,28.000,28.000,0.000,1.000,"642,-362,51,0,4,28,28,0,1"
2026-08-01 05:48:57.270642,60.176,418,660.000,-314.000,86.000,0.000,9.000,39.000,39.000,0.000,1.000,"660,-314,86,0,9,39,39,0,1"
2026-08-01 05:48:57.373202,60.279,419,678.000,-290.000,115.000,0.000,11.000,57.000,57.000,0.000,1.000,"678,-290,115,0,11,57,57,0,1"
2026-08-01 05:48:57.476371,60.382,420,696.000,-254.000,146.000,0.000,13.000,77.000,77.000,0.000,1.000,"696,-254,146,0,13,77,77,0,1"
2026-08-01 05:48:57.578647,60.484,421,714.000,-218.000,176.000,0.000,14.000,98.000,98.000,0.000,1.000,"714,-218,176,0,14,98,98,0,1"
2026-08-01 05:48:57.681521,60.587,422,732.000,-193.000,209.000,0.000,15.000,122.000,122.000,0.000,1.000,"732,-193,209,0,15,122,122,0,1"
2026-08-01 05:48:57.785251,60.691,423,750.000,-193.000,223.000,0.000,11.000,144.000,144.000,0.000,1.000,"750,-193,223,0,11,144,144,0,1"
2026-08-01 05:48:57.889266,60.795,424,768.000,-169.000,243.000,0.000,10.000,163.000,163.000,0.000,1.000,"768,-169,243,0,10,163,163,0,1"
2026-08-01 05:48:57.993577,60.899,425,786.000,-169.000,251.000,0.000,7.000,178.000,178.000,0.000,1.000,"786,-169,251,0,7,178,178,0,1"
2026-08-01 05:48:58.095937,61.002,426,804.000,-169.000,255.000,0.000,5.000,180.000,180.000,0.000,1.000,"804,-169,255,0,5,180,180,0,1"
2026-08-01 05:48:58.198500,61.104,427,822.000,-181.000,252.000,0.000,2.000,180.000,180.000,0.000,1.000,"822,-181,252,0,2,180,180,0,1"
2026-08-01 05:48:58.301275,61.207,428,840.000,-193.000,244.000,0.000,0.000,180.000,180.000,0.000,1.000,"840,-193,244,0,0,180,180,0,1"
2026-08-01 05:48:58.403888,61.309,429,858.000,-193.000,238.000,0.000,-1.000,180.000,180.000,0.000,1.000,"858,-193,238,0,-1,180,180,0,1"
2026-08-01 05:48:58.507809,61.413,430,876.000,-218.000,224.000,0.000,-4.000,180.000,180.000,0.000,1.000,"876,-218,224,0,-4,180,180,0,1"
2026-08-01 05:48:58.611766,61.517,431,894.000,-242.000,204.000,0.000,-6.000,180.000,180.000,0.000,1.000,"894,-242,204,0,-6,180,180,0,1"
2026-08-01 05:48:58.714463,61.620,432,912.000,-266.000,182.000,0.000,-8.000,171.000,171.000,0.000,1.000,"912,-266,182,0,-8,171,171,0,1"
2026-08-01 05:48:58.818987,61.725,433,930.000,-290.000,156.000,0.000,-10.000,156.000,156.000,0.000,1.000,"930,-290,156,0,-10,156,156,0,1"
2026-08-01 05:48:58.922039,61.828,434,948.000,-314.000,131.000,0.000,-11.000,138.000,138.000,0.000,1.000,"948,-314,131,0,-11,138,138,0,1"
2026-08-01 05:48:59.026123,61.932,435,966.000,-362.000,98.000,0.000,-13.000,119.000,119.000,0.000,1.000,"966,-362,98,0,-13,119,119,0,1"
2026-08-01 05:48:59.129666,62.035,436,984.000,-398.000,61.000,0.000,-15.000,95.000,95.000,0.000,1.000,"984,-398,61,0,-15,95,95,0,1"
2026-08-01 05:48:59.232000,62.138,437,1002.000,-410.000,35.000,0.000,-14.000,71.000,71.000,0.000,1.000,"1002,-410,35,0,-14,71,71,0,1"
2026-08-01 05:48:59.335628,62.241,438,1020.000,-447.000,9.000,0.000,-13.000,49.000,49.000,0.000,1.000,"1020,-447,9,0,-13,49,49,0,1"
2026-08-01 05:48:59.438101,62.344,439,1038.000,-483.000,-22.000,0.000,-14.000,26.000,26.000,0.000,1.000,"1038,-483,-22,0,-14,26,26,0,1"
2026-08-01 05:48:59.541524,62.447,440,1056.000,-507.000,-53.000,0.000,-14.000,2.000,2.000,0.000,1.000,"1056,-507,-53,0,-14,2,2,0,1"
2026-08-01 05:48:59.643435,62.549,441,1074.000,-507.000,-65.000,0.000,-11.000,-18.000,-18.000,0.000,1.000,"1074,-507,-65,0,-11,-18,-18,0,1"
2026-08-01 05:48:59.748273,62.654,442,1092.000,-507.000,-74.000,0.000,-8.000,-35.000,-35.000,0.000,1.000,"1092,-507,-74,0,-8,-35,-35,0,1"
2026-08-01 05:48:59.852233,62.758,443,1110.000,-507.000,-72.000,0.000,-4.000,-44.000,-44.000,0.000,1.000,"1110,-507,-72,0,-4,-44,-44,0,1"
2026-08-01 05:48:59.955842,62.861,444,1128.000,-483.000,-62.000,0.000,0.000,-48.000,-48.000,0.000,1.000,"1128,-483,-62,0,0,-48,-48,0,1"
2026-08-01 05:49:00.059193,62.965,445,1146.000,-459.000,-47.000,0.000,3.000,-47.000,-47.000,0.000,1.000,"1146,-459,-47,0,3,-47,-47,0,1"
2026-08-01 05:49:00.162594,63.068,446,1164.000,-410.000,-15.000,0.000,8.000,-39.000,-39.000,0.000,1.000,"1164,-410,-15,0,8,-39,-39,0,1"
2026-08-01 05:49:00.266466,63.172,447,1182.000,-386.000,19.000,0.000,12.000,-21.000,-21.000,0.000,1.000,"1182,-386,19,0,12,-21,-21,0,1"
2026-08-01 05:49:00.369479,63.275,448,1200.000,-374.000,36.000,0.000,10.000,-2.000,-2.000,0.000,1.000,"1200,-374,36,0,10,-2,-2,0,1"
2026-08-01 05:49:00.472896,63.378,449,1218.000,-338.000,61.000,0.000,11.000,14.000,14.000,0.000,1.000,"1218,-338,61,0,11,14,14,0,1"
2026-08-01 05:49:00.575057,63.481,450,1236.000,-290.000,99.000,0.000,14.000,34.000,34.000,0.000,1.000,"1236,-290,99,0,14,34,34,0,1"
2026-08-01 05:49:00.677908,63.583,451,1254.000,-242.000,143.000,0.000,18.000,60.000,60.000,0.000,1.000,"1254,-242,143,0,18,60,60,0,1"
2026-08-01 05:49:00.780559,63.686,452,1272.000,-193.000,190.000,0.000,20.000,90.000,90.000,0.000,1.000,"1272,-193,190,0,20,90,90,0,1"
2026-08-01 05:49:00.883928,63.789,453,1290.000,-145.000,232.000,0.000,21.000,122.000,122.000,0.000,1.000,"1290,-145,232,0,21,122,122,0,1"
2026-08-01 05:49:00.987873,63.893,454,1308.000,-109.000,273.000,0.000,21.000,155.000,155.000,0.000,1.000,"1308,-109,273,0,21,155,155,0,1"
2026-08-01 05:49:01.092058,63.998,455,1323.000,-85.000,306.000,0.000,18.000,180.000,180.000,0.000,1.000,"1323,-85,306,0,18,180,180,0,1"
2026-08-01 05:49:01.194322,64.100,456,1338.000,-73.000,333.000,0.000,16.000,180.000,180.000,0.000,1.000,"1338,-73,333,0,16,180,180,0,1"
2026-08-01 05:49:01.298070,64.204,457,1353.000,-49.000,359.000,0.000,14.000,180.000,180.000,0.000,1.000,"1353,-49,359,0,14,180,180,0,1"
2026-08-01 05:49:01.402030,64.308,458,1368.000,-49.000,370.000,0.000,10.000,180.000,180.000,0.000,1.000,"1368,-49,370,0,10,180,180,0,1"
2026-08-01 05:49:01.505969,64.412,459,1381.000,-73.000,366.000,0.000,4.000,180.000,180.000,0.000,1.000,"1381,-73,366,0,4,180,180,0,1"
2026-08-01 05:49:01.608442,64.514,460,1393.000,-73.000,359.000,0.000,1.000,180.000,180.000,0.000,1.000,"1393,-73,359,0,1,180,180,0,1"
2026-08-01 05:49:01.711101,64.617,461,1408.000,-97.000,347.000,0.000,-2.000,180.000,180.000,0.000,1.000,"1408,-97,347,0,-2,180,180,0,1"
2026-08-01 05:49:01.815146,64.721,462,1424.000,-121.000,329.000,0.000,-5.000,180.000,180.000,0.000,1.000,"1424,-121,329,0,-5,180,180,0,1"
2026-08-01 05:49:01.918557,64.824,463,1441.000,-121.000,315.000,0.000,-5.000,180.000,180.000,0.000,1.000,"1441,-121,315,0,-5,180,180,0,1"
2026-08-01 05:49:02.022287,64.928,464,1459.000,-169.000,285.000,0.000,-9.000,180.000,180.000,0.000,1.000,"1459,-169,285,0,-9,180,180,0,1"
2026-08-01 05:49:02.124892,65.030,465,1477.000,-193.000,252.000,0.000,-12.000,180.000,180.000,0.000,1.000,"1477,-193,252,0,-12,180,180,0,1"
2026-08-01 05:49:02.228893,65.134,466,1495.000,-266.000,205.000,0.000,-17.000,180.000,180.000,0.000,1.000,"1495,-266,205,0,-17,180,180,0,1"
2026-08-01 05:49:02.332241,65.238,467,1513.000,-290.000,165.000,0.000,-18.000,180.000,180.000,0.000,1.000,"1513,-290,165,0,-18,180,180,0,1"
2026-08-01 05:49:02.436100,65.342,468,1531.000,-362.000,113.000,0.000,-21.000,155.000,155.000,0.000,1.000,"1531,-362,113,0,-21,155,155,0,1"
2026-08-01 05:49:02.541113,65.447,469,1549.000,-398.000,67.000,0.000,-22.000,120.000,120.000,0.000,1.000,"1549,-398,67,0,-22,120,120,0,1"
2026-08-01 05:49:02.645108,65.551,470,1567.000,-459.000,21.000,0.000,-22.000,85.000,85.000,0.000,1.000,"1567,-459,21,0,-22,85,85,0,1"
2026-08-01 05:49:02.747419,65.653,471,1585.000,-483.000,-23.000,0.000,-22.000,48.000,48.000,0.000,1.000,"1585,-483,-23,0,-22,48,48,0,1"
2026-08-01 05:49:02.851725,65.757,472,1603.000,-555.000,-78.000,0.000,-24.000,10.000,10.000,0.000,1.000,"1603,-555,-78,0,-24,10,10,0,1"
2026-08-01 05:49:02.954652,65.860,473,1621.000,-567.000,-113.000,0.000,-21.000,-27.000,-27.000,0.000,1.000,"1621,-567,-113,0,-21,-27,-27,0,1"
2026-08-01 05:49:03.057720,65.963,474,1639.000,-579.000,-138.000,0.000,-17.000,-59.000,-59.000,0.000,1.000,"1639,-579,-138,0,-17,-59,-59,0,1"
2026-08-01 05:49:03.161473,66.067,475,1657.000,-603.000,-157.000,0.000,-13.000,-84.000,-84.000,0.000,1.000,"1657,-603,-157,0,-13,-84,-84,0,1"
2026-08-01 05:49:03.265466,66.171,476,1675.000,-627.000,-182.000,0.000,-12.000,-106.000,-106.000,0.000,1.000,"1675,-627,-182,0,-12,-106,-106,0,1"
2026-08-01 05:49:03.369228,66.275,477,1693.000,-627.000,-192.000,0.000,-9.000,-125.000,-125.000,0.000,1.000,"1693,-627,-192,0,-9,-125,-125,0,1"
2026-08-01 05:49:03.472794,66.378,478,1711.000,-603.000,-188.000,0.000,-4.000,-138.000,-138.000,0.000,1.000,"1711,-603,-188,0,-4,-138,-138,0,1"
2026-08-01 05:49:03.576176,66.482,479,1729.000,-579.000,-172.000,0.000,1.000,-142.000,-142.000,0.000,1.000,"1729,-579,-172,0,1,-142,-142,0,1"
2026-08-01 05:49:03.679948,66.586,480,1747.000,-579.000,-160.000,0.000,3.000,-138.000,-138.000,0.000,1.000,"1747,-579,-160,0,3,-138,-138,0,1"
2026-08-01 05:49:03.783770,66.689,481,1765.000,-507.000,-119.000,0.000,10.000,-128.000,-128.000,0.000,1.000,"1765,-507,-119,0,10,-128,-128,0,1"
2026-08-01 05:49:03.887270,66.793,482,1783.000,-459.000,-71.000,0.000,16.000,-106.000,-106.000,0.000,1.000,"1783,-459,-71,0,16,-106,-106,0,1"
2026-08-01 05:49:03.991166,66.897,483,1801.000,-386.000,-6.000,0.000,23.000,-74.000,-74.000,0.000,1.000,"1801,-386,-6,0,23,-74,-74,0,1"
2026-08-01 05:49:04.095755,67.001,484,1819.000,-302.000,61.000,0.000,27.000,-34.000,-34.000,0.000,1.000,"1819,-302,61,0,27,-34,-34,0,1"
2026-08-01 05:49:04.199722,67.105,485,1837.000,-218.000,141.000,0.000,32.000,14.000,14.000,0.000,1.000,"1837,-218,141,0,32,14,14,0,1"
2026-08-01 05:49:04.302014,67.208,486,1855.000,-121.000,228.000,0.000,37.000,70.000,70.000,0.000,1.000,"1855,-121,228,0,37,70,70,0,1"
2026-08-01 05:49:04.404097,67.310,487,1869.000,-1.000,331.000,0.000,43.000,134.000,134.000,0.000,1.000,"1869,-1,331,0,43,134,134,0,1"
2026-08-01 05:49:04.506996,67.413,488,1881.000,96.000,425.000,0.000,45.000,180.000,180.000,0.000,1.000,"1881,96,425,0,45,180,180,0,1"
2026-08-01 05:49:04.609489,67.515,489,1896.000,168.000,512.000,0.000,44.000,180.000,180.000,0.000,1.000,"1896,168,512,0,44,180,180,0,1"
2026-08-01 05:49:04.713964,67.620,490,1911.000,241.000,591.000,0.000,42.000,180.000,180.000,0.000,1.000,"1911,241,591,0,42,180,180,0,1"
2026-08-01 05:49:04.816962,67.723,491,1926.000,301.000,662.000,0.000,39.000,180.000,180.000,0.000,1.000,"1926,301,662,0,39,180,180,0,1"
2026-08-01 05:49:04.920577,67.826,492,1941.000,361.000,726.000,0.000,36.000,180.000,180.000,0.000,1.000,"1941,361,726,0,36,180,180,0,1"
2026-08-01 05:49:05.024378,67.930,493,1956.000,361.000,762.000,0.000,27.000,180.000,180.000,0.000,1.000,"1956,361,762,0,27,180,180,0,1"
2026-08-01 05:49:05.128727,68.034,494,1971.000,361.000,777.000,0.000,18.000,180.000,180.000,0.000,1.000,"1971,361,777,0,18,180,180,0,1"
2026-08-01 05:49:05.232358,68.138,495,1986.000,349.000,779.000,0.000,10.000,180.000,180.000,0.000,1.000,"1986,349,779,0,10,180,180,0,1"
2026-08-01 05:49:05.335742,68.241,496,2001.000,313.000,762.000,0.000,2.000,180.000,180.000,0.000,1.000,"2001,313,762,0,2,180,180,0,1"
2026-08-01 05:49:05.438187,68.344,497,2016.000,277.000,733.000,0.000,-5.000,180.000,180.000,0.000,1.000,"2016,277,733,0,-5,180,180,0,1"
2026-08-01 05:49:05.542416,68.448,498,2031.000,192.000,678.000,0.000,-15.000,180.000,180.000,0.000,1.000,"2031,192,678,0,-15,180,180,0,1"
2026-08-01 05:49:05.645930,68.551,499,2046.000,120.000,616.000,0.000,-22.000,180.000,180.000,0.000,1.000,"2046,120,616,0,-22,180,180,0,1"
2026-08-01 05:49:05.751314,68.657,500,2059.000,72.000,556.000,0.000,-25.000,180.000,180.000,0.000,1.000,"2059,72,556,0,-25,180,180,0,1"
2026-08-01 05:49:05.853058,68.759,501,2072.000,-49.000,470.000,0.000,-33.000,180.000,180.000,0.000,1.000,"2072,-49,470,0,-33,180,180,0,1"
2026-08-01 05:49:05.956710,68.862,502,2089.000,-145.000,377.000,0.000,-39.000,180.000,180.000,0.000,1.000,"2089,-145,377,0,-39,180,180,0,1"
2026-08-01 05:49:06.059551,68.965,503,2107.000,-242.000,280.000,0.000,-43.000,180.000,180.000,0.000,1.000,"2107,-242,280,0,-43,180,180,0,1"
2026-08-01 05:49:06.163638,69.069,504,2125.000,-350.000,182.000,0.000,-46.000,180.000,180.000,0.000,1.000,"2125,-350,182,0,-46,180,180,0,1"
2026-08-01 05:49:06.268700,69.174,505,2143.000,-459.000,75.000,0.000,-49.000,180.000,180.000,0.000,1.000,"2143,-459,75,0,-49,180,180,0,1"
2026-08-01 05:49:06.371167,69.277,506,2161.000,-567.000,-32.000,0.000,-51.000,129.000,129.000,0.000,1.000,"2161,-567,-32,0,-51,129,129,0,1"
2026-08-01 05:49:06.475678,69.381,507,2179.000,-676.000,-138.000,0.000,-52.000,47.000,47.000,0.000,1.000,"2179,-676,-138,0,-52,47,47,0,1"
2026-08-01 05:49:06.578804,69.484,508,2197.000,-748.000,-232.000,0.000,-50.000,-35.000,-35.000,0.000,1.000,"2197,-748,-232,0,-50,-35,-35,0,1"
2026-08-01 05:49:06.682784,69.588,509,2215.000,-832.000,-318.000,0.000,-47.000,-113.000,-113.000,0.000,1.000,"2215,-832,-318,0,-47,-113,-113,0,1"
2026-08-01 05:49:06.786260,69.692,510,2233.000,-893.000,-398.000,0.000,-43.000,-180.000,-180.000,0.000,1.000,"2233,-893,-398,0,-43,-180,-180,0,1"
2026-08-01 05:49:06.890832,69.796,511,2251.000,-965.000,-467.000,0.000,-40.000,-180.000,-180.000,0.000,1.000,"2251,-965,-467,0,-40,-180,-180,0,1"
2026-08-01 05:49:06.993906,69.899,512,2270.000,-1001.000,-523.000,0.000,-34.000,-180.000,-180.000,0.000,1.000,"2270,-1001,-523,0,-34,-180,-180,0,1"
2026-08-01 05:49:07.098510,70.004,513,2289.000,-989.000,-551.000,0.000,-25.000,-180.000,-180.000,0.000,1.000,"2289,-989,-551,0,-25,-180,-180,0,1"
2026-08-01 05:49:07.201127,70.107,514,2307.000,-977.000,-553.000,0.000,-14.000,-180.000,-180.000,0.000,1.000,"2307,-977,-553,0,-14,-180,-180,0,1"
2026-08-01 05:49:07.304835,70.210,515,2325.000,-941.000,-536.000,0.000,-4.000,-180.000,-180.000,0.000,1.000,"2325,-941,-536,0,-4,-180,-180,0,1"
2026-08-01 05:49:07.408728,70.314,516,2343.000,-868.000,-492.000,0.000,7.000,-180.000,-180.000,0.000,1.000,"2343,-868,-492,0,7,-180,-180,0,1"
2026-08-01 05:49:07.512311,70.418,517,2361.000,-784.000,-433.000,0.000,17.000,-180.000,-180.000,0.000,1.000,"2361,-784,-433,0,17,-180,-180,0,1"
2026-08-01 05:49:07.615850,70.521,518,2379.000,-676.000,-348.000,0.000,29.000,-180.000,-180.000,0.000,1.000,"2379,-676,-348,0,29,-180,-180,0,1"
2026-08-01 05:49:07.720575,70.626,519,2397.000,-579.000,-251.000,0.000,38.000,-180.000,-180.000,0.000,1.000,"2397,-579,-251,0,38,-180,-180,0,1"
2026-08-01 05:49:07.823113,70.729,520,2415.000,-290.000,-76.000,0.000,61.000,-180.000,-180.000,0.000,1.000,"2415,-290,-76,0,61,-180,-180,0,1"
2026-08-01 05:49:07.926014,70.832,521,2433.000,-266.000,33.000,0.000,59.000,-151.000,-151.000,0.000,1.000,"2433,-266,33,0,59,-151,-151,0,1"
2026-08-01 05:49:08.031468,70.937,522,2450.000,-97.000,151.000,0.000,59.000,-56.000,-61.000,0.000,1.000,"2450,-97,151,0,59,-56,-61,0,1"
2026-08-01 05:49:08.135010,71.041,523,2463.000,96.000,299.000,0.000,65.000,43.000,29.000,0.000,1.000,"2463,96,299,0,65,43,29,0,1"
2026-08-01 05:49:08.237329,71.143,524,2477.000,192.000,473.000,0.000,74.000,155.000,119.000,0.000,1.000,"2477,192,473,0,74,155,119,0,1"
2026-08-01 05:49:08.341378,71.247,525,2488.000,385.000,657.000,0.000,81.000,180.000,180.000,0.000,1.000,"2488,385,657,0,81,180,180,0,1"
2026-08-01 05:49:08.445920,71.351,526,2503.000,530.000,819.000,0.000,80.000,180.000,180.000,0.000,1.000,"2503,530,819,0,80,180,180,0,1"
2026-08-01 05:49:08.549185,71.455,527,2518.000,699.000,1004.000,0.000,84.000,180.000,180.000,0.000,1.000,"2518,699,1004,0,84,180,180,0,1"
2026-08-01 05:49:08.652160,71.558,528,2533.000,819.000,1133.000,0.000,75.000,180.000,180.000,0.000,1.000,"2533,819,1133,0,75,180,180,0,1"
2026-08-01 05:49:08.755787,71.661,529,2548.000,916.000,1248.000,0.000,67.000,180.000,180.000,0.000,1.000,"2548,916,1248,0,67,180,180,0,1"
2026-08-01 05:49:08.860306,71.766,530,2563.000,988.000,1339.000,0.000,57.000,180.000,180.000,0.000,1.000,"2563,988,1339,0,57,180,180,0,1"
2026-08-01 05:49:08.962624,71.868,531,2581.000,1012.000,1396.000,0.000,44.000,180.000,180.000,0.000,1.000,"2581,1012,1396,0,44,180,180,0,1"
2026-08-01 05:49:09.067068,71.973,532,2599.000,1012.000,1423.000,0.000,30.000,180.000,180.000,0.000,1.000,"2599,1012,1423,0,30,180,180,0,1"
2026-08-01 05:49:09.170021,72.076,533,2617.000,1024.000,1436.000,0.000,20.000,180.000,180.000,0.000,1.000,"2617,1024,1436,0,20,180,180,0,1"
2026-08-01 05:49:09.274963,72.181,534,2634.000,988.000,1429.000,0.000,9.000,180.000,180.000,0.000,1.000,"2634,988,1429,0,9,180,180,0,1"
2026-08-01 05:49:09.378461,72.284,535,2649.000,928.000,1389.000,0.000,-3.000,180.000,180.000,0.000,1.000,"2649,928,1389,0,-3,180,180,0,1"
2026-08-01 05:49:09.481049,72.387,536,2664.000,843.000,1328.000,0.000,-15.000,180.000,180.000,0.000,1.000,"2664,843,1328,0,-15,180,180,0,1"
2026-08-01 05:49:09.584696,72.490,537,2679.000,723.000,1236.000,0.000,-28.000,180.000,180.000,0.000,1.000,"2679,723,1236,0,-28,180,180,0,1"
2026-08-01 05:49:09.688400,72.594,538,2694.000,626.000,1141.000,0.000,-36.000,180.000,180.000,0.000,1.000,"2694,626,1141,0,-36,180,180,0,1"
2026-08-01 05:49:09.791729,72.697,539,2709.000,506.000,1021.000,0.000,-46.000,180.000,180.000,0.000,1.000,"2709,506,1021,0,-46,180,180,0,1"
2026-08-01 05:49:09.896882,72.802,540,2724.000,313.000,869.000,0.000,-58.000,180.000,180.000,0.000,1.000,"2724,313,869,0,-58,180,180,0,1"
2026-08-01 05:49:10.000807,72.906,541,2739.000,144.000,710.000,0.000,-67.000,180.000,180.000,0.000,1.000,"2739,144,710,0,-67,180,180,0,1"
2026-08-01 05:49:10.102777,73.008,542,2753.000,-157.000,497.000,0.000,-85.000,180.000,180.000,0.000,1.000,"2753,-157,497,0,-85,180,180,0,1"
2026-08-01 05:49:10.206586,73.112,543,2770.000,-218.000,342.000,0.000,-81.000,180.000,180.000,0.000,1.000,"2770,-218,342,0,-81,180,180,0,1"
2026-08-01 05:49:10.310643,73.216,544,2788.000,-386.000,146.000,0.000,-86.000,180.000,180.000,0.000,1.000,"2788,-386,146,0,-86,180,180,0,1"
2026-08-01 05:49:10.414668,73.320,545,2806.000,-736.000,-70.000,0.000,-97.000,180.000,180.000,0.000,1.000,"2806,-736,-70,0,-97,180,180,0,1"
2026-08-01 05:49:10.517723,73.423,546,2824.000,-748.000,-198.000,0.000,-82.000,89.000,114.000,0.000,1.000,"2824,-748,-198,0,-82,89,114,0,1"
2026-08-01 05:49:10.622121,73.528,547,2843.000,-1013.000,-383.000,0.000,-88.000,-42.000,24.000,0.000,1.000,"2843,-1013,-383,0,-88,-42,24,0,1"
2026-08-01 05:49:10.726061,73.632,548,2862.000,-1013.000,-486.000,0.000,-72.000,-172.000,-66.000,0.000,1.000,"2862,-1013,-486,0,-72,-172,-66,0,1"
2026-08-01 05:49:10.829890,73.735,549,2883.000,-1049.000,-564.000,0.000,-57.000,-180.000,-156.000,0.000,1.000,"2883,-1049,-564,0,-57,-180,-156,0,1"
2026-08-01 05:49:10.933546,73.839,550,2904.000,-1037.000,-590.000,0.000,-37.000,-180.000,-180.000,0.000,1.000,"2904,-1037,-590,0,-37,-180,-180,0,1"
2026-08-01 05:49:11.037155,73.943,551,2924.000,-989.000,-579.000,0.000,-18.000,-180.000,-180.000,0.000,1.000,"2924,-989,-579,0,-18,-180,-180,0,1"
2026-08-01 05:49:11.140752,74.046,552,2942.000,-941.000,-544.000,0.000,-2.000,-180.000,-180.000,0.000,1.000,"2942,-941,-544,0,-2,-180,-180,0,1"
2026-08-01 05:49:11.244432,74.150,553,2960.000,-868.000,-490.000,0.000,10.000,-180.000,-180.000,0.000,1.000,"2960,-868,-490,0,10,-180,-180,0,1"
2026-08-01 05:49:11.348270,74.254,554,2978.000,-772.000,-411.000,0.000,22.000,-180.000,-180.000,0.000,1.000,"2978,-772,-411,0,22,-180,-180,0,1"
2026-08-01 05:49:11.451850,74.357,555,2996.000,-651.000,-311.000,0.000,34.000,-180.000,-180.000,0.000,1.000,"2996,-651,-311,0,34,-180,-180,0,1"
2026-08-01 05:49:11.555716,74.461,556,3014.000,-507.000,-188.000,0.000,46.000,-180.000,-180.000,0.000,1.000,"3014,-507,-188,0,46,-180,-180,0,1"
2026-08-01 05:49:11.659164,74.565,557,3032.000,-362.000,-50.000,0.000,55.000,-180.000,-180.000,0.000,1.000,"3032,-362,-50,0,55,-180,-180,0,1"
2026-08-01 05:49:11.762956,74.669,558,3050.000,-169.000,138.000,0.000,70.000,-101.000,-114.000,0.000,1.000,"3050,-169,138,0,70,-101,-114,0,1"
2026-08-01 05:49:11.867787,74.773,559,3065.000,12.000,298.000,0.000,74.000,15.000,-24.000,0.000,1.000,"3065,12,298,0,74,15,-24,0,1"
2026-08-01 05:49:11.969338,74.875,560,3079.000,192.000,472.000,0.000,79.000,139.000,66.000,0.000,1.000,"3079,192,472,0,79,139,66,0,1"
2026-08-01 05:49:12.072734,74.978,561,3094.000,385.000,657.000,0.000,84.000,180.000,156.000,0.000,1.000,"3094,385,657,0,84,180,156,0,1"
2026-08-01 05:49:12.176353,75.082,562,3109.000,566.000,859.000,0.000,89.000,180.000,180.000,0.000,1.000,"3109,566,859,0,89,180,180,0,1"
2026-08-01 05:49:12.280031,75.186,563,3124.000,747.000,1043.000,0.000,89.000,180.000,180.000,0.000,1.000,"3124,747,1043,0,89,180,180,0,1"
2026-08-01 05:49:12.383812,75.289,564,3139.000,891.000,1180.000,0.000,80.000,180.000,180.000,0.000,1.000,"3139,891,1180,0,80,180,180,0,1"
2026-08-01 05:49:12.486230,75.392,565,3155.000,1000.000,1309.000,0.000,73.000,180.000,180.000,0.000,1.000,"3155,1000,1309,0,73,180,180,0,1"
2026-08-01 05:49:12.590236,75.496,566,3173.000,1084.000,1414.000,0.000,64.000,180.000,180.000,0.000,1.000,"3173,1084,1414,0,64,180,180,0,1"
2026-08-01 05:49:12.693516,75.599,567,3191.000,1133.000,1492.000,0.000,53.000,180.000,180.000,0.000,1.000,"3191,1133,1492,0,53,180,180,0,1"
2026-08-01 05:49:12.797305,75.703,568,3209.000,1120.000,1529.000,0.000,37.000,180.000,180.000,0.000,1.000,"3209,1120,1529,0,37,180,180,0,1"
2026-08-01 05:49:12.900891,75.806,569,3227.000,1108.000,1543.000,0.000,23.000,180.000,180.000,0.000,1.000,"3227,1108,1543,0,23,180,180,0,1"
2026-08-01 05:49:13.005176,75.911,570,3245.000,1108.000,1544.000,0.000,12.000,180.000,180.000,0.000,1.000,"3245,1108,1544,0,12,180,180,0,1"
2026-08-01 05:49:13.110188,76.016,571,3263.000,1036.000,1513.000,0.000,0.000,180.000,180.000,0.000,1.000,"3263,1036,1513,0,0,180,180,0,1"
2026-08-01 05:49:13.212491,76.118,572,3279.000,964.000,1453.000,0.000,-13.000,180.000,180.000,0.000,1.000,"3279,964,1453,0,-13,180,180,0,1"
2026-08-01 05:49:13.316894,76.222,573,3294.000,867.000,1375.000,0.000,-25.000,180.000,180.000,0.000,1.000,"3294,867,1375,0,-25,180,180,0,1"
2026-08-01 05:49:13.419308,76.325,574,3309.000,723.000,1250.000,0.000,-40.000,180.000,180.000,0.000,1.000,"3309,723,1250,0,-40,180,180,0,1"
2026-08-01 05:49:13.523469,76.429,575,3324.000,554.000,1122.000,0.000,-51.000,180.000,180.000,0.000,1.000,"3324,554,1122,0,-51,180,180,0,1"
2026-08-01 05:49:13.628107,76.534,576,3339.000,409.000,979.000,0.000,-60.000,180.000,180.000,0.000,1.000,"3339,409,979,0,-60,180,180,0,1"
2026-08-01 05:49:13.731624,76.637,577,3354.000,241.000,826.000,0.000,-68.000,180.000,180.000,0.000,1.000,"3354,241,826,0,-68,180,180,0,1"
2026-08-01 05:49:13.835206,76.741,578,3367.000,48.000,626.000,0.000,-80.000,180.000,180.000,0.000,1.000,"3367,48,626,0,-80,180,180,0,1"
2026-08-01 05:49:13.937833,76.843,579,3383.000,-145.000,454.000,0.000,-83.000,180.000,180.000,0.000,1.000,"3383,-145,454,0,-83,180,180,0,1"
2026-08-01 05:49:14.042480,76.948,580,3401.000,-495.000,215.000,0.000,-101.000,180.000,180.000,0.000,1.000,"3401,-495,215,0,-101,180,180,0,1"
2026-08-01 05:49:14.146188,77.052,581,3419.000,-688.000,-29.000,0.000,-110.000,180.000,180.000,0.000,1.000,"3419,-688,-29,0,-110,180,180,0,1"
2026-08-01 05:49:14.250050,77.156,582,3437.000,-712.000,-185.000,0.000,-94.000,136.000,136.000,0.000,1.000,"3437,-712,-185,0,-94,136,136,0,1"
2026-08-01 05:49:14.354232,77.260,583,3455.000,-868.000,-311.000,0.000,-81.000,-4.000,46.000,0.000,1.000,"3455,-868,-311,0,-81,-4,46,0,1"
2026-08-01 05:49:14.457536,77.363,584,3474.000,-1025.000,-457.000,0.000,-77.000,-132.000,-44.000,0.000,1.000,"3474,-1025,-457,0,-77,-132,-44,0,1"
2026-08-01 05:49:14.561391,77.467,585,3495.000,-1049.000,-552.000,0.000,-63.000,-180.000,-134.000,0.000,1.000,"3495,-1049,-552,0,-63,-180,-134,0,1"
2026-08-01 05:49:14.665434,77.571,586,3516.000,-1013.000,-577.000,0.000,-40.000,-180.000,-180.000,0.000,1.000,"3516,-1013,-577,0,-40,-180,-180,0,1"
2026-08-01 05:49:14.768599,77.674,587,3535.000,-989.000,-573.000,0.000,-21.000,-180.000,-180.000,0.000,1.000,"3535,-989,-573,0,-21,-180,-180,0,1"
2026-08-01 05:49:14.872143,77.778,588,3553.000,-941.000,-544.000,0.000,-5.000,-180.000,-180.000,0.000,1.000,"3553,-941,-544,0,-5,-180,-180,0,1"
2026-08-01 05:49:14.975777,77.881,589,3571.000,-868.000,-490.000,0.000,8.000,-180.000,-180.000,0.000,1.000,"3571,-868,-490,0,8,-180,-180,0,1"
2026-08-01 05:49:15.079527,77.985,590,3589.000,-772.000,-422.000,0.000,20.000,-180.000,-180.000,0.000,1.000,"3589,-772,-422,0,20,-180,-180,0,1"
2026-08-01 05:49:15.184811,78.090,591,3607.000,-676.000,-338.000,0.000,30.000,-180.000,-180.000,0.000,1.000,"3607,-676,-338,0,30,-180,-180,0,1"
2026-08-01 05:49:15.287021,78.193,592,3625.000,-531.000,-225.000,0.000,42.000,-180.000,-180.000,0.000,1.000,"3625,-531,-225,0,42,-180,-180,0,1"
2026-08-01 05:49:15.390569,78.296,593,3643.000,-362.000,-79.000,0.000,55.000,-180.000,-180.000,0.000,1.000,"3643,-362,-79,0,55,-180,-180,0,1"
2026-08-01 05:49:15.494445,78.400,594,3661.000,-193.000,98.000,0.000,69.000,-129.000,-135.000,0.000,1.000,"3661,-193,98,0,69,-129,-135,0,1"
2026-08-01 05:49:15.598500,78.504,595,3677.000,-25.000,246.000,0.000,72.000,-18.000,-45.000,0.000,1.000,"3677,-25,246,0,72,-18,-45,0,1"
2026-08-01 05:49:15.701877,78.607,596,3691.000,180.000,424.000,0.000,80.000,99.000,45.000,0.000,1.000,"3691,180,424,0,80,99,45,0,1"
2026-08-01 05:49:15.805024,78.711,597,3706.000,373.000,587.000,0.000,80.000,180.000,135.000,0.000,1.000,"3706,373,587,0,80,180,135,0,1"
2026-08-01 05:49:15.908569,78.814,598,3721.000,530.000,767.000,0.000,84.000,180.000,180.000,0.000,1.000,"3721,530,767,0,84,180,180,0,1"
2026-08-01 05:49:16.011471,78.917,599,3736.000,687.000,1012.000,0.000,100.000,180.000,180.000,0.000,1.000,"3736,687,1012,0,100,180,180,0,1"
2026-08-01 05:49:16.115897,79.021,600,3751.000,855.000,1130.000,0.000,82.000,180.000,180.000,0.000,1.000,"3751,855,1130,0,82,180,180,0,1"
2026-08-01 05:49:16.219451,79.125,601,3761.000,928.000,1251.000,0.000,72.000,180.000,180.000,0.000,1.000,"3761,928,1251,0,72,180,180,0,1"
2026-08-01 05:49:16.322106,79.228,602,3777.000,1012.000,1354.000,0.000,62.000,180.000,180.000,0.000,1.000,"3777,1012,1354,0,62,180,180,0,1"
2026-08-01 05:49:16.425984,79.332,603,3795.000,1108.000,1447.000,0.000,55.000,180.000,180.000,0.000,1.000,"3795,1108,1447,0,55,180,180,0,1"
2026-08-01 05:49:16.530291,79.436,604,3813.000,1133.000,1506.000,0.000,44.000,180.000,180.000,0.000,1.000,"3813,1133,1506,0,44,180,180,0,1"
2026-08-01 05:49:16.633934,79.539,605,3831.000,1108.000,1528.000,0.000,29.000,180.000,180.000,0.000,1.000,"3831,1108,1528,0,29,180,180,0,1"
2026-08-01 05:49:16.736827,79.642,606,3849.000,1084.000,1521.000,0.000,14.000,180.000,180.000,0.000,1.000,"3849,1084,1521,0,14,180,180,0,1"
2026-08-01 05:49:16.841737,79.747,607,3867.000,1012.000,1479.000,0.000,0.000,180.000,180.000,0.000,1.000,"3867,1012,1479,0,0,180,180,0,1"
2026-08-01 05:49:16.945138,79.851,608,3882.000,940.000,1419.000,0.000,-13.000,180.000,180.000,0.000,1.000,"3882,940,1419,0,-13,180,180,0,1"
2026-08-01 05:49:17.048295,79.954,609,3897.000,831.000,1334.000,0.000,-26.000,180.000,180.000,0.000,1.000,"3897,831,1334,0,-26,180,180,0,1"
2026-08-01 05:49:17.152176,80.058,610,3912.000,699.000,1227.000,0.000,-38.000,180.000,180.000,0.000,1.000,"3912,699,1227,0,-38,180,180,0,1"
2026-08-01 05:49:17.255534,80.161,611,3927.000,566.000,1105.000,0.000,-48.000,180.000,180.000,0.000,1.000,"3927,566,1105,0,-48,180,180,0,1"
2026-08-01 05:49:17.360755,80.266,612,3942.000,409.000,966.000,0.000,-57.000,180.000,180.000,0.000,1.000,"3942,409,966,0,-57,180,180,0,1"
2026-08-01 05:49:17.463885,80.369,613,3957.000,241.000,805.000,0.000,-67.000,180.000,180.000,0.000,1.000,"3957,241,805,0,-67,180,180,0,1"
2026-08-01 05:49:17.568788,80.474,614,3970.000,48.000,625.000,0.000,-76.000,180.000,180.000,0.000,1.000,"3970,48,625,0,-76,180,180,0,1"
2026-08-01 05:49:17.670181,80.576,615,3987.000,-145.000,437.000,0.000,-83.000,180.000,180.000,0.000,1.000,"3987,-145,437,0,-83,180,180,0,1"
2026-08-01 05:49:17.774674,80.680,616,4005.000,-495.000,159.000,0.000,-106.000,180.000,180.000,0.000,1.000,"4005,-495,159,0,-106,180,180,0,1"
2026-08-01 05:49:17.878437,80.784,617,4023.000,-676.000,-59.000,0.000,-107.000,180.000,180.000,0.000,1.000,"4023,-676,-59,0,-107,180,180,0,1"
2026-08-01 05:49:17.982121,80.888,618,4041.000,-700.000,-174.000,0.000,-85.000,116.000,135.000,0.000,1.000,"4041,-700,-174,0,-85,116,135,0,1"
2026-08-01 05:49:18.085433,80.991,619,4059.000,-977.000,-352.000,0.000,-88.000,-18.000,45.000,0.000,1.000,"4059,-977,-352,0,-88,-18,45,0,1"
2026-08-01 05:49:18.189911,81.095,620,4079.000,-1001.000,-486.000,0.000,-77.000,-156.000,-45.000,0.000,1.000,"4079,-1001,-486,0,-77,-156,-45,0,1"
2026-08-01 05:49:18.293554,81.199,621,4100.000,-1037.000,-560.000,0.000,-59.000,-180.000,-135.000,0.000,1.000,"4100,-1037,-560,0,-59,-180,-135,0,1"
2026-08-01 05:49:18.397102,81.303,622,4121.000,-1013.000,-575.000,0.000,-36.000,-180.000,-180.000,0.000,1.000,"4121,-1013,-575,0,-36,-180,-180,0,1"
2026-08-01 05:49:18.500867,81.406,623,4141.000,-989.000,-570.000,0.000,-19.000,-180.000,-180.000,0.000,1.000,"4141,-989,-570,0,-19,-180,-180,0,1"
2026-08-01 05:49:18.605565,81.511,624,4159.000,-941.000,-543.000,0.000,-4.000,-180.000,-180.000,0.000,1.000,"4159,-941,-543,0,-4,-180,-180,0,1"
2026-08-01 05:49:18.708105,81.614,625,4177.000,-880.000,-494.000,0.000,7.000,-180.000,-180.000,0.000,1.000,"4177,-880,-494,0,7,-180,-180,0,1"
2026-08-01 05:49:18.812178,81.718,626,4195.000,-784.000,-420.000,0.000,20.000,-180.000,-180.000,0.000,1.000,"4195,-784,-420,0,20,-180,-180,0,1"
2026-08-01 05:49:18.915535,81.821,627,4213.000,-676.000,-326.000,0.000,31.000,-180.000,-180.000,0.000,1.000,"4213,-676,-326,0,31,-180,-180,0,1"
2026-08-01 05:49:19.019133,81.925,628,4231.000,-531.000,-209.000,0.000,43.000,-180.000,-180.000,0.000,1.000,"4231,-531,-209,0,43,-180,-180,0,1"
2026-08-01 05:49:19.123096,82.029,629,4249.000,-374.000,-46.000,0.000,58.000,-180.000,-180.000,0.000,1.000,"4249,-374,-46,0,58,-180,-180,0,1"
2026-08-01 05:49:19.226376,82.132,630,4267.000,-218.000,90.000,0.000,62.000,-115.000,-119.000,0.000,1.000,"4267,-218,90,0,62,-115,-119,0,1"
2026-08-01 05:49:19.330313,82.236,631,4283.000,108.000,300.000,0.000,82.000,-7.000,-29.000,0.000,1.000,"4283,108,300,0,82,-7,-29,0,1"
2026-08-01 05:49:19.433141,82.339,632,4296.000,168.000,454.000,0.000,79.000,123.000,61.000,0.000,1.000,"4296,168,454,0,79,123,61,0,1"
2026-08-01 05:49:19.535877,82.441,633,4311.000,361.000,630.000,0.000,83.000,180.000,151.000,0.000,1.000,"4311,361,630,0,83,180,151,0,1"
2026-08-01 05:49:19.639689,82.545,634,4326.000,530.000,810.000,0.000,85.000,180.000,180.000,0.000,1.000,"4326,530,810,0,85,180,180,0,1"
2026-08-01 05:49:19.743871,82.649,635,4341.000,699.000,1009.000,0.000,89.000,180.000,180.000,0.000,1.000,"4341,699,1009,0,89,180,180,0,1"
2026-08-01 05:49:19.847404,82.753,636,4356.000,855.000,1153.000,0.000,81.000,180.000,180.000,0.000,1.000,"4356,855,1153,0,81,180,180,0,1"
2026-08-01 05:49:19.952146,82.858,637,4371.000,952.000,1280.000,0.000,73.000,180.000,180.000,0.000,1.000,"4371,952,1280,0,73,180,180,0,1"
2026-08-01 05:49:20.053723,82.959,638,4388.000,1036.000,1380.000,0.000,62.000,180.000,180.000,0.000,1.000,"4388,1036,1380,0,62,180,180,0,1"
2026-08-01 05:49:20.156987,83.063,639,4406.000,1084.000,1444.000,0.000,49.000,180.000,180.000,0.000,1.000,"4406,1084,1444,0,49,180,180,0,1"
2026-08-01 05:49:20.261179,83.167,640,4424.000,1108.000,1496.000,0.000,38.000,180.000,180.000,0.000,1.000,"4424,1108,1496,0,38,180,180,0,1"
2026-08-01 05:49:20.365111,83.271,641,4442.000,1108.000,1518.000,0.000,26.000,180.000,180.000,0.000,1.000,"4442,1108,1518,0,26,180,180,0,1"
2026-08-01 05:49:20.468137,83.374,642,4460.000,1036.000,1500.000,0.000,10.000,180.000,180.000,0.000,1.000,"4460,1036,1500,0,10,180,180,0,1"
2026-08-01 05:49:20.573560,83.479,643,4477.000,988.000,1456.000,0.000,-3.000,180.000,180.000,0.000,1.000,"4477,988,1456,0,-3,180,180,0,1"
2026-08-01 05:49:20.676615,83.582,644,4492.000,916.000,1401.000,0.000,-14.000,180.000,180.000,0.000,1.000,"4492,916,1401,0,-14,180,180,0,1"
2026-08-01 05:49:20.780784,83.686,645,4507.000,819.000,1322.000,0.000,-25.000,180.000,180.000,0.000,1.000,"4507,819,1322,0,-25,180,180,0,1"
2026-08-01 05:49:20.883463,83.789,646,4522.000,674.000,1211.000,0.000,-38.000,180.000,180.000,0.000,1.000,"4522,674,1211,0,-38,180,180,0,1"
2026-08-01 05:49:20.986626,83.892,647,4537.000,494.000,1070.000,0.000,-53.000,180.000,180.000,0.000,1.000,"4537,494,1070,0,-53,180,180,0,1"
2026-08-01 05:49:21.091690,83.997,648,4552.000,361.000,932.000,0.000,-60.000,180.000,180.000,0.000,1.000,"4552,361,932,0,-60,180,180,0,1"
2026-08-01 05:49:21.195224,84.101,649,4567.000,180.000,769.000,0.000,-70.000,180.000,180.000,0.000,1.000,"4567,180,769,0,-70,180,180,0,1"
2026-08-01 05:49:21.298219,84.204,650,4582.000,-157.000,543.000,0.000,-90.000,180.000,180.000,0.000,1.000,"4582,-157,543,0,-90,180,180,0,1"
2026-08-01 05:49:21.401650,84.307,651,4599.000,-205.000,388.000,0.000,-85.000,180.000,180.000,0.000,1.000,"4599,-205,388,0,-85,180,180,0,1"
2026-08-01 05:49:21.505085,84.411,652,4617.000,-386.000,214.000,0.000,-86.000,180.000,180.000,0.000,1.000,"4617,-386,214,0,-86,180,180,0,1"
2026-08-01 05:49:21.609788,84.515,653,4635.000,-724.000,-53.000,0.000,-107.000,180.000,180.000,0.000,1.000,"4635,-724,-53,0,-107,180,180,0,1"
2026-08-01 05:49:21.714219,84.620,654,4653.000,-760.000,-189.000,0.000,-90.000,120.000,135.000,0.000,1.000,"4653,-760,-189,0,-90,120,135,0,1"
2026-08-01 05:49:21.817029,84.723,655,4672.000,-1013.000,-369.000,0.000,-91.000,-19.000,45.000,0.000,1.000,"4672,-1013,-369,0,-91,-19,45,0,1"
2026-08-01 05:49:21.920943,84.827,656,4692.000,-1025.000,-482.000,0.000,-76.000,-155.000,-45.000,0.000,1.000,"4692,-1025,-482,0,-76,-155,-45,0,1"
2026-08-01 05:49:22.025874,84.931,657,4713.000,-1037.000,-558.000,0.000,-59.000,-180.000,-135.000,0.000,1.000,"4713,-1037,-558,0,-59,-180,-135,0,1"
2026-08-01 05:49:22.128410,85.034,658,4734.000,-1013.000,-579.000,0.000,-37.000,-180.000,-180.000,0.000,1.000,"4734,-1013,-579,0,-37,-180,-180,0,1"
2026-08-01 05:49:22.232203,85.138,659,4753.000,-989.000,-572.000,0.000,-19.000,-180.000,-180.000,0.000,1.000,"4753,-989,-572,0,-19,-180,-180,0,1"
2026-08-01 05:49:22.335683,85.241,660,4771.000,-941.000,-544.000,0.000,-4.000,-180.000,-180.000,0.000,1.000,"4771,-941,-544,0,-4,-180,-180,0,1"
2026-08-01 05:49:22.439245,85.345,661,4789.000,-856.000,-491.000,0.000,9.000,-180.000,-180.000,0.000,1.000,"4789,-856,-491,0,9,-180,-180,0,1"
2026-08-01 05:49:22.543063,85.449,662,4807.000,-772.000,-417.000,0.000,21.000,-180.000,-180.000,0.000,1.000,"4807,-772,-417,0,21,-180,-180,0,1"
2026-08-01 05:49:22.646880,85.552,663,4825.000,-627.000,-311.000,0.000,35.000,-180.000,-180.000,0.000,1.000,"4825,-627,-311,0,35,-180,-180,0,1"
2026-08-01 05:49:22.750516,85.656,664,4843.000,-398.000,-158.000,0.000,55.000,-180.000,-180.000,0.000,1.000,"4843,-398,-158,0,55,-180,-180,0,1"
2026-08-01 05:49:22.853345,85.759,665,4861.000,-205.000,28.000,0.000,72.000,-180.000,-180.000,0.000,1.000,"4861,-205,28,0,72,-180,-180,0,1"
2026-08-01 05:49:22.957972,85.864,666,4879.000,-145.000,147.000,0.000,67.000,-85.000,-93.000,0.000,1.000,"4879,-145,147,0,67,-85,-93,0,1"
2026-08-01 05:49:23.062337,85.968,667,4893.000,24.000,295.000,0.000,71.000,22.000,-3.000,0.000,1.000,"4893,24,295,0,71,22,-3,0,1"
2026-08-01 05:49:23.165148,86.071,668,4907.000,216.000,468.000,0.000,78.000,139.000,87.000,0.000,1.000,"4907,216,468,0,78,139,87,0,1"
2026-08-01 05:49:23.268078,86.174,669,4922.000,566.000,708.000,0.000,98.000,180.000,177.000,0.000,1.000,"4922,566,708,0,98,180,177,0,1"
2026-08-01 05:49:23.370995,86.277,670,4937.000,723.000,914.000,0.000,101.000,180.000,180.000,0.000,1.000,"4937,723,914,0,101,180,180,0,1"
2026-08-01 05:49:23.475171,86.381,671,4952.000,747.000,1072.000,0.000,90.000,180.000,180.000,0.000,1.000,"4952,747,1072,0,90,180,180,0,1"
2026-08-01 05:49:23.578981,86.485,672,4967.000,891.000,1197.000,0.000,78.000,180.000,180.000,0.000,1.000,"4967,891,1197,0,78,180,180,0,1"
2026-08-01 05:49:23.680877,86.586,673,4983.000,1000.000,1316.000,0.000,70.000,180.000,180.000,0.000,1.000,"4983,1000,1316,0,70,180,180,0,1"
2026-08-01 05:49:23.785069,86.691,674,5001.000,1084.000,1399.000,0.000,57.000,180.000,180.000,0.000,1.000,"5001,1084,1399,0,57,180,180,0,1"
2026-08-01 05:49:23.888127,86.794,675,5013.000,1108.000,1472.000,0.000,48.000,180.000,180.000,0.000,1.000,"5013,1108,1472,0,48,180,180,0,1"
2026-08-01 05:49:23.992052,86.898,676,5031.000,1120.000,1512.000,0.000,35.000,180.000,180.000,0.000,1.000,"5031,1120,1512,0,35,180,180,0,1"
2026-08-01 05:49:24.096277,87.002,677,5055.000,1133.000,1532.000,0.000,24.000,180.000,180.000,0.000,1.000,"5055,1133,1532,0,24,180,180,0,1"
2026-08-01 05:49:24.200506,87.106,678,5072.000,1108.000,1536.000,0.000,14.000,180.000,180.000,0.000,1.000,"5072,1108,1536,0,14,180,180,0,1"
2026-08-01 05:49:24.304904,87.210,679,5085.000,1036.000,1499.000,0.000,0.000,180.000,180.000,0.000,1.000,"5085,1036,1499,0,0,180,180,0,1"
2026-08-01 05:49:24.406659,87.312,680,5101.000,988.000,1450.000,0.000,-10.000,180.000,180.000,0.000,1.000,"5101,988,1450,0,-10,180,180,0,1"
2026-08-01 05:49:24.510810,87.416,681,5116.000,867.000,1374.000,0.000,-22.000,180.000,180.000,0.000,1.000,"5116,867,1374,0,-22,180,180,0,1"
2026-08-01 05:49:24.614149,87.520,682,5131.000,771.000,1283.000,0.000,-32.000,180.000,180.000,0.000,1.000,"5131,771,1283,0,-32,180,180,0,1"
2026-08-01 05:49:24.717950,87.624,683,5146.000,506.000,1119.000,0.000,-55.000,180.000,180.000,0.000,1.000,"5146,506,1119,0,-55,180,180,0,1"
2026-08-01 05:49:24.821838,87.727,684,5161.000,494.000,1007.000,0.000,-55.000,180.000,180.000,0.000,1.000,"5161,494,1007,0,-55,180,180,0,1"
2026-08-01 05:49:24.927077,87.833,685,5176.000,313.000,863.000,0.000,-62.000,180.000,180.000,0.000,1.000,"5176,313,863,0,-62,180,180,0,1"
2026-08-01 05:49:25.030367,87.936,686,5191.000,120.000,697.000,0.000,-71.000,180.000,180.000,0.000,1.000,"5191,120,697,0,-71,180,180,0,1"
2026-08-01 05:49:25.133761,88.039,687,5205.000,-73.000,509.000,0.000,-80.000,180.000,180.000,0.000,1.000,"5205,-73,509,0,-80,180,180,0,1"
2026-08-01 05:49:25.236519,88.142,688,5223.000,-266.000,325.000,0.000,-85.000,180.000,180.000,0.000,1.000,"5223,-266,325,0,-85,180,180,0,1"
2026-08-01 05:49:25.340147,88.246,689,5241.000,-615.000,45.000,0.000,-108.000,180.000,180.000,0.000,1.000,"5241,-615,45,0,-108,180,180,0,1"
2026-08-01 05:49:25.444433,88.350,690,5259.000,-651.000,-129.000,0.000,-96.000,180.000,180.000,0.000,1.000,"5259,-651,-129,0,-96,180,180,0,1"
2026-08-01 05:49:25.549029,88.455,691,5277.000,-796.000,-259.000,0.000,-82.000,39.000,90.000,0.000,1.000,"5277,-796,-259,0,-82,39,90,0,1"
2026-08-01 05:49:25.652589,88.558,692,5295.000,-953.000,-399.000,0.000,-76.000,-88.000,0.000,0.000,1.000,"5295,-953,-399,0,-76,-88,0,0,1"
2026-08-01 05:49:25.756145,88.662,693,5316.000,-1061.000,-529.000,0.000,-71.000,-180.000,-90.000,0.000,1.000,"5316,-1061,-529,0,-71,-180,-90,0,1"
2026-08-01 05:49:25.859585,88.765,694,5337.000,-1037.000,-576.000,0.000,-49.000,-180.000,-180.000,0.000,1.000,"5337,-1037,-576,0,-49,-180,-180,0,1"
2026-08-01 05:49:25.963269,88.869,695,5358.000,-1013.000,-581.000,0.000,-29.000,-180.000,-180.000,0.000,1.000,"5358,-1013,-581,0,-29,-180,-180,0,1"
2026-08-01 05:49:26.067030,88.973,696,5376.000,-965.000,-561.000,0.000,-11.000,-180.000,-180.000,0.000,1.000,"5376,-965,-561,0,-11,-180,-180,0,1"
2026-08-01 05:49:26.170308,89.076,697,5394.000,-917.000,-525.000,0.000,1.000,-180.000,-180.000,0.000,1.000,"5394,-917,-525,0,1,-180,-180,0,1"
2026-08-01 05:49:26.274245,89.180,698,5412.000,-844.000,-468.000,0.000,13.000,-180.000,-180.000,0.000,1.000,"5412,-844,-468,0,13,-180,-180,0,1"
2026-08-01 05:49:26.377880,89.283,699,5430.000,-736.000,-384.000,0.000,25.000,-180.000,-180.000,0.000,1.000,"5430,-736,-384,0,25,-180,-180,0,1"
2026-08-01 05:49:26.481756,89.387,700,5448.000,-603.000,-275.000,0.000,38.000,-180.000,-180.000,0.000,1.000,"5448,-603,-275,0,38,-180,-180,0,1"
2026-08-01 05:49:26.585349,89.491,701,5466.000,-459.000,-145.000,0.000,49.000,-180.000,-180.000,0.000,1.000,"5466,-459,-145,0,49,-180,-180,0,1"
2026-08-01 05:49:26.689904,89.595,702,5484.000,-302.000,0.000,0.000,59.000,-178.000,-178.000,0.000,1.000,"5484,-302,0,0,59,-178,-178,0,1"
2026-08-01 05:49:26.793067,89.699,703,5502.000,-121.000,160.000,0.000,68.000,-76.000,-88.000,0.000,1.000,"5502,-121,160,0,68,-76,-88,0,1"
2026-08-01 05:49:26.896337,89.802,704,5516.000,192.000,381.000,0.000,87.000,41.000,2.000,0.000,1.000,"5516,192,381,0,87,41,2,0,1"
2026-08-01 05:49:26.999577,89.905,705,5531.000,433.000,605.000,0.000,100.000,180.000,92.000,0.000,1.000,"5531,433,605,0,100,180,92,0,1"
2026-08-01 05:49:27.102969,90.009,706,5546.000,614.000,807.000,0.000,102.000,180.000,180.000,0.000,1.000,"5546,614,807,0,102,180,180,0,1"
2026-08-01 05:49:27.206550,90.112,707,5561.000,735.000,971.000,0.000,94.000,180.000,180.000,0.000,1.000,"5561,735,971,0,94,180,180,0,1"
2026-08-01 05:49:27.311006,90.217,708,5576.000,783.000,1095.000,0.000,80.000,180.000,180.000,0.000,1.000,"5576,783,1095,0,80,180,180,0,1"
2026-08-01 05:49:27.414855,90.320,709,5591.000,916.000,1227.000,0.000,73.000,180.000,180.000,0.000,1.000,"5591,916,1227,0,73,180,180,0,1"
2026-08-01 05:49:27.517532,90.423,710,5608.000,1012.000,1346.000,0.000,67.000,180.000,180.000,0.000,1.000,"5608,1012,1346,0,67,180,180,0,1"
2026-08-01 05:49:27.620673,90.526,711,5626.000,1108.000,1444.000,0.000,59.000,180.000,180.000,0.000,1.000,"5626,1108,1444,0,59,180,180,0,1"
2026-08-01 05:49:27.724537,90.630,712,5644.000,1145.000,1515.000,0.000,48.000,180.000,180.000,0.000,1.000,"5644,1145,1515,0,48,180,180,0,1"
2026-08-01 05:49:27.828135,90.734,713,5662.000,1108.000,1535.000,0.000,30.000,180.000,180.000,0.000,1.000,"5662,1108,1535,0,30,180,180,0,1"
2026-08-01 05:49:27.931431,90.837,714,5680.000,1133.000,1549.000,0.000,20.000,180.000,180.000,0.000,1.000,"5680,1133,1549,0,20,180,180,0,1"
2026-08-01 05:49:28.036504,90.942,715,5698.000,1084.000,1532.000,0.000,7.000,180.000,180.000,0.000,1.000,"5698,1084,1532,0,7,180,180,0,1"
2026-08-01 05:49:28.138832,91.044,716,5716.000,1024.000,1488.000,0.000,-5.000,180.000,180.000,0.000,1.000,"5716,1024,1488,0,-5,180,180,0,1"
2026-08-01 05:49:28.242986,91.149,717,5731.000,940.000,1429.000,0.000,-16.000,180.000,180.000,0.000,1.000,"5731,940,1429,0,-16,180,180,0,1"
2026-08-01 05:49:28.347180,91.253,718,5746.000,807.000,1338.000,0.000,-29.000,180.000,180.000,0.000,1.000,"5746,807,1338,0,-29,180,180,0,1"
2026-08-01 05:49:28.450358,91.356,719,5761.000,674.000,1223.000,0.000,-42.000,180.000,180.000,0.000,1.000,"5761,674,1223,0,-42,180,180,0,1"
2026-08-01 05:49:28.553516,91.459,720,5776.000,518.000,1059.000,0.000,-58.000,180.000,180.000,0.000,1.000,"5776,518,1059,0,-58,180,180,0,1"
2026-08-01 05:49:28.659098,91.565,721,5791.000,373.000,940.000,0.000,-59.000,180.000,180.000,0.000,1.000,"5791,373,940,0,-59,180,180,0,1"
2026-08-01 05:49:28.763251,91.669,722,5805.000,192.000,776.000,0.000,-69.000,180.000,180.000,0.000,1.000,"5805,192,776,0,-69,180,180,0,1"
2026-08-01 05:49:28.865888,91.771,723,5818.000,-1.000,601.000,0.000,-77.000,180.000,180.000,0.000,1.000,"5818,-1,601,0,-77,180,180,0,1"
2026-08-01 05:49:28.968490,91.874,724,5835.000,-193.000,416.000,0.000,-84.000,180.000,180.000,0.000,1.000,"5835,-193,416,0,-84,180,180,0,1"
2026-08-01 05:49:29.073047,91.979,725,5853.000,-531.000,143.000,0.000,-107.000,180.000,180.000,0.000,1.000,"5853,-531,143,0,-107,180,180,0,1"
2026-08-01 05:49:29.177152,92.083,726,5871.000,-724.000,-83.000,0.000,-110.000,180.000,180.000,0.000,1.000,"5871,-724,-83,0,-110,180,180,0,1"
2026-08-01 05:49:29.280350,92.186,727,5889.000,-772.000,-209.000,0.000,-90.000,102.000,133.000,0.000,1.000,"5889,-772,-209,0,-90,102,133,0,1"
2026-08-01 05:49:29.383215,92.289,728,5907.000,-917.000,-346.000,0.000,-81.000,-33.000,43.000,0.000,1.000,"5907,-917,-346,0,-81,-33,43,0,1"
2026-08-01 05:49:29.488690,92.394,729,5928.000,-1049.000,-500.000,0.000,-78.000,-164.000,-47.000,0.000,1.000,"5928,-1049,-500,0,-78,-164,-47,0,1"
2026-08-01 05:49:29.591884,92.497,730,5949.000,-1025.000,-562.000,0.000,-57.000,-180.000,-137.000,0.000,1.000,"5949,-1025,-562,0,-57,-180,-137,0,1"
2026-08-01 05:49:29.695589,92.601,731,5970.000,-1013.000,-575.000,0.000,-34.000,-180.000,-180.000,0.000,1.000,"5970,-1013,-575,0,-34,-180,-180,0,1"
2026-08-01 05:49:29.799004,92.705,732,5989.000,-965.000,-562.000,0.000,-16.000,-180.000,-180.000,0.000,1.000,"5989,-965,-562,0,-16,-180,-180,0,1"
2026-08-01 05:49:29.902791,92.808,733,6007.000,-917.000,-531.000,0.000,-1.000,-180.000,-180.000,0.000,1.000,"6007,-917,-531,0,-1,-180,-180,0,1"
2026-08-01 05:49:30.006321,92.912,734,6025.000,-856.000,-483.000,0.000,9.000,-180.000,-180.000,0.000,1.000,"6025,-856,-483,0,9,-180,-180,0,1"
2026-08-01 05:49:30.110154,93.016,735,6043.000,-772.000,-417.000,0.000,20.000,-180.000,-180.000,0.000,1.000,"6043,-772,-417,0,20,-180,-180,0,1"
2026-08-01 05:49:30.213966,93.120,736,6061.000,-651.000,-322.000,0.000,32.000,-180.000,-180.000,0.000,1.000,"6061,-651,-322,0,32,-180,-180,0,1"
2026-08-01 05:49:30.317780,93.223,737,6079.000,-507.000,-204.000,0.000,44.000,-180.000,-180.000,0.000,1.000,"6079,-507,-204,0,44,-180,-180,0,1"
2026-08-01 05:49:30.421176,93.327,738,6097.000,-350.000,-66.000,0.000,55.000,-180.000,-180.000,0.000,1.000,"6097,-350,-66,0,55,-180,-180,0,1"
2026-08-01 05:49:30.524450,93.430,739,6115.000,-193.000,84.000,0.000,64.000,-126.000,-130.000,0.000,1.000,"6115,-193,84,0,64,-126,-130,0,1"
2026-08-01 05:49:30.629312,93.535,740,6130.000,-1.000,249.000,0.000,73.000,-20.000,-40.000,0.000,1.000,"6130,-1,249,0,73,-20,-40,0,1"
2026-08-01 05:49:30.731646,93.637,741,6144.000,192.000,429.000,0.000,81.000,99.000,50.000,0.000,1.000,"6144,192,429,0,81,99,50,0,1"
2026-08-01 05:49:30.834930,93.740,742,6159.000,385.000,617.000,0.000,87.000,180.000,140.000,0.000,1.000,"6159,385,617,0,87,180,140,0,1"
2026-08-01 05:49:30.937941,93.844,743,6174.000,530.000,791.000,0.000,87.000,180.000,180.000,0.000,1.000,"6174,530,791,0,87,180,180,0,1"
2026-08-01 05:49:31.041835,93.947,744,6189.000,711.000,969.000,0.000,88.000,180.000,180.000,0.000,1.000,"6189,711,969,0,88,180,180,0,1"
2026-08-01 05:49:31.146144,94.052,745,6204.000,867.000,1135.000,0.000,85.000,180.000,180.000,0.000,1.000,"6204,867,1135,0,85,180,180,0,1"
2026-08-01 05:49:31.249154,94.155,746,6219.000,952.000,1264.000,0.000,76.000,180.000,180.000,0.000,1.000,"6219,952,1264,0,76,180,180,0,1"
2026-08-01 05:49:31.351575,94.257,747,6237.000,1036.000,1373.000,0.000,66.000,180.000,180.000,0.000,1.000,"6237,1036,1373,0,66,180,180,0,1"
2026-08-01 05:49:31.455618,94.361,748,6255.000,1108.000,1455.000,0.000,55.000,180.000,180.000,0.000,1.000,"6255,1108,1455,0,55,180,180,0,1"
2026-08-01 05:49:31.559437,94.465,749,6273.000,1133.000,1510.000,0.000,43.000,180.000,180.000,0.000,1.000,"6273,1133,1510,0,43,180,180,0,1"
2026-08-01 05:49:31.663791,94.569,750,6291.000,1084.000,1516.000,0.000,25.000,180.000,180.000,0.000,1.000,"6291,1084,1516,0,25,180,180,0,1"
2026-08-01 05:49:31.767848,94.673,751,6309.000,1036.000,1508.000,0.000,12.000,180.000,180.000,0.000,1.000,"6309,1036,1508,0,12,180,180,0,1"
2026-08-01 05:49:31.871513,94.777,752,6326.000,964.000,1474.000,0.000,0.000,180.000,180.000,0.000,1.000,"6326,964,1474,0,0,180,180,0,1"
2026-08-01 05:49:31.973787,94.879,753,6341.000,867.000,1395.000,0.000,-17.000,180.000,180.000,0.000,1.000,"6341,867,1395,0,-17,180,180,0,1"
2026-08-01 05:49:32.078572,94.984,754,6351.000,819.000,1317.000,0.000,-27.000,180.000,180.000,0.000,1.000,"6351,819,1317,0,-27,180,180,0,1"
2026-08-01 05:49:32.181227,95.087,755,6366.000,650.000,1192.000,0.000,-42.000,180.000,180.000,0.000,1.000,"6366,650,1192,0,-42,180,180,0,1"
2026-08-01 05:49:32.285510,95.191,756,6381.000,518.000,1060.000,0.000,-52.000,180.000,180.000,0.000,1.000,"6381,518,1060,0,-52,180,180,0,1"
2026-08-01 05:49:32.389833,95.295,757,6396.000,385.000,922.000,0.000,-59.000,180.000,180.000,0.000,1.000,"6396,385,922,0,-59,180,180,0,1"
2026-08-01 05:49:32.493503,95.399,758,6411.000,192.000,733.000,0.000,-72.000,180.000,180.000,0.000,1.000,"6411,192,733,0,-72,180,180,0,1"
2026-08-01 05:49:32.598214,95.504,759,6424.000,-1.000,567.000,0.000,-76.000,180.000,180.000,0.000,1.000,"6424,-1,567,0,-76,180,180,0,1"
2026-08-01 05:49:32.700109,95.606,760,6441.000,-205.000,386.000,0.000,-82.000,180.000,180.000,0.000,1.000,"6441,-205,386,0,-82,180,180,0,1"
2026-08-01 05:49:32.804042,95.710,761,6459.000,-386.000,165.000,0.000,-92.000,180.000,180.000,0.000,1.000,"6459,-386,165,0,-92,180,180,0,1"
2026-08-01 05:49:32.908027,95.814,762,6477.000,-712.000,-80.000,0.000,-104.000,180.000,180.000,0.000,1.000,"6477,-712,-80,0,-104,180,180,0,1"
2026-08-01 05:49:33.011178,95.917,763,6495.000,-748.000,-208.000,0.000,-86.000,93.000,122.000,0.000,1.000,"6495,-748,-208,0,-86,93,122,0,1"
2026-08-01 05:49:33.114549,96.020,764,6513.000,-880.000,-341.000,0.000,-77.000,-40.000,32.000,0.000,1.000,"6513,-880,-341,0,-77,-40,32,0,1"
2026-08-01 05:49:33.219530,96.125,765,6532.000,-1025.000,-476.000,0.000,-72.000,-162.000,-58.000,0.000,1.000,"6532,-1025,-476,0,-72,-162,-58,0,1"
2026-08-01 05:49:33.323137,96.229,766,6553.000,-1037.000,-556.000,0.000,-57.000,-180.000,-148.000,0.000,1.000,"6553,-1037,-556,0,-57,-180,-148,0,1"
2026-08-01 05:49:33.426839,96.332,767,6574.000,-1025.000,-577.000,0.000,-37.000,-180.000,-180.000,0.000,1.000,"6574,-1025,-577,0,-37,-180,-180,0,1"
2026-08-01 05:49:33.530373,96.436,768,6593.000,-965.000,-560.000,0.000,-16.000,-180.000,-180.000,0.000,1.000,"6593,-965,-560,0,-16,-180,-180,0,1"
2026-08-01 05:49:33.633972,96.540,769,6611.000,-929.000,-529.000,0.000,-2.000,-180.000,-180.000,0.000,1.000,"6611,-929,-529,0,-2,-180,-180,0,1"
2026-08-01 05:49:33.737623,96.643,770,6629.000,-868.000,-478.000,0.000,9.000,-180.000,-180.000,0.000,1.000,"6629,-868,-478,0,9,-180,-180,0,1"
2026-08-01 05:49:33.841341,96.747,771,6647.000,-748.000,-395.000,0.000,23.000,-180.000,-180.000,0.000,1.000,"6647,-748,-395,0,23,-180,-180,0,1"
2026-08-01 05:49:33.945212,96.851,772,6665.000,-639.000,-298.000,0.000,34.000,-180.000,-180.000,0.000,1.000,"6665,-639,-298,0,34,-180,-180,0,1"
2026-08-01 05:49:34.049823,96.955,773,6683.000,-507.000,-183.000,0.000,44.000,-180.000,-180.000,0.000,1.000,"6683,-507,-183,0,44,-180,-180,0,1"
2026-08-01 05:49:34.152544,97.058,774,6701.000,-362.000,-45.000,0.000,54.000,-180.000,-180.000,0.000,1.000,"6701,-362,-45,0,54,-180,-180,0,1"
2026-08-01 05:49:34.256427,97.162,775,6719.000,-193.000,110.000,0.000,63.000,-103.000,-109.000,0.000,1.000,"6719,-193,110,0,63,-103,-109,0,1"
2026-08-01 05:49:34.359885,97.265,776,6734.000,-1.000,276.000,0.000,72.000,4.000,-19.000,0.000,1.000,"6734,-1,276,0,72,4,-19,0,1"
2026-08-01 05:49:34.463781,97.369,777,6749.000,192.000,463.000,0.000,80.000,127.000,71.000,0.000,1.000,"6749,192,463,0,80,127,71,0,1"
2026-08-01 05:49:34.566147,97.472,778,6764.000,385.000,648.000,0.000,85.000,180.000,161.000,0.000,1.000,"6764,385,648,0,85,180,161,0,1"
2026-08-01 05:49:34.669406,97.575,779,6779.000,662.000,861.000,0.000,95.000,180.000,180.000,0.000,1.000,"6779,662,861,0,95,180,180,0,1"
2026-08-01 05:49:34.773768,97.679,780,6794.000,699.000,1005.000,0.000,85.000,180.000,180.000,0.000,1.000,"6794,699,1005,0,85,180,180,0,1"
2026-08-01 05:49:34.877752,97.783,781,6809.000,867.000,1191.000,0.000,86.000,180.000,180.000,0.000,1.000,"6809,867,1191,0,86,180,180,0,1"
2026-08-01 05:49:34.980648,97.886,782,6824.000,964.000,1301.000,0.000,71.000,180.000,180.000,0.000,1.000,"6824,964,1301,0,71,180,180,0,1"
2026-08-01 05:49:35.082859,97.988,783,6842.000,1036.000,1389.000,0.000,59.000,180.000,180.000,0.000,1.000,"6842,1036,1389,0,59,180,180,0,1"
2026-08-01 05:49:35.186795,98.092,784,6860.000,1108.000,1467.000,0.000,50.000,180.000,180.000,0.000,1.000,"6860,1108,1467,0,50,180,180,0,1"
2026-08-01 05:49:35.290449,98.196,785,6878.000,1120.000,1510.000,0.000,37.000,180.000,180.000,0.000,1.000,"6878,1120,1510,0,37,180,180,0,1"
2026-08-01 05:49:35.394503,98.300,786,6896.000,1108.000,1524.000,0.000,24.000,180.000,180.000,0.000,1.000,"6896,1108,1524,0,24,180,180,0,1"
2026-08-01 05:49:35.499380,98.405,787,6914.000,1060.000,1502.000,0.000,8.000,180.000,180.000,0.000,1.000,"6914,1060,1502,0,8,180,180,0,1"
2026-08-01 05:49:35.602641,98.508,788,6931.000,988.000,1457.000,0.000,-4.000,180.000,180.000,0.000,1.000,"6931,988,1457,0,-4,180,180,0,1"
2026-08-01 05:49:35.706545,98.612,789,6946.000,916.000,1396.000,0.000,-15.000,180.000,180.000,0.000,1.000,"6946,916,1396,0,-15,180,180,0,1"
2026-08-01 05:49:35.809114,98.715,790,6961.000,795.000,1287.000,0.000,-31.000,180.000,180.000,0.000,1.000,"6961,795,1287,0,-31,180,180,0,1"
2026-08-01 05:49:35.913252,98.819,791,6976.000,674.000,1188.000,0.000,-39.000,180.000,180.000,0.000,1.000,"6976,674,1188,0,-39,180,180,0,1"
2026-08-01 05:49:36.016767,98.922,792,6991.000,506.000,1051.000,0.000,-51.000,180.000,180.000,0.000,1.000,"6991,506,1051,0,-51,180,180,0,1"
2026-08-01 05:49:36.121061,99.027,793,7006.000,361.000,926.000,0.000,-57.000,180.000,180.000,0.000,1.000,"7006,361,926,0,-57,180,180,0,1"
2026-08-01 05:49:36.225344,99.131,794,7021.000,180.000,766.000,0.000,-67.000,180.000,180.000,0.000,1.000,"7021,180,766,0,-67,180,180,0,1"
2026-08-01 05:49:36.328847,99.234,795,7035.000,-13.000,593.000,0.000,-76.000,180.000,180.000,0.000,1.000,"7035,-13,593,0,-76,180,180,0,1"
2026-08-01 05:49:36.431095,99.337,796,7052.000,-193.000,413.000,0.000,-82.000,180.000,180.000,0.000,1.000,"7052,-193,413,0,-82,180,180,0,1"
2026-08-01 05:49:36.535421,99.441,797,7070.000,-386.000,225.000,0.000,-88.000,180.000,180.000,0.000,1.000,"7070,-386,225,0,-88,180,180,0,1"
2026-08-01 05:49:36.639268,99.545,798,7088.000,-736.000,-52.000,0.000,-110.000,180.000,180.000,0.000,1.000,"7088,-736,-52,0,-110,180,180,0,1"
2026-08-01 05:49:36.743173,99.649,799,7106.000,-760.000,-189.000,0.000,-92.000,125.000,135.000,0.000,1.000,"7106,-760,-189,0,-92,125,135,0,1"
2026-08-01 05:49:36.846225,99.752,800,7124.000,-893.000,-327.000,0.000,-82.000,-14.000,45.000,0.000,1.000,"7124,-893,-327,0,-82,-14,45,0,1"
2026-08-01 05:49:36.950718,99.856,801,7144.000,-1025.000,-483.000,0.000,-79.000,-148.000,-45.000,0.000,1.000,"7144,-1025,-483,0,-79,-148,-45,0,1"
2026-08-01 05:49:37.054668,99.960,802,7165.000,-1049.000,-560.000,0.000,-61.000,-180.000,-135.000,0.000,1.000,"7165,-1049,-560,0,-61,-180,-135,0,1"
2026-08-01 05:49:37.158634,100.064,803,7186.000,-1013.000,-578.000,0.000,-37.000,-180.000,-180.000,0.000,1.000,"7186,-1013,-578,0,-37,-180,-180,0,1"
2026-08-01 05:49:37.262014,100.168,804,7205.000,-965.000,-563.000,0.000,-17.000,-180.000,-180.000,0.000,1.000,"7205,-965,-563,0,-17,-180,-180,0,1"
2026-08-01 05:49:37.366087,100.272,805,7223.000,-941.000,-540.000,0.000,-4.000,-180.000,-180.000,0.000,1.000,"7223,-941,-540,0,-4,-180,-180,0,1"
2026-08-01 05:49:37.468945,100.375,806,7241.000,-868.000,-488.000,0.000,8.000,-180.000,-180.000,0.000,1.000,"7241,-868,-488,0,8,-180,-180,0,1"
2026-08-01 05:49:37.572742,100.478,807,7259.000,-784.000,-426.000,0.000,18.000,-180.000,-180.000,0.000,1.000,"7259,-784,-426,0,18,-180,-180,0,1"
2026-08-01 05:49:37.676592,100.582,808,7277.000,-676.000,-340.000,0.000,29.000,-180.000,-180.000,0.000,1.000,"7277,-676,-340,0,29,-180,-180,0,1"
2026-08-01 05:49:37.780293,100.686,809,7295.000,-422.000,-179.000,0.000,53.000,-180.000,-180.000,0.000,1.000,"7295,-422,-179,0,53,-180,-180,0,1"
2026-08-01 05:49:37.884050,100.790,810,7313.000,-362.000,-60.000,0.000,56.000,-180.000,-180.000,0.000,1.000,"7313,-362,-60,0,56,-180,-180,0,1"
2026-08-01 05:49:37.986628,100.892,811,7331.000,-193.000,81.000,0.000,63.000,-125.000,-127.000,0.000,1.000,"7331,-193,81,0,63,-125,-127,0,1"
2026-08-01 05:49:38.091789,100.997,812,7347.000,-13.000,246.000,0.000,72.000,-19.000,-37.000,0.000,1.000,"7347,-13,246,0,72,-19,-37,0,1"
2026-08-01 05:49:38.195695,101.101,813,7361.000,192.000,428.000,0.000,81.000,99.000,53.000,0.000,1.000,"7361,192,428,0,81,99,53,0,1"
2026-08-01 05:49:38.298572,101.204,814,7376.000,373.000,651.000,0.000,92.000,180.000,143.000,0.000,1.000,"7376,373,651,0,92,180,143,0,1"
2026-08-01 05:49:38.401567,101.307,815,7391.000,662.000,852.000,0.000,97.000,180.000,180.000,0.000,1.000,"7391,662,852,0,97,180,180,0,1"
2026-08-01 05:49:38.505394,101.411,816,7406.000,699.000,988.000,0.000,85.000,180.000,180.000,0.000,1.000,"7406,699,988,0,85,180,180,0,1"
2026-08-01 05:49:38.609481,101.515,817,7421.000,867.000,1140.000,0.000,81.000,180.000,180.000,0.000,1.000,"7421,867,1140,0,81,180,180,0,1"
2026-08-01 05:49:38.712819,101.618,818,7436.000,964.000,1271.000,0.000,74.000,180.000,180.000,0.000,1.000,"7436,964,1271,0,74,180,180,0,1"
2026-08-01 05:49:38.815946,101.722,819,7453.000,1036.000,1371.000,0.000,63.000,180.000,180.000,0.000,1.000,"7453,1036,1371,0,63,180,180,0,1"
2026-08-01 05:49:38.918966,101.825,820,7471.000,1108.000,1454.000,0.000,54.000,180.000,180.000,0.000,1.000,"7471,1108,1454,0,54,180,180,0,1"
2026-08-01 05:49:39.022884,101.928,821,7489.000,1120.000,1505.000,0.000,41.000,180.000,180.000,0.000,1.000,"7489,1120,1505,0,41,180,180,0,1"
2026-08-01 05:49:39.126825,102.032,822,7507.000,1108.000,1522.000,0.000,26.000,180.000,180.000,0.000,1.000,"7507,1108,1522,0,26,180,180,0,1"
2026-08-01 05:49:39.231037,102.137,823,7525.000,1060.000,1512.000,0.000,12.000,180.000,180.000,0.000,1.000,"7525,1060,1512,0,12,180,180,0,1"
2026-08-01 05:49:39.335471,102.241,824,7542.000,988.000,1467.000,0.000,-3.000,180.000,180.000,0.000,1.000,"7542,988,1467,0,-3,180,180,0,1"
2026-08-01 05:49:39.437558,102.343,825,7557.000,903.000,1401.000,0.000,-16.000,180.000,180.000,0.000,1.000,"7557,903,1401,0,-16,180,180,0,1"
2026-08-01 05:49:39.541125,102.447,826,7572.000,771.000,1305.000,0.000,-30.000,180.000,180.000,0.000,1.000,"7572,771,1305,0,-30,180,180,0,1"
2026-08-01 05:49:39.645388,102.551,827,7587.000,530.000,1151.000,0.000,-52.000,180.000,180.000,0.000,1.000,"7587,530,1151,0,-52,180,180,0,1"
2026-08-01 05:49:39.748625,102.654,828,7602.000,482.000,1035.000,0.000,-55.000,180.000,180.000,0.000,1.000,"7602,482,1035,0,-55,180,180,0,1"
2026-08-01 05:49:39.854132,102.760,829,7617.000,337.000,903.000,0.000,-60.000,180.000,180.000,0.000,1.000,"7617,337,903,0,-60,180,180,0,1"
2026-08-01 05:49:39.957152,102.863,830,7632.000,144.000,769.000,0.000,-63.000,180.000,180.000,0.000,1.000,"7632,144,769,0,-63,180,180,0,1"
2026-08-01 05:49:40.061944,102.968,831,7645.000,-49.000,602.000,0.000,-72.000,180.000,180.000,0.000,1.000,"7645,-49,602,0,-72,180,180,0,1"
2026-08-01 05:49:40.164376,103.070,832,7659.000,-169.000,419.000,0.000,-80.000,180.000,180.000,0.000,1.000,"7659,-169,419,0,-80,180,180,0,1"
2026-08-01 05:49:40.267867,103.173,833,7679.000,-483.000,158.000,0.000,-101.000,180.000,180.000,0.000,1.000,"7679,-483,158,0,-101,180,180,0,1"
2026-08-01 05:49:40.371683,103.277,834,7692.000,-663.000,-55.000,0.000,-103.000,180.000,180.000,0.000,1.000,"7692,-663,-55,0,-103,180,180,0,1"
2026-08-01 05:49:40.475453,103.381,835,7710.000,-712.000,-179.000,0.000,-84.000,110.000,135.000,0.000,1.000,"7710,-712,-179,0,-84,110,135,0,1"
2026-08-01 05:49:40.578776,103.484,836,7728.000,-893.000,-328.000,0.000,-80.000,-21.000,45.000,0.000,1.000,"7728,-893,-328,0,-80,-21,45,0,1"
2026-08-01 05:49:40.683070,103.589,837,7748.000,-1025.000,-484.000,0.000,-78.000,-152.000,-45.000,0.000,1.000,"7748,-1025,-484,0,-78,-152,-45,0,1"
2026-08-01 05:49:40.788067,103.694,838,7769.000,-1037.000,-559.000,0.000,-59.000,-180.000,-135.000,0.000,1.000,"7769,-1037,-559,0,-59,-180,-135,0,1"
2026-08-01 05:49:40.890507,103.796,839,7790.000,-1013.000,-580.000,0.000,-37.000,-180.000,-180.000,0.000,1.000,"7790,-1013,-580,0,-37,-180,-180,0,1"
2026-08-01 05:49:40.994228,103.900,840,7810.000,-989.000,-572.000,0.000,-19.000,-180.000,-180.000,0.000,1.000,"7810,-989,-572,0,-19,-180,-180,0,1"
2026-08-01 05:49:41.097944,104.004,841,7828.000,-941.000,-541.000,0.000,-4.000,-180.000,-180.000,0.000,1.000,"7828,-941,-541,0,-4,-180,-180,0,1"
2026-08-01 05:49:41.201230,104.107,842,7846.000,-868.000,-489.000,0.000,9.000,-180.000,-180.000,0.000,1.000,"7846,-868,-489,0,9,-180,-180,0,1"
2026-08-01 05:49:41.305834,104.211,843,7864.000,-784.000,-418.000,0.000,20.000,-180.000,-180.000,0.000,1.000,"7864,-784,-418,0,20,-180,-180,0,1"
2026-08-01 05:49:41.408810,104.314,844,7882.000,-663.000,-321.000,0.000,32.000,-180.000,-180.000,0.000,1.000,"7882,-663,-321,0,32,-180,-180,0,1"
2026-08-01 05:49:41.512937,104.419,845,7900.000,-531.000,-204.000,0.000,43.000,-180.000,-180.000,0.000,1.000,"7900,-531,-204,0,43,-180,-180,0,1"
2026-08-01 05:49:41.616664,104.522,846,7918.000,-242.000,9.000,0.000,70.000,-180.000,-180.000,0.000,1.000,"7918,-242,9,0,70,-180,-180,0,1"
2026-08-01 05:49:41.719042,104.625,847,7936.000,-193.000,122.000,0.000,64.000,-95.000,-103.000,0.000,1.000,"7936,-193,122,0,64,-95,-103,0,1"
2026-08-01 05:49:41.824047,104.730,848,7952.000,-13.000,277.000,0.000,69.000,11.000,-13.000,0.000,1.000,"7952,-13,277,0,69,11,-13,0,1"
2026-08-01 05:49:41.926796,104.832,849,7966.000,180.000,454.000,0.000,77.000,130.000,77.000,0.000,1.000,"7966,180,454,0,77,130,77,0,1"
2026-08-01 05:49:42.029214,104.935,850,7981.000,373.000,640.000,0.000,83.000,180.000,167.000,0.000,1.000,"7981,373,640,0,83,180,167,0,1"
2026-08-01 05:49:42.133161,105.039,851,7996.000,662.000,858.000,0.000,95.000,180.000,180.000,0.000,1.000,"7996,662,858,0,95,180,180,0,1"
2026-08-01 05:49:42.237179,105.143,852,8011.000,699.000,1040.000,0.000,90.000,180.000,180.000,0.000,1.000,"8011,699,1040,0,90,180,180,0,1"
2026-08-01 05:49:42.340564,105.246,853,8026.000,867.000,1203.000,0.000,84.000,180.000,180.000,0.000,1.000,"8026,867,1203,0,84,180,180,0,1"
2026-08-01 05:49:42.444105,105.350,854,8041.000,964.000,1306.000,0.000,69.000,180.000,180.000,0.000,1.000,"8041,964,1306,0,69,180,180,0,1"
2026-08-01 05:49:42.546875,105.452,855,8059.000,1060.000,1402.000,0.000,60.000,180.000,180.000,0.000,1.000,"8059,1060,1402,0,60,180,180,0,1"
2026-08-01 05:49:42.650800,105.556,856,8077.000,1108.000,1478.000,0.000,50.000,180.000,180.000,0.000,1.000,"8077,1108,1478,0,50,180,180,0,1"
2026-08-01 05:49:42.754619,105.660,857,8095.000,1133.000,1520.000,0.000,37.000,180.000,180.000,0.000,1.000,"8095,1133,1520,0,37,180,180,0,1"
2026-08-01 05:49:42.858671,105.764,858,8113.000,1108.000,1531.000,0.000,23.000,180.000,180.000,0.000,1.000,"8113,1108,1531,0,23,180,180,0,1"
2026-08-01 05:49:42.962539,105.868,859,8131.000,1060.000,1513.000,0.000,8.000,180.000,180.000,0.000,1.000,"8131,1060,1513,0,8,180,180,0,1"
2026-08-01 05:49:43.065761,105.971,860,8149.000,1012.000,1476.000,0.000,-3.000,180.000,180.000,0.000,1.000,"8149,1012,1476,0,-3,180,180,0,1"
2026-08-01 05:49:43.169287,106.075,861,8164.000,891.000,1398.000,0.000,-19.000,180.000,180.000,0.000,1.000,"8164,891,1398,0,-19,180,180,0,1"
2026-08-01 05:49:43.272574,106.178,862,8179.000,807.000,1311.000,0.000,-29.000,180.000,180.000,0.000,1.000,"8179,807,1311,0,-29,180,180,0,1"
2026-08-01 05:49:43.376285,106.282,863,8194.000,674.000,1195.000,0.000,-41.000,180.000,180.000,0.000,1.000,"8194,674,1195,0,-41,180,180,0,1"
2026-08-01 05:49:43.480241,106.386,864,8209.000,506.000,1060.000,0.000,-53.000,180.000,180.000,0.000,1.000,"8209,506,1060,0,-53,180,180,0,1"
2026-08-01 05:49:43.585071,106.491,865,8224.000,361.000,914.000,0.000,-61.000,180.000,180.000,0.000,1.000,"8224,361,914,0,-61,180,180,0,1"
2026-08-01 05:49:43.689159,106.595,866,8239.000,180.000,750.000,0.000,-70.000,180.000,180.000,0.000,1.000,"8239,180,750,0,-70,180,180,0,1"
2026-08-01 05:49:43.792165,106.698,867,8252.000,-1.000,574.000,0.000,-77.000,180.000,180.000,0.000,1.000,"8252,-1,574,0,-77,180,180,0,1"
2026-08-01 05:49:43.895819,106.801,868,8269.000,-205.000,384.000,0.000,-84.000,180.000,180.000,0.000,1.000,"8269,-205,384,0,-84,180,180,0,1"
2026-08-01 05:49:43.999406,106.905,869,8287.000,-555.000,104.000,0.000,-107.000,180.000,180.000,0.000,1.000,"8287,-555,104,0,-107,180,180,0,1"
2026-08-01 05:49:44.103115,107.009,870,8305.000,-736.000,-120.000,0.000,-109.000,180.000,180.000,0.000,1.000,"8305,-736,-120,0,-109,180,180,0,1"
2026-08-01 05:49:44.206155,107.112,871,8323.000,-772.000,-222.000,0.000,-84.000,76.000,102.000,0.000,1.000,"8323,-772,-222,0,-84,76,102,0,1"
2026-08-01 05:49:44.309626,107.215,872,8341.000,-893.000,-385.000,0.000,-80.000,-65.000,12.000,0.000,1.000,"8341,-893,-385,0,-80,-65,12,0,1"
2026-08-01 05:49:44.414317,107.320,873,8362.000,-1025.000,-508.000,0.000,-71.000,-180.000,-78.000,0.000,1.000,"8362,-1025,-508,0,-71,-180,-78,0,1"
2026-08-01 05:49:44.518293,107.424,874,8383.000,-1037.000,-564.000,0.000,-52.000,-180.000,-168.000,0.000,1.000,"8383,-1037,-564,0,-52,-180,-168,0,1"
2026-08-01 05:49:44.621758,107.527,875,8404.000,-1013.000,-579.000,0.000,-32.000,-180.000,-180.000,0.000,1.000,"8404,-1013,-579,0,-32,-180,-180,0,1"
2026-08-01 05:49:44.725719,107.631,876,8423.000,-977.000,-570.000,0.000,-15.000,-180.000,-180.000,0.000,1.000,"8423,-977,-570,0,-15,-180,-180,0,1"
2026-08-01 05:49:44.828932,107.734,877,8441.000,-917.000,-534.000,0.000,0.000,-180.000,-180.000,0.000,1.000,"8441,-917,-534,0,0,-180,-180,0,1"
2026-08-01 05:49:44.933064,107.839,878,8459.000,-844.000,-475.000,0.000,12.000,-180.000,-180.000,0.000,1.000,"8459,-844,-475,0,12,-180,-180,0,1"
2026-08-01 05:49:45.036434,107.942,879,8477.000,-748.000,-397.000,0.000,24.000,-180.000,-180.000,0.000,1.000,"8477,-748,-397,0,24,-180,-180,0,1"
2026-08-01 05:49:45.140218,108.046,880,8495.000,-627.000,-299.000,0.000,35.000,-180.000,-180.000,0.000,1.000,"8495,-627,-299,0,35,-180,-180,0,1"
2026-08-01 05:49:45.243763,108.149,881,8513.000,-471.000,-176.000,0.000,47.000,-180.000,-180.000,0.000,1.000,"8513,-471,-176,0,47,-180,-180,0,1"
2026-08-01 05:49:45.346872,108.252,882,8531.000,-193.000,35.000,0.000,73.000,-180.000,-180.000,0.000,1.000,"8531,-193,35,0,73,-180,-180,0,1"
2026-08-01 05:49:45.451736,108.357,883,8549.000,-145.000,150.000,0.000,67.000,-80.000,-90.000,0.000,1.000,"8549,-145,150,0,67,-80,-90,0,1"
2026-08-01 05:49:45.554805,108.460,884,8562.000,48.000,304.000,0.000,72.000,26.000,0.000,0.000,1.000,"8562,48,304,0,72,26,0,0,1"
2026-08-01 05:49:45.657583,108.563,885,8576.000,241.000,481.000,0.000,80.000,144.000,90.000,0.000,1.000,"8576,241,481,0,80,144,90,0,1"
2026-08-01 05:49:45.761016,108.667,886,8591.000,409.000,664.000,0.000,85.000,180.000,180.000,0.000,1.000,"8591,409,664,0,85,180,180,0,1"
2026-08-01 05:49:45.864904,108.770,887,8606.000,735.000,899.000,0.000,100.000,180.000,180.000,0.000,1.000,"8606,735,899,0,100,180,180,0,1"
2026-08-01 05:49:45.968450,108.874,888,8621.000,747.000,1069.000,0.000,92.000,180.000,180.000,0.000,1.000,"8621,747,1069,0,92,180,180,0,1"
2026-08-01 05:49:46.071691,108.977,889,8636.000,903.000,1200.000,0.000,80.000,180.000,180.000,0.000,1.000,"8636,903,1200,0,80,180,180,0,1"
2026-08-01 05:49:46.175345,109.081,890,8651.000,988.000,1308.000,0.000,69.000,180.000,180.000,0.000,1.000,"8651,988,1308,0,69,180,180,0,1"
2026-08-01 05:49:46.278558,109.184,891,8669.000,1060.000,1403.000,0.000,59.000,180.000,180.000,0.000,1.000,"8669,1060,1403,0,59,180,180,0,1"
2026-08-01 05:49:46.382711,109.288,892,8687.000,1108.000,1473.000,0.000,48.000,180.000,180.000,0.000,1.000,"8687,1108,1473,0,48,180,180,0,1"
2026-08-01 05:49:46.485437,109.391,893,8705.000,1133.000,1520.000,0.000,37.000,180.000,180.000,0.000,1.000,"8705,1133,1520,0,37,180,180,0,1"
2026-08-01 05:49:46.589070,109.495,894,8723.000,1108.000,1531.000,0.000,23.000,180.000,180.000,0.000,1.000,"8723,1108,1531,0,23,180,180,0,1"
2026-08-01 05:49:46.693829,109.599,895,8741.000,1048.000,1512.000,0.000,8.000,180.000,180.000,0.000,1.000,"8741,1048,1512,0,8,180,180,0,1"
2026-08-01 05:49:46.796760,109.702,896,8759.000,1000.000,1471.000,0.000,-4.000,180.000,180.000,0.000,1.000,"8759,1000,1471,0,-4,180,180,0,1"
2026-08-01 05:49:46.900399,109.806,897,8774.000,903.000,1400.000,0.000,-18.000,180.000,180.000,0.000,1.000,"8774,903,1400,0,-18,180,180,0,1"
2026-08-01 05:49:47.004394,109.910,898,8789.000,795.000,1313.000,0.000,-29.000,180.000,180.000,0.000,1.000,"8789,795,1313,0,-29,180,180,0,1"
2026-08-01 05:49:47.107505,110.013,899,8804.000,566.000,1169.000,0.000,-49.000,180.000,180.000,0.000,1.000,"8804,566,1169,0,-49,180,180,0,1"
2026-08-01 05:49:47.212304,110.118,900,8819.000,494.000,1050.000,0.000,-54.000,180.000,180.000,0.000,1.000,"8819,494,1050,0,-54,180,180,0,1"
2026-08-01 05:49:47.316506,110.222,901,8834.000,337.000,912.000,0.000,-61.000,180.000,180.000,0.000,1.000,"8834,337,912,0,-61,180,180,0,1"
2026-08-01 05:49:47.419922,110.325,902,8849.000,168.000,756.000,0.000,-69.000,180.000,180.000,0.000,1.000,"8849,168,756,0,-69,180,180,0,1"
2026-08-01 05:49:47.522239,110.428,903,8863.000,-169.000,529.000,0.000,-90.000,180.000,180.000,0.000,1.000,"8863,-169,529,0,-90,180,180,0,1"
2026-08-01 05:49:47.626624,110.532,904,8880.000,-218.000,388.000,0.000,-81.000,180.000,180.000,0.000,1.000,"8880,-218,388,0,-81,180,180,0,1"
2026-08-01 05:49:47.730649,110.636,905,8898.000,-579.000,139.000,0.000,-102.000,180.000,180.000,0.000,1.000,"8898,-579,139,0,-102,180,180,0,1"
2026-08-01 05:49:47.834477,110.740,906,8916.000,-603.000,-84.000,0.000,-106.000,180.000,180.000,0.000,1.000,"8916,-603,-84,0,-106,180,180,0,1"
2026-08-01 05:49:47.937644,110.843,907,8930.000,-700.000,-185.000,0.000,-81.000,96.000,123.000,0.000,1.000,"8930,-700,-185,0,-81,96,123,0,1"
2026-08-01 05:49:48.040789,110.946,908,8952.000,-917.000,-357.000,0.000,-84.000,-32.000,33.000,0.000,1.000,"8952,-917,-357,0,-84,-32,33,0,1"
2026-08-01 05:49:48.145671,111.051,909,8969.000,-1025.000,-496.000,0.000,-77.000,-165.000,-57.000,0.000,1.000,"8969,-1025,-496,0,-77,-165,-57,0,1"
2026-08-01 05:49:48.249487,111.155,910,8994.000,-1025.000,-555.000,0.000,-55.000,-180.000,-147.000,0.000,1.000,"8994,-1025,-555,0,-55,-180,-147,0,1"
2026-08-01 05:49:48.353116,111.259,911,9008.000,-1037.000,-584.000,0.000,-37.000,-180.000,-180.000,0.000,1.000,"9008,-1037,-584,0,-37,-180,-180,0,1"
2026-08-01 05:49:48.456795,111.362,912,9029.000,-1013.000,-587.000,0.000,-21.000,-180.000,-180.000,0.000,1.000,"9029,-1013,-587,0,-21,-180,-180,0,1"
2026-08-01 05:49:48.560494,111.466,913,9047.000,-965.000,-564.000,0.000,-7.000,-180.000,-180.000,0.000,1.000,"9047,-965,-564,0,-7,-180,-180,0,1"
2026-08-01 05:49:48.664901,111.570,914,9065.000,-893.000,-513.000,0.000,7.000,-180.000,-180.000,0.000,1.000,"9065,-893,-513,0,7,-180,-180,0,1"
2026-08-01 05:49:48.767723,111.673,915,9083.000,-796.000,-438.000,0.000,20.000,-180.000,-180.000,0.000,1.000,"9083,-796,-438,0,20,-180,-180,0,1"
2026-08-01 05:49:48.871543,111.777,916,9101.000,-688.000,-344.000,0.000,31.000,-180.000,-180.000,0.000,1.000,"9101,-688,-344,0,31,-180,-180,0,1"
